Temperature,Humidity,LDR,Soil,Water,Air,Prediction,Confidence
30.9,58.3,2515,2422,1535,624,0,0.64981127
30.9,58.3,2705,2427,1535,647,0,0.62867355
30.9,58.3,2669,2421,1555,624,0,0.62867355
30.9,58.3,2785,2418,1557,623,0,0.62867355
30.9,58.3,2549,2420,1557,622,0,0.64981127
30.9,58.3,2641,2412,1561,622,0,0.62867355
30.8,58.3,2605,2422,1519,623,0,0.93156934
30.8,58.3,2771,2419,1563,622,0,0.61020875
30.8,58.3,2643,2417,1569,623,0,0.61020875
30.8,58.3,2559,2437,1568,619,0,0.6317819
30.8,58.3,2522,2410,1567,623,0,0.6317819
30.8,58.3,2713,2417,1567,619,0,0.61020875
30.8,58.3,2731,2415,1569,621,0,0.61020875
30.8,58.3,2509,2416,1570,624,0,0.62336564
30.9,58.3,2539,2422,1571,624,0,0.62336564
30.9,58.3,2640,2420,1529,621,0,0.92548865
30.9,58.3,2789,2417,1573,624,0,0.6016103
30.9,58.3,2588,2419,1581,619,0,0.62336564
30.9,58.3,2643,2433,1588,624,0,0.6016103
30.9,58.3,2551,2474,1557,623,0,0.64981127
30.9,58.3,2734,4095,2325,622,1,0.99417686
30.9,58.3,2690,4095,2365,624,1,0.99417686
30.9,58.3,2749,4095,2401,642,1,0.99417686
30.9,58.3,2526,4095,2423,647,1,0.9936213
30.9,58.3,2672,4095,2442,641,1,0.99417686
30.9,58.3,2787,4095,2453,641,1,0.99417686
30.8,58.3,2790,4095,2459,643,1,0.99417686
30.8,58.3,2624,4095,2461,642,1,0.9936213
30.8,58.3,2604,4095,2462,639,1,0.9936213
30.8,58.3,2770,4095,2462,652,1,0.99417686
30.8,58.3,2729,4095,2453,642,1,0.99417686
30.8,58.3,2711,4095,2449,639,1,0.99417686
30.8,58.3,2522,4095,2448,631,1,0.9936213
30.8,58.3,2708,2624,1823,637,0,0.5788274
30.8,58.3,2659,2796,1918,638,0,0.5788274
30.8,58.3,2785,2829,1914,615,0,0.5788274
30.8,58.3,2557,2854,1919,617,0,0.60100186
30.8,58.3,2631,2861,1881,617,0,0.5788274
30.9,58.3,2595,2849,1918,619,0,0.60100186
30.9,58.3,2754,4095,2457,621,1,0.99417686
30.9,58.3,2658,4095,2432,617,1,0.99417686
30.9,58.3,2559,4095,2407,640,1,0.9936213
30.8,58.3,2519,4095,2397,640,1,0.9936213
30.8,58.3,2702,4095,2389,640,1,0.99417686
30.8,58.3,2755,4095,2385,640,1,0.99417686
30.8,58.3,2521,4095,2384,640,1,0.9936213
30.9,58.3,2559,4095,2384,638,1,0.9936213
30.9,58.3,2634,2515,1574,640,0,0.6016103
30.9,58.3,2798,2912,1815,635,0,0.5788274
30.9,58.3,2605,2927,1814,619,0,0.60100186
30.9,58.3,2656,2928,1815,617,0,0.5788274
30.9,58.3,2544,2911,1810,618,0,0.60100186
30.9,58.3,2731,2905,1805,615,0,0.5788274
30.9,58.3,2692,2985,1923,619,0,0.5788274
30.8,58.2,2743,4095,2384,619,1,0.99417686
30.8,58.2,2515,4095,2364,619,1,0.9936213
30.8,58.2,2681,4095,2357,640,1,0.99417686
30.8,58.2,2777,4095,2345,637,1,0.99417686
30.8,58.3,2795,4095,2313,639,1,0.99417686
30.8,58.3,2603,4095,2321,640,1,0.9936213
30.8,58.3,2621,4095,2315,640,1,0.9936213
30.8,58.3,2790,4095,2304,640,1,0.99417686
30.9,58.3,2757,2559,1578,639,0,0.6016103
30.9,58.3,2682,2954,1771,635,0,0.5788274
30.9,58.3,2543,2956,1789,614,0,0.60100186
30.9,58.3,2732,2934,1795,653,0,0.5788274
30.9,58.3,2703,2922,1799,619,0,0.5788274
30.9,58.3,2743,2900,1803,617,0,0.5788274
30.9,58.3,2507,2870,1802,617,0,0.60100186
30.9,58.3,2679,3868,2215,618,1,0.9909203
30.9,58.3,2645,4095,2341,615,1,0.99417686
30.9,58.3,2798,4095,2327,641,1,0.99417686
30.9,58.3,2559,4095,2312,639,1,0.9936213
30.9,58.3,2640,4095,2302,641,1,0.99417686
30.9,58.3,2608,4095,2288,640,1,0.9936213
30.9,58.3,2769,4095,2280,636,1,0.99417686
30.9,58.3,2643,2800,1584,637,0,0.6016103
30.9,58.3,2594,3020,1713,634,0,0.60100186
30.8,58.3,2528,3006,1712,617,0,0.60100186
30.8,58.3,2718,2993,1711,619,0,0.5788274
30.8,58.3,2702,2969,1712,617,0,0.5788274
30.8,58.3,2525,2939,1714,607,0,0.60100186
30.9,58.3,2505,2915,1711,621,0,0.60100186
30.9,58.3,2675,2894,1712,619,0,0.5788274
30.9,58.3,2753,2993,1826,619,0,0.5788274
30.9,58.3,2510,4095,2315,623,1,0.9936213
30.8,58.3,2559,4095,2321,624,1,0.9936213
30.8,58.3,2645,4095,2349,646,1,0.99417686
30.8,58.3,2793,4095,2361,638,1,0.99417686
30.8,58.3,2559,4095,2372,640,1,0.9936213
30.9,58.3,2608,4095,2382,641,1,0.9936213
30.9,58.3,2609,4095,2385,639,1,0.9936213
30.9,58.3,2789,4095,2387,640,1,0.99417686
30.9,58.3,2618,4095,2383,640,1,0.9936213
30.9,58.3,2659,4095,2379,641,1,0.99417686
30.9,58.3,2559,4095,2374,640,1,0.9936213
30.9,58.3,2751,4095,2366,635,1,0.99417686
30.9,58.3,2672,4095,2359,634,1,0.99417686
30.8,58.3,2711,4095,2346,640,1,0.99417686
30.8,58.3,2527,4095,2336,638,1,0.9936213
30.8,58.3,2720,4095,2325,639,1,0.99417686
30.8,58.3,2718,4095,2311,635,1,0.99417686
30.9,58.4,2773,4095,2291,639,1,0.99417686
30.9,58.4,2523,4095,2283,636,1,0.9936213
30.9,58.4,2683,4095,2269,640,1,0.99417686
30.9,58.4,2768,4095,2256,585,1,0.99417686
30.9,58.4,2791,4095,2237,637,1,0.99417686
30.9,58.4,2559,4095,2224,633,1,0.9936213
30.9,58.4,2645,4095,2207,638,1,0.99417686
30.9,58.4,2795,4095,2192,637,1,0.99417686
30.9,58.5,2775,4095,2176,632,1,0.99417686
30.5,58.7,2736,2490,1224,730,0,0.9991334
30.5,58.7,2535,2486,1224,731,0,0.9992092
30.5,58.7,2595,2487,1222,787,0,0.9992092
30.5,58.7,2738,2486,1225,727,0,0.9991334
30.5,58.7,2681,2480,1232,730,0,0.9991334
30.5,58.7,2736,2480,1234,722,0,0.9991334
30.5,58.7,2522,2509,1251,725,0,0.9992092
30.5,58.7,2597,3517,1765,725,1,0.940471
30.5,58.7,2516,4095,2295,727,1,0.9936213
30.5,58.7,2683,4095,2306,750,1,0.99417686
30.5,58.7,2748,4095,2263,747,1,0.99417686
30.5,58.7,2541,4095,2189,750,1,0.9936213
30.5,58.8,2655,4095,2157,750,1,0.99417686
30.5,58.8,2517,4095,2133,743,1,0.9936213
30.5,58.8,2683,4095,2117,746,1,0.99417686
30.5,58.8,2754,2256,1075,746,0,0.9991334
30.5,58.8,2739,2639,1311,746,0,0.9991334
30.5,58.8,2646,2819,1403,720,0,0.9990785
30.5,58.8,2505,2852,1393,723,0,0.9992092
30.5,58.8,2668,2863,1389,722,0,0.9991334
30.5,58.8,2583,2867,1382,720,0,0.99915916
30.5,58.8,2736,2863,1366,720,0,0.9990785
30.5,58.8,2679,2863,1358,721,0,0.9991334
30.5,58.8,2489,2851,1339,720,0,0.99915916
30.4,58.8,2544,2833,1338,722,0,0.9992092
30.4,58.8,2559,2819,1331,723,0,0.9992092
30.4,58.8,2705,2801,1324,721,0,0.9991334
30.4,58.8,2720,2793,1316,720,0,0.9990785
30.5,58.8,2763,2780,1308,721,0,0.9991334
30.5,58.8,2622,2766,1298,722,0,0.9992092
30.5,58.8,2515,2738,1291,722,0,0.9992092
30.5,58.8,2677,2710,1282,720,0,0.9990785
30.5,58.8,2591,2693,1269,722,0,0.9992092
30.5,58.8,2740,2675,1278,724,0,0.9991334
30.5,58.8,2672,2660,1259,723,0,0.9991334
30.5,58.8,2494,2652,1255,723,0,0.9992092
30.5,58.8,2594,2645,1243,724,0,0.9992092
30.5,58.8,2551,2646,1238,723,0,0.9992092
30.5,58.8,2704,2639,1232,720,0,0.9990785
30.5,58.8,2730,2632,1222,720,0,0.9990785
30.5,58.8,2752,2623,1221,725,0,0.9991334
30.5,58.8,2640,2624,1213,723,0,0.9991334
30.5,58.8,2507,2615,1209,722,0,0.9992092
30.5,58.8,2665,2606,1209,699,0,0.9982432
30.5,58.8,2559,2594,1204,721,0,0.9992092
30.5,58.8,2725,2595,1202,720,0,0.9990785
30.5,58.8,2690,2587,1196,720,0,0.9990785
30.5,58.8,2494,2591,1191,722,0,0.9992092
30.4,58.8,2589,2587,1190,722,0,0.9992092
30.4,58.8,2549,2559,1184,720,0,0.99915916
30.4,58.8,2700,2559,1181,721,0,0.9991334
30.4,58.8,2733,2550,1175,720,0,0.9990785
30.4,58.8,2760,2545,1177,720,0,0.9990785
30.4,58.8,2634,2544,1175,720,0,0.9990785
30.9,54.9,2554,4095,758,1136,0,0.9976809
30.9,54.9,2455,4095,870,1152,0,0.9976809
30.9,54.9,2381,4095,1007,1187,0,0.9976809
30.9,54.9,2486,4095,1058,1214,0,0.9976809
30.9,54.9,2429,4095,688,1248,0,0.9976809
30.9,54.9,2530,4095,662,1269,0,0.9976809
30.9,54.9,2487,4095,759,1298,0,0.9976809
30.9,54.9,2369,4095,895,1313,0,0.9976809
31.0,54.9,2418,4095,799,1328,0,0.9976809
31.0,54.9,2395,4095,707,1334,0,0.9976809
31.0,54.9,2510,4095,701,1343,0,0.9976809
31.0,54.9,2527,4095,799,1355,0,0.9976809
31.0,54.9,2548,4095,969,1359,0,0.9976809
31.0,54.9,2463,4095,786,1364,0,0.9976809
31.0,54.9,2370,4095,714,1365,0,0.9976809
31.0,54.9,2471,4095,689,1379,0,0.9976809
31.0,54.9,2377,4095,1040,1394,0,0.9976809
31.0,54.9,2491,4095,1063,1392,0,0.9976809
31.0,54.9,2502,4095,839,1409,0,0.9976809
31.0,54.9,2367,4095,714,1414,0,0.9976809
31.0,54.9,2438,4095,0,1422,0,0.9976809
31.0,54.9,2366,4095,0,1425,0,0.9976809
31.0,54.9,2465,4095,0,1437,0,0.9976809
31.0,54.9,2537,4095,0,1441,0,0.9976809
31.0,54.9,2516,4095,0,1450,0,0.9976809
31.0,54.9,2450,4095,0,1456,0,0.9976809
31.0,54.9,2361,4095,0,1462,0,0.9976809
31.0,54.9,2384,4095,0,1469,0,0.9976809
31.0,54.8,2372,4095,0,1471,0,0.9976809
31.0,54.8,2483,4095,0,1471,0,0.9976809
31.0,54.8,2519,4095,0,1471,0,0.9976809
31.0,54.8,2390,4095,0,1469,0,0.9976809
31.0,54.9,2463,4095,0,1482,0,0.9976809
31.0,54.9,2352,4095,0,1484,0,0.9976809
31.0,54.9,2443,4095,0,1483,0,0.9976809
31.0,54.9,2521,4095,0,1490,0,0.9976809
31.0,54.8,2499,4095,0,1498,0,0.9976809
31.0,54.8,2512,4095,0,1491,0,0.9976809
31.0,54.8,2375,4095,0,1489,0,0.9976809
31.0,54.8,2416,4095,0,1493,0,0.9976809
31.0,54.9,2366,4095,0,1497,0,0.9976809
31.0,54.9,2477,4095,0,1503,0,0.9976809
31.0,54.9,2538,4095,0,1506,0,0.9976809
31.0,54.9,2412,4095,0,1510,0,0.9976809
31.0,54.9,2479,4095,0,1523,0,0.9976809
31.0,54.9,2359,4095,0,1520,0,0.9976809
31.0,54.9,2434,4095,0,1513,0,0.9976809
31.0,54.9,2533,4095,0,1511,0,0.9976809
31.0,54.9,2475,4095,0,1458,0,0.9976809
31.0,54.9,2471,4095,0,1485,0,0.9976809
31.0,54.9,2331,4095,0,1491,0,0.9976809
31.0,54.9,2365,4095,0,1494,0,0.9976809
31.0,54.8,2320,4095,0,1504,0,0.9976809
31.0,54.8,2446,4095,0,1514,0,0.9976809
31.0,54.8,2544,4095,0,1508,0,0.9976809
31.0,54.8,2422,4095,0,1505,0,0.9976809
31.0,54.9,2495,4095,0,1504,0,0.9976809
31.0,54.9,2307,4095,0,1409,0,0.9976809
31.0,54.9,2411,4095,0,1513,0,0.9976809
31.0,54.9,2481,4095,0,1517,0,0.9976809
31.0,54.8,2423,4095,0,1517,0,0.9976809
31.0,54.8,2480,4095,0,1514,0,0.9976809
31.0,54.8,2365,4095,0,1513,0,0.9976809
31.0,54.8,2350,4095,0,1513,0,0.9976809
31.0,54.8,2320,4095,0,1515,0,0.9976809
31.0,54.8,2447,4095,0,1520,0,0.9976809
31.0,54.8,2531,4095,0,1520,0,0.9976809
31.0,54.8,2421,4095,0,1523,0,0.9976809
31.0,54.8,2480,4095,0,1515,0,0.9976809
31.0,54.8,2335,4095,0,1518,0,0.9976809
31.0,54.8,2394,4095,0,1514,0,0.9976809
31.0,54.8,2517,4095,0,1520,0,0.9976809
31.0,54.8,2455,4095,0,1535,0,0.9976809
31.0,54.8,2410,4095,0,1520,0,0.9976809
31.0,54.8,2128,4095,0,1520,0,0.9976809
31.0,54.8,2188,4095,0,1488,0,0.9976809
31.1,54.9,2192,4095,0,1514,0,0.9976809
31.1,54.9,2267,4095,0,1513,0,0.9976809
31.1,54.9,2361,4095,0,1510,0,0.9976809
31.1,54.9,2282,4095,0,1511,0,0.9976809
31.0,54.8,2352,4095,0,1503,0,0.9976809
31.0,54.8,2205,4095,0,1498,0,0.9976809
31.0,54.8,2226,4095,0,1495,0,0.9976809
31.0,54.8,2301,4095,0,1511,0,0.9976809
31.0,54.8,2229,4095,0,1515,0,0.9976809
31.0,54.8,2370,4095,0,1517,0,0.9976809
31.0,54.8,2359,4095,0,1512,0,0.9976809
31.0,54.8,2366,4095,0,1521,0,0.9976809
31.0,54.8,2374,4095,0,1527,0,0.9976809
31.0,54.8,2447,4095,0,1532,0,0.9976809
31.0,54.8,2551,4095,0,1535,0,0.9976809
31.0,54.8,2471,4095,0,1535,0,0.9976809
31.0,54.8,2534,4095,0,1553,0,0.9976809
31.0,54.8,2399,4095,0,1535,0,0.9976809
31.0,54.8,2421,4095,0,1535,0,0.9976809
31.0,54.8,2537,4095,0,1552,0,0.9976809
31.0,54.8,2477,4095,0,1601,0,0.9976809
31.0,54.8,2549,4095,0,1554,0,0.9976809
31.0,54.8,2435,4095,0,1558,0,0.9976809
31.0,54.8,2398,4095,0,1594,0,0.9976809
31.0,54.9,2381,4095,0,1563,0,0.9976809
31.0,54.9,2445,4095,0,1564,0,0.9976809
31.0,54.9,2533,4095,0,1560,0,0.9976809
31.0,54.9,2418,4095,0,1561,0,0.9976809
31.1,54.9,2458,4095,0,1561,0,0.9976809
31.1,54.9,2393,4095,0,1562,0,0.9976809
31.1,54.9,2307,4095,0,1561,0,0.9976809
31.1,54.9,2410,4095,0,1565,0,0.9976809
31.0,54.9,2327,4095,0,1566,0,0.9976809
31.0,54.9,2359,4095,0,1568,0,0.9976809
31.0,54.9,2320,4095,0,1561,0,0.9976809
31.0,54.9,2225,4095,0,1558,0,0.9976809
31.1,54.9,2288,4095,0,1535,0,0.9976809
31.1,54.9,2247,4095,0,1535,0,0.9976809
31.1,54.9,2351,4095,0,1533,0,0.9976809
31.1,54.9,2419,4095,0,1531,0,0.9976809
31.0,54.9,2426,4095,0,1535,0,0.9976809
31.0,54.9,2399,4095,0,1535,0,0.9976809
31.0,54.9,2279,4095,0,1535,0,0.9976809
31.0,54.9,2275,4095,0,1535,0,0.9976809
31.1,54.9,2317,4095,0,1535,0,0.9976809
31.1,54.9,2385,4095,0,1534,0,0.9976809
31.1,54.9,2352,4095,0,1535,0,0.9976809
31.1,54.9,2347,4095,0,1535,0,0.9976809
31.1,54.9,2384,4095,0,1529,0,0.9976809
31.1,54.9,2290,4095,0,1527,0,0.9976809
31.1,54.9,2337,4095,0,1525,0,0.9976809
31.1,54.9,2418,4095,0,1525,0,0.9976809
31.1,54.9,2363,4095,0,1531,0,0.9976809
31.1,54.9,2453,4095,0,1526,0,0.9976809
31.1,54.9,2381,4095,0,1533,0,0.9976809
31.1,54.9,2322,4095,0,1534,0,0.9976809
31.0,54.8,2349,4095,0,1535,0,0.9976809
31.0,54.8,2362,4095,0,1535,0,0.9976809
31.0,54.8,2458,4095,0,1535,0,0.9976809
31.0,54.8,2435,4095,0,1564,0,0.9976809
31.1,54.9,2417,4095,0,1535,0,0.9976809
31.1,54.9,2338,4095,0,1535,0,0.9976809
31.1,54.9,2269,4095,0,1534,0,0.9976809
31.1,54.9,2366,4095,0,1525,0,0.9976809
31.1,54.9,2307,4095,0,1520,0,0.9976809
31.1,54.9,2417,4095,0,1513,0,0.9976809
31.1,54.9,2449,4095,0,1519,0,0.9976809
31.1,54.9,2343,4095,0,1520,0,0.9976809
31.1,54.9,2421,4095,338,1533,0,0.9976809
31.1,54.9,2309,4095,816,1535,0,0.9976809
31.1,54.9,2382,4095,979,1525,0,0.9976809
31.1,54.9,2467,4095,169,1530,0,0.9976809
31.1,54.9,2416,1718,0,1531,0,0.9992485
31.1,54.9,2458,709,0,1531,0,0.9992485
31.1,54.9,2352,685,0,1520,0,0.9992485
31.1,54.9,2314,694,0,1524,0,0.9992485
31.1,54.9,2305,707,0,1523,0,0.9992485
31.1,54.9,2353,807,0,1529,0,0.9992485
31.1,54.9,2465,1411,369,1535,0,0.9992485
31.1,54.9,2426,1494,441,1532,0,0.9992485
31.1,54.9,2471,1565,522,1531,0,0.9992485
31.1,54.9,2382,1607,575,1521,0,0.9992485
31.1,54.9,2308,1664,647,1520,0,0.9992485
31.1,54.9,2403,1727,690,1527,0,0.9992485
31.1,54.9,2332,1783,749,1526,0,0.9992485
31.1,54.9,2444,1843,799,1529,0,0.9992485
31.1,54.9,2448,1898,842,1530,0,0.9992485
31.1,54.9,2334,1936,893,1527,0,0.9992485
31.1,54.9,2413,1968,916,1532,0,0.9992485
31.1,54.9,2307,3019,1506,1525,0,0.9853469
31.1,54.9,2371,4095,2112,1520,1,0.98782384
31.1,54.9,2469,4095,2158,1520,1,0.98782384
31.1,54.9,2419,4095,2177,1527,1,0.98782384
31.1,54.9,2480,4095,2161,1531,1,0.98782384
31.1,54.9,2380,4095,2181,1523,1,0.98782384
31.1,54.9,2320,4095,2192,1535,1,0.98782384
31.1,54.9,2334,4095,2209,1511,1,0.98782384
31.1,54.9,2351,4095,2218,1520,1,0.98782384
31.1,54.9,2457,4095,2210,1519,1,0.98782384
31.1,54.9,2457,4095,2266,1515,1,0.98782384
31.1,54.9,2470,4095,1314,1514,0,0.9976809
31.1,54.9,2407,4095,1245,1508,0,0.9976809
31.1,54.9,2293,4095,1211,1492,0,0.9976809
31.1,54.9,2354,4095,1228,1491,0,0.9976809
31.1,54.9,2304,4095,1195,1494,0,0.9976809
31.1,54.9,2404,4095,2213,1503,1,0.98782384
31.1,54.9,2467,4095,2203,1503,1,0.98782384
31.1,54.9,2391,4095,2197,1525,1,0.98782384
31.0,54.8,2465,4095,2181,1530,1,0.98782384
31.0,54.8,2351,4095,2181,1527,1,0.98782384
31.0,54.8,2327,4095,2185,1579,1,0.98782384
31.0,54.8,2431,4095,2183,1520,1,0.98782384
31.1,54.9,2354,4095,2190,1531,1,0.98782384
31.1,54.9,2436,4095,1615,1535,1,0.9837241
31.1,54.9,2407,4095,1335,1527,0,0.9976809
31.1,54.9,2309,4095,1269,1525,0,0.9976809
31.1,54.9,2378,4095,1222,1516,0,0.9976809
31.1,54.9,2284,4095,1211,1508,0,0.9976809
31.1,54.9,2340,4095,1209,1518,0,0.9976809
31.1,54.9,2450,4095,2238,1516,1,0.98782384
31.1,54.9,2384,4095,2201,1515,1,0.98782384
31.1,54.9,2467,4095,2199,1534,1,0.98782384
31.1,54.9,2405,4095,2192,1533,1,0.98782384
31.1,54.9,2209,4095,1602,1533,1,0.9812144
31.1,54.9,2286,4095,1434,1535,0,0.9974406
31.1,54.9,2288,4095,1149,1533,0,0.9976809
31.1,54.9,2384,4095,1107,1510,0,0.9976809
31.1,54.9,2443,4095,823,1503,0,0.9976809
31.1,54.9,2409,4095,1126,1504,0,0.9976809
31.1,54.9,2422,4095,1202,1510,0,0.9976809
31.1,54.9,2299,4095,1109,1506,0,0.9976809
31.1,54.9,2263,4095,1104,1562,0,0.9976809
31.1,54.9,2304,4095,1102,1506,0,0.9976809
31.1,54.9,2374,4095,1097,1501,0,0.9976809
31.1,54.9,2477,4095,1093,1502,0,0.9976809
31.1,54.9,2481,4095,1089,1503,0,0.9976809
31.1,54.9,2506,4095,1086,1520,0,0.9976809
31.1,54.9,2400,4095,1084,1502,0,0.9976809
31.1,54.9,2321,4095,1081,1507,0,0.9976809
31.1,54.9,2417,4095,1079,1507,0,0.9976809
31.1,54.9,2352,4095,1077,1507,0,0.9976809
31.1,54.9,2458,4095,1075,1508,0,0.9976809
31.1,54.9,2475,4095,1077,1396,0,0.9976809
31.1,54.9,2351,4095,1287,1503,0,0.9976809
31.1,54.9,2415,4095,1387,1503,0,0.9976809
31.1,54.9,2307,4095,825,1502,0,0.9976809
31.1,54.9,2414,4095,1680,1499,1,0.98782384
31.1,54.9,2503,4095,1520,1499,0,0.51255834
31.1,54.9,2477,4095,1245,1513,0,0.9976809
31.1,54.9,2483,4095,1153,1574,0,0.9976809
31.1,54.9,2361,4095,1040,1484,0,0.9976809
31.1,54.9,2368,4095,1041,1488,0,0.9976809
31.2,54.8,2323,4095,1040,1488,0,0.9976809
31.2,54.8,2410,4095,1044,1488,0,0.9976809
31.2,54.8,2507,4095,1072,1488,0,0.9976809
31.2,54.8,2423,4095,1066,1491,0,0.9976809
31.2,54.8,2525,4095,1058,1489,0,0.9976809
31.2,54.8,2385,4095,1058,1488,0,0.9976809
31.2,54.8,2391,4095,1063,1486,0,0.9976809
31.2,54.8,2511,4095,1068,1489,0,0.9976809
31.1,54.8,2445,4095,1071,1489,0,0.9976809
31.1,54.8,2544,4095,1069,1498,0,0.9976809
31.1,54.8,2453,4095,1064,1489,0,0.9976809
31.1,54.8,2365,4095,1066,1500,0,0.9976809
31.1,54.9,2387,4095,1072,1493,0,0.9976809
31.1,54.9,2399,4095,1070,1489,0,0.9976809
31.1,54.9,2514,4095,1077,1488,0,0.9976809
31.1,54.9,2510,4095,1085,1502,0,0.9976809
31.2,54.9,2539,4095,1085,1473,0,0.9976809
31.2,54.9,2441,4095,1088,1471,0,0.9976809
31.2,54.9,2368,4095,1085,1467,0,0.9976809
31.2,54.9,2477,4095,1095,1459,0,0.9976809
31.1,54.9,2414,4095,1103,1462,0,0.9976809
31.1,54.9,2530,4095,1099,1451,0,0.9976809
31.1,54.9,2487,4095,1095,1455,0,0.9976809
31.1,54.9,2362,4095,1104,1457,0,0.9976809
31.1,54.8,2416,4095,1103,1459,0,0.9976809
31.1,54.8,2384,4095,1104,1463,0,0.9976809
31.1,54.8,2496,4095,1104,1466,0,0.9976809
31.1,54.8,2471,4095,1099,1474,0,0.9976809
31.1,54.8,2517,4095,1104,1474,0,0.9976809
31.1,54.8,2429,4095,1105,1472,0,0.9976809
31.1,54.8,2349,4095,1111,1467,0,0.9976809
31.1,54.8,2454,4095,1106,1457,0,0.9976809
31.2,54.9,2389,4095,1111,1461,0,0.9976809
31.2,54.9,2513,4095,1113,1457,0,0.9976809
31.2,54.9,2455,4095,1110,1456,0,0.9976809
31.2,54.9,2345,4095,1109,1460,0,0.9976809
31.2,54.8,2383,4095,1105,1461,0,0.9976809
31.2,54.8,2373,4095,1107,1463,0,0.9976809
31.2,54.8,2507,4095,1118,1461,0,0.9976809
31.2,54.8,2483,4095,1111,1459,0,0.9976809
31.1,54.8,2522,4095,1106,1459,0,0.9976809
31.1,54.8,2401,4095,1105,1459,0,0.9976809
31.1,54.8,2362,4095,1103,1461,0,0.9976809
31.1,54.8,2480,4095,1103,1456,0,0.9976809
31.1,54.8,2419,4095,1101,1453,0,0.9976809
31.1,54.8,2529,4095,1099,1447,0,0.9976809
31.1,54.8,2418,4095,1097,1555,0,0.9976809
31.1,54.8,2339,4095,1104,1447,0,0.9976809
31.1,54.8,2358,4095,1103,1439,0,0.9976809
31.1,54.8,2384,4095,1103,1422,0,0.9976809
31.1,54.8,2499,4095,1103,1439,0,0.9976809
31.1,54.8,2469,4095,1102,1430,0,0.9976809
31.1,54.8,2512,4095,1102,1438,0,0.9976809
31.1,54.8,2402,4095,1104,1431,0,0.9976809
31.1,54.8,2358,4095,1104,1434,0,0.9976809
31.1,54.8,2466,4095,1108,1434,0,0.9976809
31.2,54.8,2400,4095,1100,1434,0,0.9976809
31.2,54.8,2512,4095,1103,1437,0,0.9976809
31.2,54.8,2461,4095,1107,1441,0,0.9976809
31.2,54.8,2339,4095,1116,1444,0,0.9976809
31.1,54.8,2384,4095,1112,1446,0,0.9976809
31.1,54.8,2362,4095,1114,1445,0,0.9976809
31.1,54.8,2478,4095,1115,1447,0,0.9976809
31.1,54.8,2491,4095,1117,1443,0,0.9976809
31.1,54.8,2534,4095,1114,1447,0,0.9976809
31.1,54.8,2438,4095,1116,1450,0,0.9976809
31.1,54.8,2355,4095,1152,1450,0,0.9976809
31.1,54.8,2463,4095,1111,1445,0,0.9976809
31.1,54.8,2403,4095,1115,1441,0,0.9976809
31.1,54.8,2512,4095,1123,1441,0,0.9976809
31.1,54.8,2463,4095,1131,1446,0,0.9976809
31.1,54.8,2353,4095,1131,1427,0,0.9976809
31.1,54.9,2389,4095,1136,1424,0,0.9976809
31.1,54.9,2386,4095,1136,1424,0,0.9976809
31.1,54.9,2508,4095,1131,1417,0,0.9976809
31.1,54.9,2495,4095,1123,1417,0,0.9976809
31.1,54.9,2530,4095,1127,1423,0,0.9976809
31.1,54.9,2418,4095,1127,1425,0,0.9976809
31.1,54.9,2375,4095,1136,1423,0,0.9976809
31.1,54.9,2491,4095,1135,1427,0,0.9976809
31.1,54.9,2435,4095,1132,1424,0,0.9976809
31.1,54.9,2529,4095,1137,1425,0,0.9976809
31.1,54.9,2422,4095,1132,1430,0,0.9976809
31.1,54.9,2362,4095,1140,1437,0,0.9976809
31.1,54.9,2348,4095,1139,1440,0,0.9976809
31.1,54.9,2421,4095,1141,1443,0,0.9976809
31.1,54.9,2525,4095,1130,1445,0,0.9976809
31.1,54.9,2429,4095,1143,1451,0,0.9976809
31.1,54.9,2482,4095,1143,1461,0,0.9976809
31.1,54.9,2352,4095,1136,1452,0,0.9976809
31.1,54.9,2417,4095,1134,1454,0,0.9976809
31.1,54.9,2526,4095,1139,1442,0,0.9976809
31.1,54.9,2493,4095,1130,1457,0,0.9976809
31.1,54.9,2495,4095,1129,1451,0,0.9976809
31.1,54.9,2342,4095,1124,1453,0,0.9976809
31.1,54.9,2411,4095,1119,1455,0,0.9976809
31.1,54.9,2372,4095,1121,1449,0,0.9976809
31.1,54.9,2491,4095,1123,1441,0,0.9976809
31.1,54.9,2491,4095,1123,1447,0,0.9976809
31.1,54.9,2352,4095,1138,1445,0,0.9976809
31.1,54.9,2408,4095,1129,1450,0,0.9976809
31.1,54.9,2369,4095,1124,1442,0,0.9976809
31.1,54.9,2486,4095,1123,1445,0,0.9976809
31.1,54.9,2492,4095,1118,1439,0,0.9976809
31.1,54.9,2529,4095,1116,1449,0,0.9976809
31.1,54.9,2418,4095,1116,1447,0,0.9976809
31.1,54.9,2383,4095,1116,1450,0,0.9976809
31.1,54.9,2501,4095,1106,1442,0,0.9976809
31.1,54.9,2448,4095,1109,1434,0,0.9976809
31.1,54.9,2541,4095,1103,1430,0,0.9976809
31.1,54.9,2416,4095,1104,1435,0,0.9976809
31.1,54.9,2386,4095,1104,1435,0,0.9976809
31.1,54.9,2362,4095,1100,1441,0,0.9976809
31.1,54.9,2465,4095,1099,1441,0,0.9976809
31.1,54.9,2538,4095,1104,1435,0,0.9976809
31.1,54.9,2398,4095,1092,1432,0,0.9976809
31.1,54.9,2457,4095,1091,1439,0,0.9976809
31.1,54.9,2368,4095,1089,1435,0,0.9976809
31.1,54.9,2480,4095,1088,1438,0,0.9976809
31.1,54.9,2519,4095,1081,1409,0,0.9976809
31.1,54.9,2543,4095,1078,1441,0,0.9976809
31.1,54.9,2433,4095,1076,1443,0,0.9976809
31.1,54.9,2384,4095,1073,1445,0,0.9976809
31.1,54.9,2511,4095,1077,1443,0,0.9976809
31.1,54.9,2463,4095,1079,1456,0,0.9976809
31.1,54.9,2534,4095,1074,1450,0,0.9976809
31.1,54.9,2391,4095,1077,1444,0,0.9976809
31.1,54.9,2403,4095,1077,1439,0,0.9976809
31.1,54.9,2320,4095,1077,1441,0,0.9976809
31.1,54.9,2480,4095,1079,1443,0,0.9976809
31.1,54.9,2510,4095,1079,1446,0,0.9976809
31.1,54.9,2366,4095,1079,1444,0,0.9976809
31.1,54.9,2415,4095,1075,1442,0,0.9976809
31.1,54.9,2386,4095,1073,1440,0,0.9976809
31.1,54.9,2515,4095,1072,1442,0,0.9976809
31.1,54.9,2487,4095,1072,1427,0,0.9976809
31.1,54.9,2526,4095,1069,1437,0,0.9976809
31.1,54.9,2390,4095,1068,1431,0,0.9976809
31.1,54.9,2410,4095,1068,1434,0,0.9976809
31.1,54.9,2532,4095,1066,1433,0,0.9976809
31.1,54.9,2491,4095,1067,1434,0,0.9976809
31.1,54.9,2521,4095,1063,1424,0,0.9976809
31.1,54.9,2381,4095,1051,1428,0,0.9976809
31.1,54.9,2415,4095,1047,1434,0,0.9976809
31.1,54.9,2375,4095,1041,1427,0,0.9976809
31.1,54.9,2489,4095,1049,1424,0,0.9976809
31.1,54.9,2517,4095,1053,1425,0,0.9976809
31.1,54.9,2378,4095,1065,1424,0,0.9976809
31.1,54.9,2437,4095,1063,1457,0,0.9976809
31.1,54.9,2375,4095,1045,1426,0,0.9976809
31.1,54.9,2490,4095,1045,1435,0,0.9976809
31.1,54.9,2519,4095,1049,1429,0,0.9976809
31.1,54.9,2542,4095,1043,1429,0,0.9976809
31.1,54.9,2453,4095,1039,1428,0,0.9976809
31.1,54.9,2368,4095,1040,1425,0,0.9976809
31.1,54.9,2477,4095,1040,1421,0,0.9976809
31.1,55.0,2416,4095,1023,1421,0,0.9976809
31.1,55.0,2534,4095,1034,1422,0,0.9976809
31.1,55.0,2475,4095,1023,1423,0,0.9976809
31.1,55.0,2366,4095,1040,1423,0,0.9976809
31.1,55.0,2401,4095,1023,1424,0,0.9976809
31.1,55.0,2400,4095,1023,1422,0,0.9976809
31.1,55.0,2515,4095,1018,1422,0,0.9976809
31.1,55.0,2485,4095,1019,1424,0,0.9976809
31.1,54.9,2513,4095,1013,1424,0,0.9976809
31.1,54.9,2398,4095,1006,1424,0,0.9976809
31.1,54.9,2368,4095,1010,1428,0,0.9976809
31.1,54.9,2496,4095,1009,1422,0,0.9976809
31.1,55.0,2433,4095,1006,1424,0,0.9976809
31.1,55.0,2534,4095,995,1425,0,0.9976809
31.1,55.0,2430,4095,993,1455,0,0.9976809
31.1,55.0,2367,4095,993,1424,0,0.9976809
31.1,55.0,2363,4095,987,1426,0,0.9976809
31.1,55.0,2416,4095,987,1413,0,0.9976809
31.1,55.0,2526,4095,981,1422,0,0.9976809
31.1,55.0,2451,4095,983,1417,0,0.9976809
31.1,55.0,2513,4095,976,1422,0,0.9976809
31.1,55.0,2379,4095,973,1445,0,0.9976809
31.1,55.0,2389,4095,971,1418,0,0.9976809
31.1,55.0,2512,4095,967,1422,0,0.9976809
31.1,55.0,2447,4095,972,1418,0,0.9976809
31.1,55.0,2525,4095,973,1414,0,0.9976809
31.1,55.0,2416,4095,969,1409,0,0.9976809
31.1,55.0,2368,4095,968,1410,0,0.9976809
31.1,55.0,2357,4095,962,1405,0,0.9976809
31.1,55.0,2430,4095,961,1407,0,0.9976809
31.1,55.0,2527,4095,951,1410,0,0.9976809
31.1,55.0,2455,4095,954,1408,0,0.9976809
31.1,55.0,2519,4095,946,1411,0,0.9976809
31.1,55.0,2386,4095,945,1413,0,0.9976809
31.1,55.0,2384,4095,944,1434,0,0.9976809
31.1,55.0,2498,4095,944,1415,0,0.9976809
31.1,55.0,2432,4095,944,1414,0,0.9976809
31.1,55.0,2531,4095,942,1417,0,0.9976809
31.1,55.0,2429,4095,943,1413,0,0.9976809
31.1,55.0,2362,4095,943,1410,0,0.9976809
31.1,55.0,2367,4095,941,1441,0,0.9976809
31.1,55.0,2407,4095,942,1407,0,0.9976809
31.1,55.0,2517,4095,938,1409,0,0.9976809
31.1,55.0,2469,4095,935,1406,0,0.9976809
31.1,55.0,2512,4095,935,1467,0,0.9976809
31.1,55.0,2389,4095,934,1408,0,0.9976809
31.1,55.0,2379,4095,931,1410,0,0.9976809
31.1,55.0,2495,4095,932,1408,0,0.9976809
31.1,54.9,2437,4095,935,1399,0,0.9976809
31.1,54.9,2532,4095,922,1392,0,0.9976809
31.1,54.9,2443,4095,931,1392,0,0.9976809
31.1,54.9,2355,4095,929,1393,0,0.9976809
31.1,54.9,2369,4095,925,1390,0,0.9976809
31.1,54.9,2397,4095,927,1383,0,0.9976809
31.1,54.9,2512,4095,923,1379,0,0.9976809
31.1,54.9,2485,4095,920,1392,0,0.9976809
31.1,55.0,2530,4095,922,1397,0,0.9976809
31.1,55.0,2421,4095,928,1380,0,0.9976809
31.1,55.0,2367,4095,923,1394,0,0.9976809
31.1,55.0,2478,4095,921,1393,0,0.9976809
31.1,54.9,2426,4095,912,1397,0,0.9976809
31.1,54.9,2537,4095,917,1365,0,0.9976809
31.1,54.9,2481,4095,913,1392,0,0.9976809
31.1,54.9,2374,4095,911,1392,0,0.9976809
31.1,55.0,2406,4095,907,1392,0,0.9976809
31.1,55.0,2373,4095,903,1386,0,0.9976809
31.1,55.0,2466,4095,902,1390,0,0.9976809
31.1,55.0,2495,4095,903,1389,0,0.9976809
31.1,55.0,2495,4095,910,1381,0,0.9976809
31.1,55.0,2429,4095,907,1381,0,0.9976809
31.1,55.0,2319,4095,900,1380,0,0.9976809
31.1,55.0,2414,4095,903,1383,0,0.9976809
31.1,55.0,2349,4095,895,1390,0,0.9976809
31.1,55.0,2459,4095,887,1377,0,0.9976809
31.1,55.0,2479,4095,885,1379,0,0.9976809
31.1,55.0,2354,4095,886,1385,0,0.9976809
31.1,55.0,2455,4095,886,1383,0,0.9976809
31.1,55.0,2351,4095,889,1385,0,0.9976809
31.1,55.0,2433,4095,886,1378,0,0.9976809
31.1,55.0,2523,4095,883,1373,0,0.9976809
31.1,55.0,2470,4095,885,1380,0,0.9976809
31.1,55.0,2495,4095,885,1379,0,0.9976809
31.1,55.0,2373,4095,884,1384,0,0.9976809
31.1,55.0,2382,4095,888,1391,0,0.9976809
31.1,55.0,2347,4095,880,1391,0,0.9976809
31.1,55.0,2426,4095,880,1387,0,0.9976809
31.1,55.0,2511,4095,881,1386,0,0.9976809
31.1,55.0,2446,4095,880,1383,0,0.9976809
31.1,54.9,2506,4095,883,1362,0,0.9976809
31.1,54.9,2389,4095,881,1377,0,0.9976809
31.1,54.9,2372,4095,879,1374,0,0.9976809
31.1,54.9,2482,4095,880,1372,0,0.9976809
31.1,54.9,2418,4095,878,1373,0,0.9976809
31.1,54.9,2513,4095,875,1375,0,0.9976809
31.1,54.9,2469,4095,870,1360,0,0.9976809
31.1,54.9,2357,4095,866,1370,0,0.9976809
31.2,54.9,2421,4095,867,1369,0,0.9976809
31.2,54.9,2320,4095,874,1373,0,0.9976809
31.2,54.9,2448,4095,869,1361,0,0.9976809
31.2,54.9,2519,4095,870,1366,0,0.9976809
31.1,55.0,2509,4095,871,1287,0,0.9976809
31.1,55.0,2480,4095,868,1351,0,0.9976809
31.1,55.0,2352,4095,862,1352,0,0.9976809
31.1,55.0,2412,4095,862,1344,0,0.9976809
31.1,55.0,2355,4095,866,1361,0,0.9976809
31.1,55.0,2461,4095,869,1334,0,0.9976809
31.1,55.0,2527,4095,866,1329,0,0.9976809
31.1,55.0,2427,4095,862,1331,0,0.9976809
31.1,54.9,2496,4095,861,1334,0,0.9976809
31.1,54.9,2369,4095,860,1327,0,0.9976809
31.3,54.8,2189,4095,0,786,0,0.9975599
31.3,54.8,2260,4095,0,787,0,0.9975599
31.3,54.8,2166,4095,0,784,0,0.9975599
31.3,54.8,2078,4095,0,784,0,0.9975599
31.3,54.8,2112,4095,0,785,0,0.9975599
31.3,54.8,2106,4095,0,785,0,0.9975599
31.3,54.8,2205,4095,0,784,0,0.9975599
31.3,54.8,2221,4095,0,786,0,0.9975599
31.3,54.8,2210,4095,0,788,0,0.9975599
31.3,54.8,2145,4095,0,791,0,0.9975599
31.3,54.8,2038,4095,0,784,0,0.9975599
31.3,54.8,2128,4095,0,799,0,0.9975599
31.3,54.7,2070,4095,0,793,0,0.9975599
31.3,54.7,2175,4095,0,791,0,0.9975599
31.3,54.7,2207,4095,0,791,0,0.9975599
31.3,54.7,2073,4095,0,775,0,0.9975599
31.3,54.7,2157,4095,0,799,0,0.9975599
31.3,54.7,2043,4095,0,795,0,0.9975599
31.3,54.7,2129,4095,0,784,0,0.9975599
31.3,54.7,2232,4095,0,783,0,0.9975599
31.3,54.8,2170,4095,0,793,0,0.9975599
31.3,54.8,2210,4095,0,785,0,0.9975599
31.3,54.8,2083,4095,0,845,0,0.9975599
31.3,54.8,2087,4095,0,794,0,0.9975599
31.3,54.8,2047,4095,0,789,0,0.9975599
31.3,54.8,2132,4095,0,783,0,0.9975599
31.3,54.8,2247,4095,0,782,0,0.9975599
31.3,54.8,2175,4095,0,775,0,0.9975599
31.3,54.8,2240,4095,0,768,0,0.9975599
31.3,54.8,2112,4095,0,764,0,0.9975599
31.3,54.8,2096,4095,0,774,0,0.9975599
31.3,54.8,2177,4095,0,780,0,0.9975599
31.3,54.8,2101,4095,0,784,0,0.9975599
31.3,54.8,2210,4095,0,783,0,0.9975599
31.3,54.8,2192,4095,0,783,0,0.9975599
31.3,54.8,2067,4095,0,720,0,0.9974057
31.3,54.8,2176,4095,0,779,0,0.9975599
31.3,54.8,2064,4095,0,783,0,0.9975599
31.3,54.8,2102,4095,0,778,0,0.9975599
31.3,54.8,2232,4095,0,778,0,0.9975599
31.3,54.7,2161,4095,0,780,0,0.9975599
31.3,54.7,2240,4095,0,778,0,0.9975599
31.3,54.7,2067,4095,0,770,0,0.9975599
31.3,54.7,1914,4095,0,767,0,0.9975599
31.3,54.7,2081,4095,0,765,0,0.9975599
31.3,54.7,2074,4095,0,762,0,0.9975599
31.3,54.7,2169,4095,0,766,0,0.9975599
31.3,54.7,2239,4095,0,766,0,0.9975599
31.3,54.8,2191,4095,0,770,0,0.9975599
31.3,54.8,2219,4095,0,767,0,0.9975599
31.3,54.8,2099,4095,0,765,0,0.9975599
31.3,54.8,2094,4095,0,766,0,0.9975599
31.3,54.8,2073,4095,0,770,0,0.9975599
31.3,54.8,2119,4095,0,769,0,0.9975599
31.3,54.8,2219,4095,0,768,0,0.9975599
31.3,54.8,2209,4095,0,775,0,0.9975599
31.3,54.7,2240,4095,0,783,0,0.9975599
31.3,54.7,2156,4095,0,775,0,0.9975599
31.3,54.7,2038,4095,0,783,0,0.9975599
31.3,54.7,2000,4095,0,782,0,0.9975599
31.3,54.7,1947,4095,0,784,0,0.9975599
31.3,54.7,2158,4095,0,787,0,0.9975599
31.3,54.7,2234,4095,0,783,0,0.9975599
31.3,54.7,2119,4095,0,784,0,0.9975599
31.3,54.7,2198,4095,0,784,0,0.9975599
31.3,54.7,2047,4095,0,786,0,0.9975599
31.3,54.7,437,4095,0,784,0,0.9975599
31.3,54.7,398,4095,0,805,0,0.9975599
31.3,54.7,506,4095,0,815,0,0.9975599
31.3,54.7,464,4095,0,814,0,0.9975599
31.3,54.7,2149,4095,0,811,0,0.9975599
31.3,54.7,2030,4095,0,806,0,0.9975599
31.3,54.7,2112,4095,0,815,0,0.9975599
31.3,54.7,2069,4095,0,815,0,0.9975599
31.3,54.7,2066,4095,0,809,0,0.9975599
31.3,54.7,2170,4095,0,805,0,0.9975599
31.3,54.7,2176,4095,7,801,0,0.9975599
31.3,54.7,2133,709,0,803,0,0.9992092
31.3,54.7,2031,697,0,803,0,0.9992092
31.3,54.7,1982,691,0,800,0,0.9992092
31.3,54.7,1990,721,0,807,0,0.9992092
31.3,54.7,2000,693,0,807,0,0.9992092
31.3,54.7,2101,703,0,811,0,0.9992092
31.3,54.7,2122,724,0,805,0,0.9992092
31.3,54.7,2101,732,0,804,0,0.9992092
31.3,54.7,2026,731,0,805,0,0.9992092
31.3,54.7,1925,734,0,812,0,0.9992092
31.3,54.7,1955,4095,0,807,0,0.9975599
31.3,54.7,1939,4095,0,805,0,0.9975599
31.3,54.7,1998,4095,0,799,0,0.9975599
31.3,54.7,2082,4095,0,796,0,0.9975599
31.3,54.7,2066,1441,0,801,0,0.9992092
31.3,54.7,2076,739,0,801,0,0.9992092
31.3,54.7,2015,715,0,787,0,0.9992092
31.3,54.7,1924,720,0,796,0,0.9992092
31.3,54.7,1963,725,0,800,0,0.9992092
31.3,54.7,1921,719,0,801,0,0.9992092
31.3,54.7,1984,707,0,791,0,0.9992092
31.3,54.7,2070,713,0,809,0,0.9992092
31.3,54.7,2059,720,0,811,0,0.9992092
31.3,54.7,2061,727,0,811,0,0.9992092
31.3,54.7,2007,719,0,813,0,0.9992092
31.3,54.7,1907,880,0,813,0,0.9992092
31.3,54.7,1949,1325,587,816,0,0.9992092
31.3,54.7,1895,1398,725,818,0,0.9992092
31.3,54.7,1947,1462,814,818,0,0.9992092
31.3,54.7,2032,1555,885,822,0,0.9992092
31.3,54.7,2000,1679,962,822,0,0.9992092
31.3,54.7,2071,1819,1010,827,0,0.9992092
31.3,54.7,2014,1957,1051,827,0,0.9992092
31.3,54.7,1930,1965,1088,827,0,0.9992092
31.3,54.7,1965,1954,1127,823,0,0.9992092
31.3,54.7,1918,2000,1152,829,0,0.9992092
31.3,54.7,1969,2027,1162,831,0,0.9992092
31.3,54.7,2065,2045,1174,829,0,0.9992092
31.3,54.7,2043,2062,1189,827,0,0.9992092
31.3,54.7,2082,1990,1113,825,0,0.9992092
31.3,54.7,2071,4095,2000,825,1,0.9936213
31.3,54.7,1949,4095,1875,827,1,0.9936213
31.3,54.7,1986,4095,1867,835,1,0.9936213
31.3,54.7,1984,4095,1812,833,1,0.9936213
31.3,54.7,2031,4095,1750,828,1,0.9936213
31.3,54.7,2091,4095,1856,823,1,0.9936213
31.3,54.7,2145,4095,1598,829,1,0.99012744
31.3,54.7,2140,4095,1563,816,1,0.9877984
31.3,54.7,2161,4095,1534,819,1,0.646142
31.3,54.7,2026,4095,1447,816,0,0.9973071
31.3,54.7,2021,4095,1393,816,0,0.9975599
31.3,54.7,1647,4095,1325,806,0,0.9975599
31.3,54.7,1343,4095,1307,807,0,0.9975599
31.3,54.7,1265,4095,1298,801,0,0.9975599
31.3,54.7,1573,4095,1291,811,0,0.9975599
31.3,54.8,2183,4095,1291,813,0,0.9975599
31.3,54.8,2317,4095,1294,814,0,0.9975599
31.3,54.8,2240,4095,1276,786,0,0.9975599
31.3,54.8,2141,4095,1280,791,0,0.9975599
31.3,54.8,2245,4095,1267,796,0,0.9975599
31.3,54.8,2145,4095,1269,789,0,0.9975599
31.3,54.8,2195,4095,1268,795,0,0.9975599
31.3,54.8,2282,4095,1267,793,0,0.9975599
31.3,54.8,2189,4095,1266,796,0,0.9975599
31.3,54.8,2285,4095,1264,718,0,0.9974057
31.3,54.8,2290,4095,1265,799,0,0.9975599
31.3,54.8,2193,4095,1263,799,0,0.9975599
31.3,54.7,2294,4095,1265,799,0,0.9975599
31.3,54.7,2197,4095,1267,802,0,0.9975599
31.3,54.7,2145,4095,1264,799,0,0.9975599
31.3,54.7,2218,4095,1261,802,0,0.9975599
31.3,54.7,2147,4095,1260,818,0,0.9975599
31.3,54.7,2220,4095,1268,804,0,0.9975599
31.3,54.7,2304,4095,1270,805,0,0.9975599
31.3,54.7,2282,4095,1278,794,0,0.9975599
31.3,54.7,2301,4095,1284,790,0,0.9975599
31.3,54.7,2279,4095,1281,785,0,0.9975599
31.3,54.7,2176,4095,1280,787,0,0.9975599
31.3,54.7,2153,4095,1278,793,0,0.9975599
31.3,54.7,2170,4095,1267,796,0,0.9975599
31.3,54.7,2158,4095,1362,795,0,0.9975599
31.3,54.7,2229,4095,1269,794,0,0.9975599
31.3,54.7,2306,4095,1269,785,0,0.9975599
31.3,54.7,2234,4095,1264,790,0,0.9975599
31.3,54.7,2307,4095,1264,788,0,0.9975599
31.3,54.7,2260,4095,1262,793,0,0.9975599
31.3,54.7,2160,4095,1248,791,0,0.9975599
31.3,54.7,2256,4095,1261,795,0,0.9975599
31.3,54.7,2154,4095,1261,795,0,0.9975599
31.3,54.7,2166,4095,1257,799,0,0.9975599
31.3,54.7,2250,4095,1296,802,0,0.9975599
31.3,54.7,2170,4095,1258,807,0,0.9975599
31.3,54.7,2256,4095,1252,802,0,0.9975599
31.3,54.7,2313,4095,1251,803,0,0.9975599
31.3,54.7,2243,4095,1251,801,0,0.9975599
31.3,54.6,2309,4095,1245,804,0,0.9975599
31.3,54.6,2235,4095,1245,799,0,0.9975599
31.3,54.6,2143,4095,1186,805,0,0.9975599
31.3,54.6,2181,4095,1243,801,0,0.9975599
31.3,54.7,2142,4095,1239,799,0,0.9975599
31.3,54.7,2178,4095,1234,798,0,0.9975599
31.3,54.7,2263,4095,1235,800,0,0.9975599
31.3,54.7,2300,4095,1237,802,0,0.9975599
31.3,54.7,2284,4095,1235,809,0,0.9975599
31.3,54.7,2304,4095,1231,810,0,0.9975599
31.3,54.7,2220,4095,1232,808,0,0.9975599
31.3,54.7,2146,4095,1232,802,0,0.9975599
31.3,54.7,2208,4095,1232,791,0,0.9975599
31.3,54.7,2141,4095,1229,790,0,0.9975599
31.3,54.7,2207,4095,1229,790,0,0.9975599
31.3,54.7,2297,4095,1227,793,0,0.9975599
31.3,54.7,2211,4095,1226,791,0,0.9975599
31.3,54.7,2287,4095,1228,787,0,0.9975599
31.3,54.7,2277,4095,1226,788,0,0.9975599
31.3,54.7,2179,4095,1227,789,0,0.9975599
31.3,54.6,2259,4095,1223,787,0,0.9975599
31.3,54.6,2159,4095,1226,788,0,0.9975599
31.3,54.6,2113,4095,1227,791,0,0.9975599
31.3,54.6,2224,4095,1228,794,0,0.9975599
31.3,54.7,2159,4095,1223,798,0,0.9975599
31.3,54.7,2235,4095,1214,797,0,0.9975599
31.3,54.7,2285,4095,1218,801,0,0.9975599
31.3,54.7,2224,4095,1221,697,0,0.9950616
31.3,54.7,2296,4095,1219,798,0,0.9975599
31.3,54.7,2226,4095,1217,798,0,0.9975599
31.3,54.7,2127,4095,1219,798,0,0.9975599
31.3,54.7,2178,4095,1214,806,0,0.9975599
31.3,54.7,2127,4095,1216,807,0,0.9975599
31.3,54.7,2195,4095,1216,802,0,0.9975599
31.3,54.7,2288,4095,1215,822,0,0.9975599
31.3,54.7,2266,4095,1214,806,0,0.9975599
31.3,54.7,2294,4095,1211,800,0,0.9975599
31.3,54.7,2245,4095,1213,798,0,0.9975599
31.3,54.7,2160,4095,1211,795,0,0.9975599
31.3,54.7,2165,4095,1200,799,0,0.9975599
31.3,54.7,2146,4095,1210,796,0,0.9975599
31.3,54.7,2170,4095,1206,785,0,0.9975599
31.3,54.7,2265,4095,1209,784,0,0.9975599
31.3,54.7,2305,4095,1205,784,0,0.9975599
31.3,54.7,2283,4095,1202,805,0,0.9975599
31.3,54.7,2293,4095,1200,786,0,0.9975599
31.3,54.7,2176,4095,1200,784,0,0.9975599
31.3,54.7,2141,4095,1199,794,0,0.9975599
31.3,54.7,2162,4095,1199,790,0,0.9975599
31.3,54.7,2139,4095,1198,784,0,0.9975599
31.3,54.7,2239,4095,1196,784,0,0.9975599
31.3,54.7,2311,4095,1194,784,0,0.9975599
31.3,54.6,2254,4095,1191,785,0,0.9975599
31.3,54.6,2307,4095,1189,783,0,0.9975599
31.3,54.6,2225,4095,1186,789,0,0.9975599
31.3,54.6,2134,4095,1186,794,0,0.9975599
31.3,54.6,2158,4095,1183,785,0,0.9975599
31.3,54.6,2074,4095,1271,780,0,0.9975599
31.3,54.6,2115,4095,1239,783,0,0.9975599
31.3,54.6,2146,4095,1230,778,0,0.9975599
31.3,54.6,2083,4095,1239,769,0,0.9975599
31.3,54.6,2192,1517,909,770,0,0.9992092
31.3,54.6,2150,1600,914,766,0,0.9992092
31.3,54.6,2065,1679,960,767,0,0.9992092
31.3,54.6,2127,1773,976,767,0,0.9992092
31.3,54.6,2039,1922,1072,759,0,0.9992092
31.3,54.6,2108,2011,1151,763,0,0.9992092
31.3,54.6,2140,3141,1818,763,1,0.8520902
31.3,54.7,2083,4095,1971,771,1,0.9936213
31.3,54.7,2178,4095,1044,784,0,0.9975599
31.3,54.7,2102,4095,1805,781,1,0.9936213
31.3,54.7,1968,4095,1662,755,1,0.99229115
31.3,54.7,2128,4095,1573,784,1,0.99012744
31.3,54.7,2066,4095,1518,784,0,0.5554425
31.3,54.7,2099,4095,1488,787,0,0.9973071
31.3,54.7,2192,4095,1456,765,0,0.9973071
31.3,54.7,2096,4095,1446,770,0,0.9973071
31.3,54.7,2194,4095,1431,770,0,0.9973071
31.3,54.7,2178,4095,1422,778,0,0.9975599
31.3,54.7,2070,4095,1411,779,0,0.9975599
31.3,54.7,2165,4095,1407,794,0,0.9975599
31.3,54.7,2058,4095,1401,818,0,0.9975599
31.3,54.7,2078,4095,1395,785,0,0.9975599
31.3,54.7,2171,4095,1407,789,0,0.9975599
31.3,54.7,2093,4095,1389,794,0,0.9975599
31.3,54.7,2185,4095,1386,797,0,0.9975599
31.3,54.7,2203,4095,1381,799,0,0.9975599
31.3,54.7,2096,4095,1381,801,0,0.9975599
31.3,54.6,2030,4095,1373,799,0,0.9975599
31.3,54.6,1968,4095,1410,802,0,0.9975599
31.3,54.6,1795,4095,1442,801,0,0.9973071
31.3,54.6,1905,4095,1457,816,0,0.9973071
31.3,54.6,1901,1557,243,755,0,0.9992092
31.3,54.6,1979,1487,1081,822,0,0.9992092
31.3,54.6,1997,1520,1011,817,0,0.9992092
31.3,54.6,1933,1623,1079,807,0,0.9992092
31.3,54.7,2034,1795,1185,797,0,0.9992092
31.3,54.7,1975,1962,1265,785,0,0.9992092
31.3,54.7,1921,4095,2115,784,1,0.9936213
31.3,54.7,2013,4095,1929,784,1,0.9936213
31.3,54.7,1997,4095,1805,815,1,0.9936213
31.3,54.7,2064,4095,1701,815,1,0.9936213
31.3,54.7,2121,4095,1630,815,1,0.9914567
31.3,54.7,2092,4095,1591,814,1,0.99012744
31.3,54.7,2154,4095,1563,830,1,0.9877984
31.3,54.7,2081,4095,1555,859,1,0.9854982
31.3,54.7,1985,4095,1530,821,1,0.646142
31.3,54.7,2046,4095,1488,824,0,0.9973071
31.3,54.7,1989,4095,1519,823,0,0.5554425
31.3,54.7,2021,4095,1519,810,0,0.5554425
31.3,54.7,2114,3328,1476,808,0,0.99821746
31.3,54.7,2113,1523,962,816,0,0.9992092
31.3,54.7,2160,1572,1004,816,0,0.9992092
31.3,54.7,2096,1798,1071,814,0,0.9992092
31.3,54.7,1967,4095,2000,816,1,0.9936213
31.3,54.7,2019,4095,1875,816,1,0.9936213
31.3,54.7,1989,4095,1747,840,1,0.9936213
31.3,54.7,2068,4095,1623,832,1,0.9914567
31.3,54.7,2142,954,1567,816,0,0.6317819
31.3,54.7,2098,875,1523,813,0,0.96506053
31.3,54.6,2112,1178,1484,790,0,0.99912715
31.3,54.6,2037,4095,1471,790,0,0.9973071
31.3,54.6,1961,4095,1459,790,0,0.9973071
31.3,54.6,2015,4095,1453,794,0,0.9973071
31.4,54.6,1962,4095,1486,774,0,0.9973071
31.4,54.6,2032,4095,2319,789,1,0.9936213
31.4,54.6,2125,3571,1805,786,1,0.940471
31.4,54.6,2094,1663,911,811,0,0.9992092
31.3,54.4,2154,1771,999,811,0,0.9992092
31.3,54.4,2008,4095,2183,783,1,0.9936213
31.3,54.4,1950,4095,2191,778,1,0.9936213
31.3,54.4,2039,4095,2190,790,1,0.9936213
31.4,54.3,1981,4095,2189,788,1,0.9936213
31.4,54.3,2074,4095,2197,787,1,0.9936213
31.4,54.3,2154,1715,916,787,0,0.9992092
31.4,54.3,2064,1915,1088,795,0,0.9992092
31.4,54.3,2126,2097,1216,784,0,0.9992092
31.4,54.3,2006,2150,1257,777,0,0.9992092
31.4,54.3,1987,2162,1276,779,0,0.9992092
31.4,54.3,2090,2181,1285,782,0,0.9992092
31.4,54.4,2009,2180,1338,779,0,0.9992092
31.4,54.4,2085,4095,2167,774,1,0.9936213
31.4,54.4,2080,4095,2176,780,1,0.9936213
31.4,54.4,1984,4095,2179,793,1,0.9936213
31.4,54.5,2064,4095,2181,795,1,0.9936213
31.4,54.5,1971,4095,2085,799,1,0.9936213
31.4,54.5,1986,4095,1996,793,1,0.9936213
31.4,54.5,2087,4095,1808,799,1,0.9936213
31.4,54.4,2015,4095,1785,801,1,0.9936213
31.4,54.4,2095,4095,1697,805,1,0.9936213
31.4,54.4,2019,4095,1655,807,1,0.99229115
31.4,54.4,1924,4095,1618,808,1,0.9914567
31.4,54.4,1975,4095,1555,808,1,0.9854982
31.4,54.4,2032,4095,1518,809,0,0.5554425
31.4,54.4,2141,4095,1476,803,0,0.9973071
31.4,54.4,2169,4095,1441,784,0,0.9973071
31.4,54.4,2170,4095,1423,789,0,0.9975599
31.4,54.4,2154,4095,1408,791,0,0.9975599
31.4,54.4,2046,4095,1401,791,0,0.9975599
31.4,54.4,2045,4095,1390,797,0,0.9975599
31.4,54.4,1443,4095,1366,803,0,0.9975599
31.4,54.4,1693,4095,1375,803,0,0.9975599
31.4,54.4,2083,4095,1375,779,0,0.9975599
31.4,54.4,1807,4095,1367,806,0,0.9975599
31.4,54.3,1584,4095,1398,813,0,0.9975599
31.4,54.3,629,4095,1422,810,0,0.9975599
31.4,54.3,624,4095,1408,813,0,0.9975599
31.4,54.3,570,4095,1411,813,0,0.9975599
31.4,54.2,2256,4095,1408,816,0,0.9975599
31.4,54.2,2347,4095,1401,786,0,0.9975599
31.4,54.2,1131,4095,1403,794,0,0.9975599
31.4,54.2,719,4095,1413,821,0,0.9975599
31.4,54.2,2402,4095,1415,841,0,0.9975599
31.4,54.2,2291,4095,1407,797,0,0.9975599
31.4,54.2,2261,4095,1404,798,0,0.9975599
31.4,54.2,2384,4095,1408,786,0,0.9975599
31.4,54.2,2329,4095,1409,785,0,0.9975599
31.4,54.2,2421,4095,1409,784,0,0.9975599
31.4,54.2,2407,4095,1408,784,0,0.9975599
31.4,54.2,2295,4095,1410,780,0,0.9975599
31.4,54.2,2372,4095,1410,769,0,0.9975599
31.4,54.2,2272,4095,1411,767,0,0.9975599
31.4,54.2,2319,4095,1415,763,0,0.9975599
31.4,54.2,2416,4095,1417,758,0,0.9975599
31.4,54.2,2361,4095,1412,759,0,0.9975599
31.4,54.2,2434,4095,1409,767,0,0.9975599
31.4,54.2,2365,4095,1408,750,0,0.9975599
31.4,54.2,2272,4095,1409,750,0,0.9975599
31.4,54.2,2320,4095,1408,747,0,0.9975599
31.4,54.2,2285,4095,1411,743,0,0.9975599
31.4,54.2,2369,4095,1413,743,0,0.9975599
31.4,54.2,2431,4095,1408,743,0,0.9975599
31.4,54.2,2401,4095,1407,752,0,0.9975599
31.4,54.2,2412,4095,1408,750,0,0.9975599
31.4,54.2,2314,4095,1407,758,0,0.9975599
31.4,54.2,2294,4095,1408,764,0,0.9975599
31.4,54.2,2275,4095,1405,762,0,0.9975599
31.4,54.2,2321,4095,1399,767,0,0.9975599
31.4,54.2,2416,4095,1407,763,0,0.9975599
31.4,54.2,2389,4095,1406,768,0,0.9975599
31.4,54.2,2430,4095,1403,768,0,0.9975599
31.4,54.2,2354,4095,1406,773,0,0.9975599
31.4,54.2,2276,4095,1401,780,0,0.9975599
31.4,54.2,2352,4095,1403,781,0,0.9975599
31.4,54.2,2291,4095,1402,787,0,0.9975599
31.4,54.2,2384,4095,1405,784,0,0.9975599
31.4,54.2,2416,4095,1400,787,0,0.9975599
31.4,54.2,2315,4095,1350,785,0,0.9975599
31.4,54.2,2384,4095,1399,791,0,0.9975599
31.4,54.2,2285,4095,1403,794,0,0.9975599
31.4,54.2,2325,4095,1405,791,0,0.9975599
31.4,54.2,2416,4095,1403,794,0,0.9975599
31.4,54.1,2361,4095,1394,799,0,0.9975599
31.4,54.1,2431,4095,1407,799,0,0.9975599
31.4,54.1,2352,4095,1395,799,0,0.9975599
31.4,54.1,2281,4095,1403,802,0,0.9975599
31.4,54.2,2310,4095,1403,802,0,0.9975599
31.4,54.2,2291,4095,1406,803,0,0.9975599
31.4,54.2,2379,4095,1403,804,0,0.9975599
31.4,54.2,2413,4095,1405,794,0,0.9975599
31.4,54.2,2419,4095,1401,794,0,0.9975599
31.4,54.2,2390,4095,1402,789,0,0.9975599
31.4,54.2,2288,4095,1407,791,0,0.9975599
31.4,54.2,2320,4095,1405,785,0,0.9975599
31.4,54.2,2277,4095,1405,784,0,0.9975599
31.4,54.2,2352,4095,1404,784,0,0.9975599
31.4,54.2,2431,4095,1406,784,0,0.9975599
31.4,54.2,2368,4095,1404,786,0,0.9975599
31.4,54.1,2422,4095,1402,774,0,0.9975599
31.4,54.1,2320,4095,1399,775,0,0.9975599
31.4,54.1,2292,4095,1405,766,0,0.9975599
31.4,54.1,2382,4095,1410,758,0,0.9975599
31.4,54.1,2319,4095,1401,752,0,0.9975599
31.4,54.1,2416,4095,1409,752,0,0.9975599
31.4,54.1,2403,4095,1406,752,0,0.9975599
31.4,54.1,2295,4095,1403,752,0,0.9975599
31.4,54.1,2369,4095,1404,761,0,0.9975599
31.4,54.1,2288,4095,1401,761,0,0.9975599
31.4,54.1,2352,4095,1402,767,0,0.9975599
31.4,54.1,2433,4095,1402,773,0,0.9975599
31.4,54.1,2386,4095,1403,779,0,0.9975599
31.4,54.1,2431,4095,1404,778,0,0.9975599
31.4,54.1,2327,4095,1406,789,0,0.9975599
31.4,54.1,2291,4095,1403,787,0,0.9975599
31.4,54.1,2287,4095,1404,784,0,0.9975599
31.4,54.1,2325,4095,1401,786,0,0.9975599
31.4,54.1,2421,4095,1401,784,0,0.9975599
31.4,54.1,2398,4095,1403,784,0,0.9975599
31.4,54.1,2435,4095,1399,784,0,0.9975599
31.4,54.1,2353,4095,1403,783,0,0.9975599
31.4,54.1,2285,4095,1403,777,0,0.9975599
31.4,54.1,2370,4095,1402,780,0,0.9975599
31.4,54.1,2306,4095,1402,775,0,0.9975599
31.4,54.1,2403,4095,1404,773,0,0.9975599
31.4,54.1,2391,4095,1398,772,0,0.9975599
31.4,54.1,2287,4095,1401,784,0,0.9975599
31.4,54.1,2354,4095,1396,783,0,0.9975599
31.4,54.1,2277,4095,1396,784,0,0.9975599
31.4,54.1,2362,4095,1398,785,0,0.9975599
31.4,54.1,2417,4095,1399,782,0,0.9975599
31.4,54.1,2390,4095,1403,778,0,0.9975599
31.4,54.1,2373,4095,1405,776,0,0.9975599
31.4,54.1,2257,4095,1405,780,0,0.9975599
31.4,54.1,2298,4095,1407,784,0,0.9975599
31.4,54.1,2259,4095,1404,775,0,0.9975599
31.4,54.1,2339,4095,1407,782,0,0.9975599
31.4,54.1,2399,4095,1407,779,0,0.9975599
31.4,54.1,2291,4095,1379,783,0,0.9975599
31.4,54.1,2352,4095,1401,784,0,0.9975599
31.4,54.1,2213,4095,1407,775,0,0.9975599
31.4,54.1,2249,4095,1405,781,0,0.9975599
31.4,54.1,2383,4095,1379,781,0,0.9975599
31.3,54.1,2291,4095,1406,782,0,0.9975599
31.3,54.1,2373,4095,1402,780,0,0.9975599
31.3,54.1,2272,4095,1398,784,0,0.9975599
31.3,54.1,2225,4095,1406,787,0,0.9975599
31.3,54.1,2245,4095,1404,783,0,0.9975599
31.3,54.1,2294,4095,1401,782,0,0.9975599
31.3,54.1,2406,4095,1419,772,0,0.9975599
31.3,54.1,2374,4095,1405,770,0,0.9975599
31.3,54.1,2413,4095,1366,771,0,0.9975599
31.3,54.1,2315,4095,1407,769,0,0.9975599
31.3,54.1,2257,4095,1404,769,0,0.9975599
31.3,54.1,2357,4095,1430,771,0,0.9973071
31.3,54.0,2290,4095,1403,768,0,0.9975599
31.3,54.0,2405,4095,1404,757,0,0.9975599
31.3,54.0,2384,4095,1406,767,0,0.9975599
31.3,54.0,2265,4095,1402,768,0,0.9975599
31.3,54.0,2331,4095,1403,765,0,0.9975599
31.3,54.0,2257,4095,1407,769,0,0.9975599
31.3,54.0,2357,4095,1407,769,0,0.9975599
31.3,54.0,2418,4095,1407,770,0,0.9975599
31.3,54.1,2405,4095,1406,777,0,0.9975599
31.3,54.1,2384,4095,1408,773,0,0.9975599
31.3,54.1,2263,4095,1367,781,0,0.9975599
31.3,54.1,2314,4095,1408,776,0,0.9975599
31.3,54.1,2273,4095,1361,778,0,0.9975599
31.3,54.1,2366,4095,1409,774,0,0.9975599
31.3,54.1,2420,4095,1408,777,0,0.9975599
31.3,54.1,2314,4095,1409,781,0,0.9975599
31.3,54.1,2378,4095,1407,782,0,0.9975599
31.3,54.1,2261,4095,1408,783,0,0.9975599
31.3,54.1,2321,4095,1402,786,0,0.9975599
31.3,54.1,2421,4095,1407,784,0,0.9975599
31.3,54.1,2370,4095,1405,784,0,0.9975599
31.3,54.1,2411,4095,1409,788,0,0.9975599
31.3,54.1,2288,4095,1407,786,0,0.9975599
31.3,54.1,2282,4095,1410,785,0,0.9975599
31.3,54.1,2256,4095,1407,787,0,0.9975599
31.3,54.1,2330,4095,1404,791,0,0.9975599
31.3,54.1,2423,4095,1408,786,0,0.9975599
31.3,54.1,2343,4095,1408,787,0,0.9975599
31.3,54.1,2400,4095,1407,785,0,0.9975599
31.3,54.1,2281,4095,1408,780,0,0.9975599
31.3,54.1,2290,4095,1410,791,0,0.9975599
31.3,54.1,2400,4095,1409,789,0,0.9975599
31.3,54.1,2336,4095,1407,793,0,0.9975599
31.3,54.1,2420,4095,1408,787,0,0.9975599
31.3,54.1,2336,4095,1412,785,0,0.9975599
31.3,54.1,2258,4095,1408,789,0,0.9975599
31.3,54.0,2276,4095,1409,787,0,0.9975599
31.3,54.0,2299,4095,1409,786,0,0.9975599
31.3,54.0,2407,4095,1414,786,0,0.9975599
31.3,54.0,2377,4095,1412,786,0,0.9975599
31.3,54.1,2415,4095,1411,793,0,0.9975599
31.3,54.1,2320,4095,1410,789,0,0.9975599
31.3,54.1,2261,4095,1411,784,0,0.9975599
31.3,54.1,2365,4095,1410,783,0,0.9975599
31.3,54.0,2302,4095,1409,783,0,0.9975599
31.3,54.0,2415,4095,1413,782,0,0.9975599
31.3,54.0,2384,4095,1415,781,0,0.9975599
31.3,54.0,2267,4095,1427,782,0,0.9975599
31.3,54.1,2334,4095,1414,783,0,0.9975599
31.3,54.1,2270,4095,1412,706,0,0.9972217
31.3,54.1,2362,4095,1413,778,0,0.9975599
31.3,54.1,2422,4095,1413,770,0,0.9975599
31.3,54.1,2403,4095,1410,781,0,0.9975599
31.3,54.1,2387,4095,1414,768,0,0.9975599
31.3,54.1,2268,4095,1413,770,0,0.9975599
31.3,54.1,2310,4095,1417,768,0,0.9975599
31.3,54.1,2261,4095,1418,769,0,0.9975599
31.3,54.1,2352,4095,1423,769,0,0.9975599
31.3,54.1,2427,4095,1414,767,0,0.9975599
31.3,54.1,2335,4095,1418,767,0,0.9975599
31.3,54.1,2402,4095,1419,769,0,0.9975599
31.3,54.1,2285,4095,1418,765,0,0.9975599
31.3,54.1,2295,4095,1419,768,0,0.9975599
31.3,54.1,2399,4095,1421,767,0,0.9975599
31.3,54.1,2336,4095,1415,775,0,0.9975599
31.3,54.1,2426,4095,1417,848,0,0.9975599
31.3,54.1,2354,4095,1419,773,0,0.9975599
31.3,54.1,2265,4095,1420,774,0,0.9975599
31.3,54.1,2311,4095,1415,771,0,0.9975599
31.3,54.1,2282,4095,1422,767,0,0.9975599
31.3,54.1,2377,4095,1411,762,0,0.9975599
31.3,54.1,2416,4095,1419,755,0,0.9975599
31.3,54.0,2409,4095,1414,753,0,0.9975599
31.3,54.0,2385,4095,1418,759,0,0.9975599
31.3,54.0,2256,4095,1422,757,0,0.9975599
31.3,54.0,2308,4095,1424,754,0,0.9975599
31.3,54.0,2256,4095,1422,765,0,0.9975599
31.3,54.0,2336,4095,1414,757,0,0.9975599
31.3,54.0,2423,4095,1424,759,0,0.9975599
31.3,54.0,2347,4095,1422,767,0,0.9975599
31.3,54.0,2410,4095,1422,770,0,0.9975599
31.3,54.0,2289,4095,1423,769,0,0.9975599
31.3,54.0,2283,4095,1423,768,0,0.9975599
31.3,54.0,2383,4095,1424,768,0,0.9975599
31.3,54.0,2315,4095,1424,768,0,0.9975599
31.3,54.0,2416,4095,1425,770,0,0.9975599
31.3,54.0,2352,4095,1424,768,0,0.9975599
31.3,54.0,2247,4095,1417,775,0,0.9975599
31.3,54.1,2266,4095,1423,781,0,0.9975599
31.3,54.1,2263,4095,1424,784,0,0.9975599
31.3,54.1,2357,4095,1426,784,0,0.9975599
31.3,54.1,2384,4095,1424,782,0,0.9975599
31.3,54.1,2327,4095,1424,784,0,0.9975599
31.3,54.1,2187,4095,1425,785,0,0.9975599
31.3,54.1,2224,4095,1424,785,0,0.9975599
31.3,54.1,2305,4095,1430,786,0,0.9973071
31.3,54.1,2251,4095,1481,787,0,0.9973071
31.3,54.1,2352,4095,1410,784,0,0.9975599
31.3,54.1,2394,4095,1429,784,0,0.9973071
31.3,54.1,2288,4095,1427,772,0,0.9975599
31.3,54.1,2357,4095,1426,779,0,0.9975599
31.3,54.1,2229,4095,1426,781,0,0.9975599
31.3,54.1,2300,4095,1427,781,0,0.9975599
31.3,54.1,2399,4095,1429,785,0,0.9973071
31.3,54.1,2350,4095,1425,778,0,0.9975599
31.3,54.1,2409,4095,1426,776,0,0.9975599
31.3,54.1,2309,4095,1429,773,0,0.9973071
31.3,54.1,2251,4095,1430,770,0,0.9973071
31.3,54.1,2256,4095,1429,775,0,0.9973071
31.3,54.1,2253,4095,1424,773,0,0.9975599
31.3,54.1,2384,4095,1434,769,0,0.9973071
31.3,54.1,2362,4095,1438,765,0,0.9973071
31.3,54.1,2398,4095,1426,770,0,0.9975599
31.3,54.1,2222,4095,1431,770,0,0.9973071
31.3,54.1,2066,4095,1429,775,0,0.9973071
31.3,54.1,2071,4095,1434,784,0,0.9973071
31.3,54.1,2116,4095,1430,784,0,0.9973071
31.3,54.1,2221,4095,1453,783,0,0.9973071
31.3,54.1,2224,4095,1435,777,0,0.9973071
31.3,54.1,2212,4095,1431,779,0,0.9973071
31.3,54.1,2317,4095,1434,774,0,0.9973071
31.3,54.1,2242,4095,1432,773,0,0.9973071
31.3,54.1,2347,4095,1437,859,0,0.9973071
31.3,54.1,2399,4095,1436,771,0,0.9973071
31.3,54.0,2299,4095,1427,773,0,0.9975599
31.3,54.0,2283,4095,1435,775,0,0.9973071
31.3,54.0,2226,4095,1439,774,0,0.9973071
31.3,54.0,2299,4095,1437,781,0,0.9973071
31.3,54.0,2256,4095,1435,775,0,0.9973071
31.3,54.0,2363,4095,1435,784,0,0.9973071
31.3,54.0,2397,4095,1434,768,0,0.9973071
31.3,54.0,2282,4095,1435,771,0,0.9973071
31.3,54.0,2352,4095,1436,733,0,0.9973071
31.3,54.0,2243,4095,1435,769,0,0.9973071
31.3,54.0,2320,4095,1441,768,0,0.9973071
31.3,54.0,2411,4095,1439,775,0,0.9973071
31.3,54.0,2373,4095,1439,778,0,0.9973071
31.3,54.0,2385,4095,1442,783,0,0.9973071
31.3,54.0,2261,4095,1437,781,0,0.9973071
31.3,54.0,2285,4095,1443,795,0,0.9973071
31.3,54.0,2242,4095,1437,784,0,0.9973071
31.3,54.0,2336,4095,1439,782,0,0.9973071
31.3,54.0,2405,4095,1441,775,0,0.9973071
31.3,54.0,2304,4095,1441,784,0,0.9973071
31.3,54.0,2370,4095,1339,789,0,0.9975599
31.3,54.0,2255,4095,1442,781,0,0.9973071
31.3,54.0,2298,4095,1443,782,0,0.9973071
31.3,54.0,2391,4095,1441,773,0,0.9973071
31.3,53.9,2336,4095,1442,772,0,0.9973071
31.3,53.9,2382,4095,1439,770,0,0.9973071
31.3,53.9,2269,4095,1442,770,0,0.9973071
31.3,53.9,2258,4095,1455,780,0,0.9973071
31.3,53.9,2169,4095,1440,771,0,0.9973071
31.3,53.9,2206,4095,1445,779,0,0.9973071
31.3,53.9,2292,4095,1440,769,0,0.9973071
31.3,53.9,2219,4095,1443,780,0,0.9973071
31.3,53.9,2272,4095,1441,798,0,0.9973071
31.3,53.9,2183,4095,1445,782,0,0.9973071
31.3,53.9,2233,4095,1424,780,0,0.9975599
31.3,53.9,2352,4095,1443,779,0,0.9973071
31.3,53.9,2288,4095,1439,781,0,0.9973071
31.3,53.9,2351,4095,1445,783,0,0.9973071
31.3,53.9,2315,4095,1443,784,0,0.9973071
31.3,53.9,2259,4095,1443,732,0,0.9973071
31.3,53.9,2256,4095,1445,784,0,0.9973071
31.3,53.9,2303,4095,1458,784,0,0.9973071
31.3,53.9,2406,4095,1441,783,0,0.9973071
31.3,53.9,2358,4095,1443,777,0,0.9973071
31.3,53.9,2402,4095,1441,774,0,0.9973071
31.3,53.9,2288,4095,1442,770,0,0.9973071
31.3,53.9,2262,4095,1446,773,0,0.9973071
31.3,53.9,2368,4095,1442,772,0,0.9973071
31.3,53.9,2318,4095,1444,768,0,0.9973071
31.3,53.9,2411,4095,1443,767,0,0.9973071
31.3,53.9,2323,4095,1506,770,0,0.5554425
31.3,53.9,2241,4095,1443,770,0,0.9973071
31.3,53.9,2271,4095,1446,770,0,0.9973071
31.3,53.9,2271,4095,1447,773,0,0.9973071
31.3,53.9,2377,4095,1445,777,0,0.9973071
31.3,53.9,2371,4095,1447,781,0,0.9973071
31.3,53.9,2401,4095,1442,784,0,0.9973071
31.3,53.9,2321,4095,1452,783,0,0.9973071
31.3,53.9,2243,4095,1441,776,0,0.9973071
31.3,53.9,2323,4095,1445,780,0,0.9973071
31.3,53.9,2255,4095,1440,776,0,0.9973071
31.3,53.9,2368,4095,1444,771,0,0.9973071
31.3,53.9,2365,4095,1443,777,0,0.9973071
31.3,53.9,2253,4095,1443,772,0,0.9973071
31.3,53.9,2318,4095,1440,777,0,0.9973071
31.3,53.9,2229,4095,1443,771,0,0.9973071
31.3,53.9,2320,4095,1439,770,0,0.9973071
31.3,53.9,2387,4095,1503,769,0,0.5554425
31.3,53.9,2372,4095,1442,771,0,0.9973071
31.3,53.9,2373,4095,1443,773,0,0.9973071
31.3,53.9,2225,4095,1444,773,0,0.9973071
31.3,53.9,2224,4095,1444,782,0,0.9973071
31.3,53.8,2176,4095,1442,781,0,0.9973071
31.3,53.8,2243,4095,1442,783,0,0.9973071
31.3,53.8,2316,4095,1441,774,0,0.9973071
31.3,53.8,2238,4095,1441,784,0,0.9973071
31.3,53.8,2365,4095,1439,785,0,0.9973071
31.3,53.8,2243,4095,1441,784,0,0.9973071
31.3,53.8,2254,4095,1442,783,0,0.9973071
31.3,53.8,2347,4095,1441,782,0,0.9973071
31.3,53.8,2240,4095,1439,785,0,0.9973071
31.3,53.8,2342,4095,1440,784,0,0.9973071
31.3,53.8,2291,4095,1438,784,0,0.9973071
31.3,53.8,2085,4095,1437,783,0,0.9973071
31.3,53.8,2219,4095,1434,786,0,0.9973071
31.3,53.8,2219,4095,1440,787,0,0.9973071
31.3,53.8,2317,4095,1437,784,0,0.9973071
31.3,53.8,2347,4095,1436,785,0,0.9973071
31.3,53.8,2319,4095,1438,784,0,0.9973071
31.3,53.8,2307,4095,1431,776,0,0.9973071
31.3,53.8,2201,4095,1435,784,0,0.9973071
31.3,53.8,2251,4095,1436,784,0,0.9973071
31.3,53.8,2215,4095,1437,790,0,0.9973071
31.3,53.8,2288,4095,1437,787,0,0.9973071
31.3,53.8,2367,4095,1535,795,1,0.9854982
31.3,53.8,2289,4095,871,784,0,0.9975599
31.3,53.8,2356,4095,843,814,0,0.9975599
31.3,53.8,2244,4095,809,784,0,0.9975599
31.3,53.8,2211,4095,683,785,0,0.9975599
31.3,53.8,2305,4095,1427,783,0,0.9975599
31.3,53.7,2237,4095,1429,790,0,0.9973071
31.3,53.7,2337,4095,1426,784,0,0.9975599
31.3,53.7,2352,4095,1425,786,0,0.9975599
31.3,53.7,2239,4095,1425,785,0,0.9975599
31.3,53.7,2320,4095,1409,790,0,0.9975599
31.3,53.7,2205,4095,1425,787,0,0.9975599
31.3,53.7,2238,4095,1424,791,0,0.9975599
31.3,53.7,2350,4095,1423,790,0,0.9975599
31.3,53.7,2271,4095,1424,793,0,0.9975599
31.3,53.7,2364,4095,1424,795,0,0.9975599
31.3,53.7,2326,4095,1422,795,0,0.9975599
31.3,53.7,2223,4095,1422,787,0,0.9975599
31.3,53.7,2299,4095,1418,788,0,0.9975599
31.3,53.7,2212,4095,1419,784,0,0.9975599
31.3,53.7,2269,4095,1416,787,0,0.9975599
31.3,53.7,2359,4095,1415,789,0,0.9975599
31.3,53.7,2290,4095,1412,790,0,0.9975599
31.3,53.7,2365,4095,1419,785,0,0.9975599
31.3,53.7,2290,4095,1410,787,0,0.9975599
31.3,53.7,2202,4095,1408,784,0,0.9975599
31.3,53.7,2250,4095,1408,784,0,0.9975599
31.3,53.7,2215,4095,1405,778,0,0.9975599
31.3,53.7,2300,4095,1492,825,0,0.9973071
31.3,53.7,2363,4095,1488,775,0,0.9973071
31.3,53.8,2320,4095,1488,777,0,0.9973071
31.3,53.8,2343,4095,1499,774,0,0.5554425
31.3,53.8,2241,4095,1494,775,0,0.9973071
31.3,53.8,2211,4095,1506,773,0,0.5554425
31.3,53.7,2217,4095,1486,770,0,0.9973071
31.3,53.7,2235,4095,1497,766,0,0.5554425
31.3,53.7,2336,4095,1466,771,0,0.9973071
31.3,53.7,2338,4095,1523,773,1,0.646142
31.3,53.7,2311,4095,1486,778,0,0.9973071
31.3,53.7,2301,4095,1419,796,0,0.9975599
31.3,53.7,2187,4095,1361,768,0,0.9975599
31.3,53.7,2245,4095,1360,757,0,0.9975599
31.3,53.7,2202,4095,1602,763,1,0.99012744
31.3,53.7,2282,4095,1584,763,1,0.99012744
31.3,53.7,2379,4095,1499,784,0,0.5554425
31.3,53.7,2321,4095,1374,784,0,0.9975599
31.3,53.7,2359,4095,1422,766,0,0.9975599
31.3,53.7,2256,4095,1477,763,0,0.9973071
31.3,53.7,2198,4095,1554,769,1,0.9854982
31.3,53.7,2253,4095,1428,766,0,0.9973071
31.3,53.7,2185,4095,998,784,0,0.9975599
31.3,53.7,2243,4095,960,762,0,0.9975599
31.3,53.7,2275,4095,1066,763,0,0.9975599
31.3,53.7,2172,4095,1218,758,0,0.9975599
31.3,53.7,2256,4095,1095,757,0,0.9975599
31.3,53.7,2143,4095,991,750,0,0.9975599
31.3,53.7,2160,4095,837,743,0,0.9975599
31.3,53.7,2256,4095,850,750,0,0.9975599
31.3,53.6,2189,4095,1341,754,0,0.9975599
31.3,53.6,2279,4095,1181,752,0,0.9975599
31.3,53.6,2227,4095,1040,752,0,0.9975599
31.3,53.6,2126,4095,1344,747,0,0.9975599
31.3,53.6,2181,4095,1344,747,0,0.9975599
31.3,53.6,2086,4095,1339,751,0,0.9975599
31.3,53.6,2175,4095,1335,750,0,0.9975599
31.3,53.6,2299,4095,1335,752,0,0.9975599
31.3,53.6,2311,4095,1333,752,0,0.9975599
31.3,53.6,2350,4095,1331,752,0,0.9975599
31.3,53.6,2254,4095,1331,752,0,0.9975599
31.3,53.6,2224,4095,1338,757,0,0.9975599
31.6,58.2,2162,4095,1326,754,0,0.9975599
31.6,58.2,2231,4095,1322,740,0,0.9975599
31.6,58.2,2356,4095,1323,759,0,0.9975599
31.6,58.2,2352,4095,1319,766,0,0.9975599
31.5,57.0,2373,4095,1313,773,0,0.9975599
31.5,57.0,2320,4095,1315,762,0,0.9975599
31.5,57.0,2224,4095,1309,762,0,0.9975599
31.5,57.0,2279,4095,1313,762,0,0.9975599
31.5,55.4,2225,4095,1310,759,0,0.9975599
31.5,55.4,2307,4095,1307,755,0,0.9975599
31.5,55.4,2388,4095,1301,759,0,0.9975599
31.5,55.4,2325,4095,1302,758,0,0.9975599
31.5,54.5,2381,4095,1302,759,0,0.9975599
31.5,54.5,2295,4095,1301,753,0,0.9975599
31.5,54.5,2230,4095,1301,751,0,0.9975599
31.5,54.5,2307,4095,1299,752,0,0.9975599
31.4,53.9,2245,4095,1297,752,0,0.9975599
31.4,53.9,2343,4095,1297,752,0,0.9975599
31.4,53.9,2382,4095,1296,748,0,0.9975599
31.4,53.9,2287,4095,1290,754,0,0.9975599
31.5,53.6,2361,4095,1286,752,0,0.9975599
31.5,53.6,2254,4095,1294,755,0,0.9975599
31.5,53.6,2258,4095,1289,763,0,0.9975599
31.5,53.6,2358,4095,1275,766,0,0.9975599
31.5,53.5,2144,4095,1287,770,0,0.9975599
31.5,53.5,2073,4095,1289,771,0,0.9975599
31.5,53.5,2189,4095,1294,777,0,0.9975599
31.5,53.5,2240,4095,1289,771,0,0.9975599
31.5,53.3,2305,4095,1286,781,0,0.9975599
31.5,53.3,2231,4095,1283,775,0,0.9975599
31.5,53.3,2314,4095,1280,772,0,0.9975599
31.5,53.3,2389,4095,1277,767,0,0.9975599
31.4,53.3,2346,4095,1277,766,0,0.9975599
31.4,53.3,2378,4095,1267,769,0,0.9975599
31.4,53.3,2275,4095,1274,768,0,0.9975599
31.4,53.3,2116,4095,1275,770,0,0.9975599
31.4,53.3,2001,4095,1274,773,0,0.9975599
31.4,53.3,2134,4095,1269,780,0,0.9975599
31.4,53.3,2305,4095,1270,781,0,0.9975599
31.4,53.3,2294,4095,1269,770,0,0.9975599
31.4,53.2,2311,4095,1266,767,0,0.9975599
31.4,53.2,2128,4095,1266,762,0,0.9975599
31.4,53.2,1969,4095,1264,765,0,0.9975599
31.4,53.2,2118,4095,1264,762,0,0.9975599
31.4,53.3,1830,4095,1261,754,0,0.9975599
31.4,53.3,1978,4095,1261,752,0,0.9975599
31.4,53.3,2160,4095,1256,751,0,0.9975599
31.4,53.3,2192,4095,1260,746,0,0.9975599
31.5,53.3,2258,4095,1261,742,0,0.9975599
31.5,53.3,2090,4095,1254,750,0,0.9975599
31.5,53.3,2173,4095,1253,742,0,0.9975599
31.5,53.3,2339,4095,1253,720,0,0.9974057
31.4,53.3,2313,4095,1227,743,0,0.9975599
31.4,53.3,2288,4095,1241,736,0,0.9975599
31.4,53.3,2185,4095,1241,739,0,0.9975599
31.4,53.3,2191,4095,1239,743,0,0.9975599
31.4,53.3,2077,4095,1237,752,0,0.9975599
31.4,53.3,2268,4095,1236,752,0,0.9975599
31.4,53.3,2373,4095,1233,749,0,0.9975599
31.4,53.3,2295,4095,1234,752,0,0.9975599
31.4,53.3,2354,4095,1229,750,0,0.9975599
31.4,53.3,2233,4095,1232,743,0,0.9975599
31.4,53.3,2257,4095,1231,743,0,0.9975599
31.4,53.3,2378,4095,1239,746,0,0.9975599
31.4,53.3,2329,4095,1226,752,0,0.9975599
31.4,53.3,2381,4095,1223,752,0,0.9975599
31.4,53.3,2267,4095,1221,758,0,0.9975599
31.4,53.3,2260,4095,1229,757,0,0.9975599
31.4,53.3,2235,4095,1221,766,0,0.9975599
31.4,53.3,2319,4095,1219,767,0,0.9975599
31.4,53.3,2373,4095,1218,769,0,0.9975599
31.4,53.3,2277,4095,1215,784,0,0.9975599
31.4,53.2,2332,4095,1216,769,0,0.9975599
31.4,53.2,2240,4095,1152,768,0,0.9975599
31.4,53.2,2285,4095,1213,760,0,0.9975599
31.4,53.2,2377,4095,1213,765,0,0.9975599
31.4,53.2,2317,4095,1213,762,0,0.9975599
31.4,53.2,2356,4095,1210,766,0,0.9975599
31.4,53.2,2243,4095,1209,758,0,0.9975599
31.4,53.2,2251,4095,1207,754,0,0.9975599
31.4,53.2,2219,4095,1205,763,0,0.9975599
31.4,53.2,2298,4095,1207,763,0,0.9975599
31.4,53.2,2387,4095,1209,762,0,0.9975599
31.4,53.2,2293,4095,1205,758,0,0.9975599
31.4,53.2,2352,4095,1203,766,0,0.9975599
31.4,53.2,2235,4095,1203,759,0,0.9975599
31.4,53.2,2283,4095,1201,755,0,0.9975599
31.4,53.2,2384,4095,1200,761,0,0.9975599
31.4,53.3,2339,4095,1200,766,0,0.9975599
31.4,53.3,2359,4095,1200,762,0,0.9975599
31.4,53.3,2240,4095,1245,769,0,0.9975599
31.4,53.3,2243,4095,1197,770,0,0.9975599
31.4,53.3,2227,4095,1196,774,0,0.9975599
31.4,53.3,2336,4095,1199,772,0,0.9975599
31.4,53.3,2380,4095,1191,775,0,0.9975599
31.4,53.3,2256,4095,1194,763,0,0.9975599
31.4,53.3,2320,4095,1189,782,0,0.9975599
31.4,53.3,2235,4095,1193,781,0,0.9975599
31.4,53.3,2331,4095,1187,780,0,0.9975599
31.4,53.3,2374,4095,1184,783,0,0.9975599
31.4,53.3,2384,4095,1184,786,0,0.9975599
31.4,53.3,2321,4095,1185,785,0,0.9975599
31.4,53.3,2254,4095,1180,784,0,0.9975599
31.4,53.3,2354,4095,1182,785,0,0.9975599
31.4,53.2,2304,4095,1181,787,0,0.9975599
31.4,53.2,2407,4095,1177,789,0,0.9975599
31.4,53.2,2320,4095,1170,786,0,0.9975599
31.4,53.2,2247,4095,1170,784,0,0.9975599
31.4,53.3,2240,4095,1168,784,0,0.9975599
31.4,53.3,2293,4095,1168,773,0,0.9975599
31.4,53.3,2381,4095,1168,771,0,0.9975599
31.4,53.3,2279,4095,1167,768,0,0.9975599
31.4,53.3,2320,4095,1161,774,0,0.9975599
31.4,53.3,2171,4095,1165,773,0,0.9975599
31.4,53.3,2243,4095,1157,769,0,0.9975599
31.4,53.3,2347,4095,1163,763,0,0.9975599
31.4,53.3,2317,4095,1159,762,0,0.9975599
31.4,53.3,2313,4095,1153,765,0,0.9975599
31.4,53.3,2189,4095,1168,754,0,0.9975599
31.4,53.3,2265,4095,1175,761,0,0.9975599
31.4,53.3,2220,4095,1170,775,0,0.9975599
31.4,53.3,2334,4095,1179,770,0,0.9975599
31.4,53.3,2314,4095,1172,770,0,0.9975599
31.4,53.3,2170,4095,1170,772,0,0.9975599
31.4,53.3,2228,4095,1168,784,0,0.9975599
31.4,53.3,2192,4095,1167,774,0,0.9975599
31.4,53.3,2320,4095,1168,772,0,0.9975599
31.4,53.3,2308,4095,1166,774,0,0.9975599
31.4,53.2,2352,4095,1163,779,0,0.9975599
31.4,53.2,2229,4095,1153,771,0,0.9975599
31.4,53.2,2215,4095,1153,771,0,0.9975599
31.4,53.2,2335,4095,1153,773,0,0.9975599
31.4,53.3,2282,4095,1172,783,0,0.9975599
31.4,53.3,2325,4095,1173,776,0,0.9975599
31.4,53.3,2193,4095,1139,769,0,0.9975599
31.4,53.3,2221,4095,1136,774,0,0.9975599
31.4,53.2,2183,4095,1133,781,0,0.9975599
31.4,53.2,2319,4095,1125,771,0,0.9975599
31.4,53.2,2335,4095,1125,685,0,0.9950616
31.4,53.2,2206,4095,1123,778,0,0.9975599
31.4,53.3,2253,4095,1119,771,0,0.9975599
31.4,53.3,2231,4095,1117,766,0,0.9975599
31.4,53.3,2339,4095,1114,767,0,0.9975599
31.4,53.3,2261,4095,1102,766,0,0.9975599
31.4,53.3,2309,4095,1104,768,0,0.9975599
31.4,53.3,2172,4095,1104,767,0,0.9975599
31.4,53.3,2235,4095,1101,763,0,0.9975599
31.4,53.3,2350,4095,1098,766,0,0.9975599
31.4,53.3,2332,4095,1099,768,0,0.9975599
31.4,53.3,2293,4095,1095,767,0,0.9975599
31.4,53.3,2189,4095,1093,767,0,0.9975599
31.4,53.3,2293,4095,1093,769,0,0.9975599
31.4,53.3,2249,4095,1088,768,0,0.9975599
31.4,53.3,2364,4095,1087,763,0,0.9975599
31.4,53.3,2266,4095,1085,767,0,0.9975599
31.4,53.3,2223,4095,1083,765,0,0.9975599
31.4,53.3,2199,4095,1078,768,0,0.9975599
31.4,53.3,2305,4095,1078,770,0,0.9975599
31.4,53.3,2352,4095,1075,770,0,0.9975599
31.4,53.3,2221,4095,1086,771,0,0.9975599
31.4,53.3,2238,4095,1072,777,0,0.9975599
31.4,53.3,2184,4095,1066,774,0,0.9975599
31.4,53.3,2341,4095,1066,779,0,0.9975599
31.4,53.3,2317,4095,1060,775,0,0.9975599
31.4,53.3,2364,4095,1060,778,0,0.9975599
31.4,53.3,2224,4095,1055,779,0,0.9975599
31.4,53.3,2218,4095,1114,770,0,0.9975599
31.4,53.3,2352,4095,1043,771,0,0.9975599
31.4,53.4,2326,4095,1043,777,0,0.9975599
31.4,53.4,2317,4095,1055,767,0,0.9975599
31.4,53.4,2195,4095,1040,773,0,0.9975599
31.4,53.4,2295,4095,1037,767,0,0.9975599
31.4,53.4,2242,4095,1035,767,0,0.9975599
31.4,53.4,2354,4095,1018,763,0,0.9975599
31.4,53.4,2256,4095,1023,761,0,0.9975599
31.4,53.4,2213,4095,1019,763,0,0.9975599
31.4,53.4,2195,4095,1014,761,0,0.9975599
31.4,53.4,2297,4095,1014,754,0,0.9975599
31.4,53.4,2342,4095,1011,815,0,0.9975599
31.4,53.4,2198,4095,1005,758,0,0.9975599
31.4,53.4,2250,4095,995,755,0,0.9975599
31.4,53.4,2220,4095,998,791,0,0.9975599
31.4,53.4,2342,4095,999,755,0,0.9975599
31.4,53.4,2292,4095,993,752,0,0.9975599
31.4,53.4,2335,4095,994,758,0,0.9975599
31.4,53.4,2201,4095,993,752,0,0.9975599
31.4,53.4,2263,4095,990,754,0,0.9975599
31.4,53.4,2352,4095,988,752,0,0.9975599
31.4,53.4,2341,4095,987,756,0,0.9975599
31.4,53.4,2286,4095,983,755,0,0.9975599
31.4,53.4,2199,4095,981,757,0,0.9975599
31.4,53.4,2311,4095,985,767,0,0.9975599
31.4,53.4,2266,4095,983,851,0,0.9975599
31.4,53.4,2344,4095,981,754,0,0.9975599
31.4,53.4,2217,4095,981,752,0,0.9975599
31.4,53.4,2229,4095,980,757,0,0.9975599
31.4,53.4,2195,4095,979,735,0,0.9975599
31.4,53.4,2319,4095,977,753,0,0.9975599
31.4,53.4,2322,4095,976,754,0,0.9975599
31.4,53.4,2199,4095,977,752,0,0.9975599
31.4,53.5,2229,4095,973,758,0,0.9975599
31.4,53.5,2229,4095,976,757,0,0.9975599
31.4,53.5,2351,4095,975,751,0,0.9975599
31.4,53.5,2277,4095,975,759,0,0.9975599
31.4,53.5,2315,4095,973,759,0,0.9975599
31.4,53.5,2171,4095,965,763,0,0.9975599
31.4,53.5,2242,4095,964,769,0,0.9975599
31.4,53.5,2315,4095,960,763,0,0.9975599
31.4,53.5,2304,4095,958,762,0,0.9975599
31.4,53.5,2243,4095,947,763,0,0.9975599
31.4,53.5,2160,4095,955,765,0,0.9975599
31.4,53.5,2285,4095,949,737,0,0.9975599
31.4,53.5,2225,4095,944,752,0,0.9975599
31.4,53.5,2325,4095,945,757,0,0.9975599
31.4,53.5,2219,4095,943,755,0,0.9975599
31.4,53.5,2178,4095,936,758,0,0.9975599
31.4,53.4,2159,4095,935,762,0,0.9975599
31.4,53.4,2260,4095,931,762,0,0.9975599
31.4,53.4,2316,4095,930,759,0,0.9975599
31.4,53.4,2187,4095,927,765,0,0.9975599
31.4,53.5,2237,4095,923,757,0,0.9975599
31.4,53.5,2175,4095,919,759,0,0.9975599
31.4,53.5,2287,4095,914,752,0,0.9975599
31.4,53.5,2285,4095,913,752,0,0.9975599
31.4,53.5,2319,4095,913,752,0,0.9975599
31.4,53.5,2201,4095,910,752,0,0.9975599
31.4,53.5,2197,4095,909,752,0,0.9975599
31.4,53.5,2320,4095,909,752,0,0.9975599
31.4,53.4,2283,4095,902,752,0,0.9975599
31.4,53.4,2320,4095,898,752,0,0.9975599
31.4,53.4,2191,4095,895,751,0,0.9975599
31.4,53.4,2221,4095,896,746,0,0.9975599
31.4,53.5,2174,4095,891,741,0,0.9975599
31.4,53.5,2303,4095,892,749,0,0.9975599
31.4,53.5,2290,4095,893,748,0,0.9975599
31.4,53.5,2165,4095,890,752,0,0.9975599
31.4,53.5,2198,4095,887,752,0,0.9975599
31.4,53.5,2192,4095,885,752,0,0.9975599
31.4,53.5,2327,4095,881,750,0,0.9975599
31.4,53.5,2271,4095,879,751,0,0.9975599
31.4,53.4,2318,4095,877,752,0,0.9975599
31.4,53.4,2179,4095,871,754,0,0.9975599
31.4,53.4,2240,4095,867,753,0,0.9975599
31.4,53.4,2347,4095,853,747,0,0.9975599
31.4,53.5,2314,4095,848,749,0,0.9975599
31.4,53.5,2305,4095,833,743,0,0.9975599
31.4,53.5,2179,4095,827,737,0,0.9975599
31.4,53.5,2261,4095,816,742,0,0.9975599
31.4,53.5,2210,4095,792,739,0,0.9975599
31.4,53.5,2320,4095,813,740,0,0.9975599
31.4,53.5,2283,4095,805,735,0,0.9975599
31.4,53.5,2173,4095,815,738,0,0.9975599
31.3,53.5,2191,4095,810,745,0,0.9975599
31.3,53.5,2215,4095,807,746,0,0.9975599
31.3,53.5,2330,4095,799,747,0,0.9975599
31.3,53.5,2256,4095,805,749,0,0.9975599
31.4,53.5,2307,4095,800,752,0,0.9975599
31.4,53.5,2171,4095,798,754,0,0.9975599
31.4,53.5,2225,4095,794,757,0,0.9975599
31.4,53.5,2321,4095,794,770,0,0.9975599
31.3,53.5,2309,4095,791,758,0,0.9975599
31.3,53.5,2287,4095,788,755,0,0.9975599
31.3,53.5,2162,4095,787,755,0,0.9975599
31.3,53.5,2256,4095,812,760,0,0.9975599
31.4,53.5,2209,4095,784,758,0,0.9975599
31.4,53.5,2333,4095,782,763,0,0.9975599
31.4,53.5,2263,4095,778,757,0,0.9975599
31.4,53.5,2172,4095,779,761,0,0.9975599
31.4,53.5,2175,4095,779,758,0,0.9975599
31.4,53.5,2233,4095,777,754,0,0.9975599
31.4,53.5,2325,4095,816,757,0,0.9975599
31.4,53.5,2229,4095,768,752,0,0.9975599
31.4,53.5,2285,4095,768,756,0,0.9975599
31.4,53.5,2166,4095,766,758,0,0.9975599
31.4,53.5,2259,4095,763,756,0,0.9975599
31.4,53.5,2322,4095,759,753,0,0.9975599
31.4,53.5,2322,4095,755,765,0,0.9975599
31.4,53.5,2242,4095,768,763,0,0.9975599
31.4,53.5,2166,4095,753,770,0,0.9975599
31.4,53.5,2284,4095,758,768,0,0.9975599
31.4,53.5,2231,4095,750,769,0,0.9975599
31.4,53.5,2325,4095,751,768,0,0.9975599
31.4,53.5,2213,4095,748,766,0,0.9975599
31.4,53.5,2186,4095,747,771,0,0.9975599
31.4,53.6,2140,4095,745,769,0,0.9975599
31.4,53.6,2272,4095,738,778,0,0.9975599
31.4,53.6,2334,4095,741,774,0,0.9975599
31.4,53.6,2197,4095,730,777,0,0.9975599
31.3,53.5,2256,4095,736,778,0,0.9975599
31.3,53.5,2179,4095,731,777,0,0.9975599
31.3,53.5,2290,4095,731,778,0,0.9975599
31.3,53.5,2308,4095,726,781,0,0.9975599
31.4,53.5,2339,4095,725,781,0,0.9975599
31.4,53.5,2224,4095,720,773,0,0.9975599
31.4,53.5,2185,4095,720,773,0,0.9975599
31.4,53.5,2310,4095,718,766,0,0.9975599
31.4,53.5,2272,4095,717,782,0,0.9975599
31.4,53.5,2337,4095,699,773,0,0.9975599
31.4,53.5,2203,4095,711,773,0,0.9975599
31.4,53.5,2224,4095,706,775,0,0.9975599
31.4,53.5,2187,4095,704,777,0,0.9975599
31.4,53.5,2307,4095,704,768,0,0.9975599
31.4,53.5,2314,4095,703,763,0,0.9975599
31.4,53.5,2185,4095,691,768,0,0.9975599
31.4,53.5,2218,4095,686,770,0,0.9975599
31.4,53.5,2223,4095,691,778,0,0.9975599
31.4,53.5,2345,4095,688,772,0,0.9975599
31.4,53.5,2263,4095,688,768,0,0.9975599
31.4,53.5,2311,4095,685,768,0,0.9975599
31.4,53.5,2182,4095,686,769,0,0.9975599
31.4,53.5,2271,4095,683,770,0,0.9975599
31.4,53.5,2345,4095,704,768,0,0.9975599
31.4,53.5,2350,4095,680,766,0,0.9975599
31.4,53.5,2253,4095,676,762,0,0.9975599
31.4,53.5,2202,4095,673,767,0,0.9975599
31.4,53.5,2327,4095,670,759,0,0.9975599
31.3,53.6,2286,4095,624,758,0,0.9975599
31.3,53.6,2382,4095,667,762,0,0.9975599
31.3,53.6,2192,4095,665,757,0,0.9975599
31.3,53.6,2246,4095,662,759,0,0.9975599
31.4,53.6,2208,4095,661,755,0,0.9975599
31.4,53.6,2339,4095,664,761,0,0.9975599
31.4,53.6,2288,4095,658,761,0,0.9975599
31.4,53.6,2191,4095,659,765,0,0.9975599
31.4,53.6,2192,4095,656,765,0,0.9975599
31.4,53.6,2261,4095,656,769,0,0.9975599
31.4,53.6,2352,4095,656,768,0,0.9975599
31.4,53.6,2227,4095,653,768,0,0.9975599
31.4,53.6,2287,4095,652,772,0,0.9975599
31.4,53.6,2192,4095,651,768,0,0.9975599
31.4,53.6,2308,4095,645,767,0,0.9975599
31.4,53.6,2320,4095,643,766,0,0.9975599
31.4,53.6,2349,4095,642,767,0,0.9975599
31.4,53.6,2215,4095,640,765,0,0.9975599
31.4,53.6,2216,4095,641,768,0,0.9975599
31.4,53.6,2343,4095,645,767,0,0.9975599
31.3,53.6,2299,4095,679,769,0,0.9975599
31.3,53.6,2320,4095,635,766,0,0.9975599
31.3,53.6,2183,4095,633,765,0,0.9975599
31.3,53.6,2259,4095,631,774,0,0.9975599
31.3,53.6,2210,4095,633,767,0,0.9975599
31.3,53.6,2346,4095,627,767,0,0.9975599
31.3,53.6,2273,4095,626,942,0,0.9976809
31.3,53.6,2192,4095,625,769,0,0.9975599
31.4,53.7,2177,4095,625,777,0,0.9975599
31.4,53.7,2261,4095,624,770,0,0.9975599
31.4,53.7,2343,4095,621,768,0,0.9975599
31.4,53.7,2218,4095,621,768,0,0.9975599
31.4,53.6,2320,4095,619,769,0,0.9975599
31.4,53.6,2190,4095,613,768,0,0.9975599
31.4,53.6,2307,4095,615,770,0,0.9975599
31.4,53.6,2320,4095,614,773,0,0.9975599
31.4,53.7,2357,4095,613,773,0,0.9975599
31.4,53.7,2215,4095,611,771,0,0.9975599
31.4,53.7,2219,4095,608,769,0,0.9975599
31.4,53.7,2338,4095,599,771,0,0.9975599
31.4,53.7,2305,4095,606,773,0,0.9975599
31.4,53.7,2309,4095,609,774,0,0.9975599
31.4,53.7,2177,4095,603,771,0,0.9975599
31.4,53.7,2257,4095,599,771,0,0.9975599
31.4,53.7,2205,4095,594,773,0,0.9975599
31.4,53.7,2337,4095,592,771,0,0.9975599
31.4,53.7,2261,4095,592,766,0,0.9975599
31.4,53.7,2187,4095,591,768,0,0.9975599
31.4,53.7,2176,4095,589,771,0,0.9975599
31.4,53.7,2259,4095,593,765,0,0.9975599
31.4,53.7,2343,4095,582,759,0,0.9975599
31.4,53.7,2214,4095,579,766,0,0.9975599
31.4,53.6,2271,4095,576,769,0,0.9975599
31.4,53.6,2188,4095,579,759,0,0.9975599
31.4,53.6,2299,4095,609,764,0,0.9975599
31.4,53.6,2308,4095,575,767,0,0.9975599
31.4,53.6,2329,4095,573,765,0,0.9975599
31.4,53.6,2208,4095,565,762,0,0.9975599
31.4,53.6,2202,4095,563,766,0,0.9975599
31.4,53.6,2326,4095,566,764,0,0.9975599
31.3,53.6,2287,4095,562,763,0,0.9975599
31.3,53.6,2309,4095,562,754,0,0.9975599
31.3,53.6,2174,4095,560,774,0,0.9975599
31.3,53.6,2235,4095,560,771,0,0.9975599
31.4,53.6,2190,4095,555,774,0,0.9975599
31.4,53.6,2320,4095,554,775,0,0.9975599
31.4,53.6,2270,4095,547,777,0,0.9975599
31.4,53.6,2175,4095,547,773,0,0.9975599
31.4,53.7,2175,4095,545,775,0,0.9975599
31.4,53.7,2241,4095,544,774,0,0.9975599
31.4,53.7,2329,4095,541,774,0,0.9975599
31.4,53.7,2210,4095,533,774,0,0.9975599
31.4,53.7,2283,4095,528,771,0,0.9975599
31.4,53.7,2177,4095,534,768,0,0.9975599
31.4,53.7,2293,4095,528,767,0,0.9975599
31.4,53.7,2320,4095,525,768,0,0.9975599
31.5,53.2,2375,4095,0,326,[0 1 0]
31.5,53.2,2383,4095,0,369,[0 1 0]
31.5,53.2,2276,4095,0,438,[0 1 0]
31.5,53.2,2393,4095,0,482,[0 1 0]
31.5,53.2,2365,4095,0,528,[0 1 0]
31.5,53.2,2403,4095,0,563,[0 1 0]
31.5,53.2,2253,4095,0,595,[0 1 0]
31.5,53.2,2381,4095,0,640,[0 1 0]
31.5,53.1,2351,4095,0,666,[0 1 0]
31.5,53.1,2413,4095,0,702,[0 1 0]
31.5,53.1,2251,4095,0,732,[0 1 0]
31.5,53.1,2364,4095,0,759,[0 1 0]
31.6,53.2,2333,4095,0,788,[0 1 0]
31.6,53.2,2431,4095,0,816,[0 1 0]
31.6,53.2,2266,4095,0,831,[0 1 0]
31.6,53.2,2350,4095,0,860,[0 1 0]
31.6,53.1,2313,4095,0,881,[0 1 0]
31.6,53.1,2437,4095,0,902,[0 1 0]
31.6,53.1,2289,4095,0,912,[0 1 0]
31.6,53.1,2313,4095,0,931,[0 1 0]
31.5,53.2,2292,4095,0,950,[0 1 0]
31.5,53.2,2445,4095,0,962,[0 1 0]
31.5,53.2,2317,4095,0,976,[0 1 0]
31.5,53.2,2299,4095,0,991,[0 1 0]
31.6,53.2,2274,4095,0,1002,[0 1 0]
31.6,53.2,2429,4095,0,1011,[0 1 0]
31.6,53.2,2345,4095,0,1018,[0 1 0]
31.6,53.2,2281,4095,0,1033,[0 1 0]
31.5,53.2,2261,4095,0,1040,[0 1 0]
31.5,53.2,2415,4095,0,1047,[0 1 0]
31.5,53.2,2363,4095,0,1053,[0 1 0]
31.5,53.2,2234,4095,0,1045,[0 1 1]
31.6,53.2,2226,4095,0,1066,[0 1 1]
31.6,53.2,2351,4095,741,1088,[0 1 0]
31.6,53.2,2338,4095,0,1090,[0 1 0]
31.6,53.2,2199,4095,0,1079,[0 1 1]
31.6,53.2,2202,4095,0,1085,[0 1 1]
31.6,53.2,2330,4095,0,1102,[0 1 0]
31.6,53.2,2355,4095,0,1109,[0 1 0]
31.6,53.2,2192,4095,0,1088,[0 1 1]
31.6,53.7,2214,4095,0,1088,[0 1 1]
31.6,53.7,2295,4095,0,1108,[0 1 0]
31.6,53.7,2377,4095,0,1147,[0 1 0]
31.6,53.7,2207,4095,0,1091,[0 1 1]
31.6,55.6,2233,4095,0,1167,[0 1 1]
31.6,55.6,2273,4095,0,1104,[0 1 0]
31.6,55.6,2226,4095,0,1118,[0 1 1]
31.6,55.6,422,4095,0,1103,[0 1 1]
31.7,56.8,431,4095,0,1121,[0 0 1]
31.7,56.8,432,4095,0,1121,[0 0 1]
31.7,56.8,459,4095,0,1104,[0 0 1]
31.7,56.8,447,4095,0,1099,[0 0 1]
31.7,55.8,434,4095,0,1104,[0 1 1]
31.7,55.8,423,4095,0,1104,[0 1 1]
31.7,55.8,483,4095,0,1117,[0 1 1]
31.7,55.8,484,4095,0,1121,[0 1 1]
31.7,55.0,468,4095,0,1121,[0 1 1]
31.7,55.0,448,4095,0,1119,[0 1 1]
31.7,55.0,495,4095,0,1121,[0 1 1]
31.7,55.0,1937,4095,0,1119,[0 1 1]
31.8,54.4,2335,4095,0,1119,[0 1 0]
31.8,54.4,2229,4095,0,1118,[0 1 1]
31.8,54.4,2359,4095,0,1099,[0 1 0]
31.8,54.4,2309,4095,0,1135,[0 1 0]
31.8,54.0,2320,4095,0,1101,[0 1 0]
31.8,54.0,2213,4095,0,1102,[0 1 1]
31.8,54.0,2351,4095,0,1098,[0 1 0]
31.8,54.0,2323,4095,0,1118,[0 1 0]
31.8,53.7,2349,4095,0,1088,[0 1 0]
31.8,53.7,2234,4095,0,1099,[0 1 1]
31.8,53.7,2366,4095,0,1099,[0 1 0]
31.8,53.7,2321,4095,0,1113,[0 1 0]
31.8,53.5,2361,4095,0,1073,[0 1 0]
31.8,53.5,2233,4095,0,1101,[0 1 1]
31.8,53.5,2371,4095,0,1095,[0 1 0]
31.8,53.5,2352,4095,0,1109,[0 1 0]
31.9,53.4,2369,4095,0,1091,[0 1 0]
31.9,53.4,2233,4095,0,1034,[0 1 1]
31.9,53.4,2352,4095,0,1091,[0 1 0]
31.9,53.4,2346,4095,0,1104,[0 1 0]
31.9,53.2,2341,4095,0,1093,[0 1 0]
31.9,53.2,2194,4095,0,1089,[0 1 1]
31.9,53.2,2325,4095,0,1088,[0 1 0]
31.9,53.2,2327,4095,0,1107,[0 1 0]
31.9,53.1,2362,4095,0,1089,[0 1 0]
31.9,53.1,2206,4095,0,1088,[0 1 1]
31.9,53.1,2319,4095,0,1084,[0 1 0]
31.9,53.1,2331,4095,0,1104,[0 1 0]
31.9,53.0,2349,4095,0,1088,[0 1 0]
31.9,53.0,2190,4095,0,1087,[0 1 1]
31.9,53.0,2320,4095,0,1093,[0 1 0]
31.9,53.0,2242,4095,667,1104,[0 1 1]
31.9,53.1,2253,4095,0,1081,[0 1 0]
31.9,53.1,2147,4095,0,1103,[0 1 1]
31.9,53.1,2256,4095,0,1082,[0 1 0]
31.9,53.1,2256,4095,0,1095,[0 1 0]
31.9,53.1,2303,4095,0,1082,[0 1 0]
31.9,53.1,2166,1153,0,1082,[0 1 1]
31.9,53.1,2224,880,0,1079,[0 1 1]
31.9,53.1,2373,903,0,1099,[0 1 0]
31.9,53.0,2317,3523,2056,1099,[1 1 0]
31.9,53.0,2160,1209,46,1078,[0 1 1]
31.9,53.0,2273,1339,192,1095,[0 1 0]
31.9,53.0,2321,1306,251,1094,[0 1 0]
32.0,52.9,2351,4095,1854,1077,[1 1 0]
32.0,52.9,2183,4095,2033,1075,[1 1 0]
32.0,52.9,2303,4095,2058,1089,[1 1 0]
32.0,52.9,2303,4095,2064,1102,[1 1 0]
31.9,52.9,2320,4095,2064,1087,[1 1 0]
31.9,52.9,2174,1424,433,1088,[0 1 1]
31.9,52.9,2299,1421,483,1072,[0 1 0]
31.9,52.9,2303,1415,529,1087,[0 1 0]
31.9,52.8,2322,1409,565,1071,[0 1 0]
31.9,52.8,2173,1425,605,1065,[0 1 1]
31.9,52.8,2300,1456,653,1069,[0 1 0]
31.9,52.8,2320,4095,2062,1085,[1 1 0]
32.0,52.8,2352,4095,2078,1067,[1 1 0]
32.0,52.8,2197,4095,2094,1082,[1 1 0]
32.0,52.8,2327,4095,2099,1085,[1 1 0]
32.0,52.8,2304,4095,1760,1079,[1 1 0]
32.0,52.7,2322,4095,1570,1079,[1 1 0]
32.0,52.7,2063,4095,1337,1079,[0 1 0]
32.0,52.7,2175,4051,1238,1077,[0 1 0]
32.0,52.7,2352,4014,1301,1057,[0 1 0]
32.0,52.7,2419,4013,1239,1060,[0 1 0]
32.0,52.7,2278,4025,1226,1059,[0 1 0]
32.0,52.7,2417,3989,1209,1052,[0 1 0]
32.0,52.7,2384,3892,1226,1060,[0 1 0]
32.0,52.7,2415,3824,993,1063,[0 1 0]
32.0,52.7,2283,3778,1042,1063,[0 1 0]
32.0,52.7,2425,3748,1213,1055,[0 1 0]
32.0,52.7,2374,3734,1216,1065,[0 1 0]
32.0,52.7,2406,3717,1166,1065,[0 1 0]
32.0,52.7,2245,3718,1121,1054,[0 1 0]
32.0,52.7,555,3696,1203,1057,[0 1 1]
32.0,52.7,511,3691,1190,1055,[0 1 1]
31.9,52.6,546,3685,1210,1141,[0 1 1]
31.9,52.6,2292,3679,1050,1077,[0 1 0]
31.9,52.6,2447,3696,1199,1072,[0 1 0]
31.9,52.6,2342,3680,1206,1053,[0 1 0]
32.0,52.6,2378,3666,1199,1023,[0 1 0]
32.0,52.6,2283,3664,1185,1054,[0 1 0]
32.0,52.6,2455,3628,1201,1053,[0 1 0]
32.0,52.6,2352,3629,1203,1053,[0 1 0]
32.0,52.6,2384,3612,1179,1049,[0 1 0]
32.0,52.6,2321,3607,1194,1053,[0 1 0]
32.0,52.6,2449,3603,1203,1050,[0 1 0]
32.0,52.6,2288,3583,1209,1126,[0 1 0]
32.0,52.7,2306,3600,1191,1045,[0 1 0]
32.0,52.7,2262,3610,1201,1052,[0 1 0]
32.0,52.7,2403,3607,1207,1054,[0 1 0]
32.0,52.7,2273,3601,1206,1046,[0 1 0]
32.0,52.7,2307,3600,1186,1047,[0 1 0]
32.0,52.7,2256,3607,1201,1047,[0 1 0]
32.0,52.7,2408,3622,1210,962,[0 1 0]
32.0,52.7,2275,3614,1210,1049,[0 1 0]
32.0,52.6,2319,3613,1185,1043,[0 1 0]
32.0,52.6,2486,3619,1195,1044,[0 1 0]
32.0,52.6,3231,3631,1211,1043,[0 1 0]
32.0,52.6,2950,3622,1217,1046,[0 1 0]
32.0,52.6,3898,3621,1202,1042,[0 1 0]
32.0,52.6,2663,3619,1200,1047,[0 1 0]
32.0,52.6,3441,3631,1200,1045,[0 1 0]
32.0,52.6,3888,3627,1177,1038,[0 1 0]
32.0,52.6,3955,3618,1173,1044,[0 1 0]
32.0,52.6,2949,3630,1108,1043,[0 1 0]
32.0,52.6,3290,3641,1116,1040,[0 1 0]
32.0,52.6,3719,3643,1120,1043,[0 1 0]
32.0,52.6,3885,3634,1117,1043,[0 1 0]
32.0,52.6,3269,3641,1120,1040,[0 1 0]
32.0,52.6,2695,3648,1115,1040,[0 1 0]
32.0,52.6,3537,3645,1115,1039,[0 1 0]
32.0,52.5,4079,3645,1114,1039,[0 1 0]
32.0,52.5,4083,3656,1117,1037,[0 1 0]
32.0,52.5,4095,3649,1114,1040,[0 1 0]
32.0,52.5,4095,3651,1113,1038,[0 1 0]
32.0,52.5,2865,3657,1115,1037,[0 1 0]
32.0,52.5,2213,3661,1120,1035,[0 1 0]
32.0,52.5,2240,3661,1119,1031,[0 1 0]
32.0,52.5,746,3664,1122,1033,[0 1 1]
32.0,52.5,470,3661,1118,1035,[0 1 1]
32.0,52.5,460,3786,1133,1049,[0 1 1]
32.0,52.5,492,3677,1130,1045,[0 1 1]
32.0,52.5,2389,3678,1131,1051,[0 1 0]
32.0,52.5,2422,3675,1138,1047,[0 1 0]
32.0,52.5,2260,3669,1120,1023,[0 1 0]
32.0,52.5,2370,3679,1116,1021,[0 1 0]
32.0,52.5,2415,3683,1121,1023,[0 1 0]
32.0,52.5,2427,3687,1119,1040,[0 1 0]
32.0,52.5,2255,3696,1122,1019,[0 1 0]
32.0,52.5,2346,3691,1121,1019,[0 1 0]
32.0,52.5,2390,3687,1117,1021,[0 1 0]
32.0,52.6,2409,3685,1124,1023,[0 1 0]
32.0,52.6,2244,3703,1125,1019,[0 1 0]
32.0,52.6,2326,3691,1123,1023,[0 1 0]
32.0,52.6,2417,3701,1122,1021,[0 1 0]
32.0,54.4,2425,3696,1123,1022,[0 1 0]
32.0,54.4,2273,3691,1125,1019,[0 1 0]
32.0,54.4,2320,3709,1121,1019,[0 1 0]
32.0,54.4,2393,3698,1126,1015,[0 1 0]
32.0,54.6,2394,3699,1130,1036,[0 1 0]
32.0,54.6,2266,3719,1127,1018,[0 1 0]
32.0,54.6,2310,3715,1127,1010,[0 1 0]
32.0,54.6,2411,3705,1125,1023,[0 1 0]
32.1,54.1,2426,3723,1133,1018,[0 1 0]
32.1,54.1,2291,3722,1130,1013,[0 1 0]
32.1,54.1,2335,3728,1126,1015,[0 1 0]
32.1,54.1,2441,3728,1130,1013,[0 1 0]
32.1,55.6,2439,3719,1129,1019,[0 1 0]
32.1,55.6,2295,3730,1136,1011,[0 1 0]
32.1,55.6,2320,3728,1134,1011,[0 1 0]
32.1,55.6,2421,3731,1135,1011,[0 1 0]
32.1,55.0,2422,3723,1134,1009,[0 1 0]
32.1,55.0,2301,3735,1135,1020,[0 1 0]
32.1,55.0,2315,3732,1134,1009,[0 1 0]
32.1,55.0,2435,3729,1155,1009,[0 1 0]
32.1,54.3,2431,3728,1136,1010,[0 1 0]
32.1,54.3,2320,3722,1136,1011,[0 1 0]
32.1,54.3,2311,3739,1139,1010,[0 1 0]
32.1,54.3,2442,3732,1143,1011,[0 1 0]
32.1,53.7,2431,3705,1139,1008,[0 1 0]
32.1,53.7,2325,3737,1143,1009,[0 1 0]
32.1,53.7,2290,3737,1136,1008,[0 1 0]
32.1,53.7,2421,3727,1143,1015,[0 1 0]
32.1,53.2,2399,3733,1139,1008,[0 1 0]
31.7,53.3,2384,4095,0,912,0,1,0
31.7,53.3,2302,4095,0,910,0,1,0
31.7,53.3,2253,4095,0,930,0,1,0
31.7,53.3,2384,4095,0,933,0,1,0
31.7,53.3,2357,4095,0,928,0,1,0
31.7,53.3,2341,4095,0,922,0,1,0
31.7,53.3,2224,4095,0,923,0,1,1
31.7,53.3,2359,4095,0,925,0,1,0
31.7,53.3,2331,4095,0,944,0,1,0
31.7,53.3,2355,4095,0,918,0,1,0
31.7,53.3,2143,4095,0,918,0,1,1
31.7,53.3,2057,4095,0,918,0,1,1
31.7,53.3,2068,4095,80,942,0,1,1
31.7,53.3,1569,4095,41,903,0,1,1
31.7,53.3,554,4095,0,934,0,1,1
31.7,53.3,506,4095,0,936,0,1,1
31.7,53.3,509,4095,0,937,0,1,1
31.7,53.3,591,4095,0,932,0,1,1
31.7,53.3,2256,4095,0,932,0,1,0
31.7,53.3,2258,4095,0,931,0,1,0
31.7,53.5,2227,4095,16,911,0,1,1
31.7,53.5,2287,4095,22,910,0,1,0
31.7,53.5,528,4095,66,927,0,1,1
31.7,53.5,462,4095,52,910,0,1,1
31.7,53.7,482,4095,80,929,0,1,1
31.7,53.7,2227,4095,80,929,0,1,1
31.7,53.7,2367,4095,70,929,0,1,0
31.7,53.7,2235,4095,61,921,0,1,1
31.7,53.7,781,4095,77,908,0,1,1
31.7,53.7,216,4095,192,927,0,1,1
31.7,53.7,261,4095,0,927,0,1,1
31.7,53.7,263,4095,0,918,0,1,1
31.7,53.7,208,4095,0,923,0,1,1
31.7,53.7,190,4095,0,925,0,1,1
31.7,53.7,2100,4095,0,922,0,1,1
31.7,53.7,2332,4095,0,922,0,1,0
31.7,53.5,2387,4095,0,924,0,1,0
31.7,53.5,2289,4095,0,899,0,1,0
31.7,53.5,2422,4095,0,896,0,1,0
31.7,53.5,2178,4095,0,899,0,1,1
31.7,53.5,2167,4095,0,900,0,1,1
31.7,53.5,2277,4095,0,917,0,1,0
31.7,53.5,2317,4095,0,919,0,1,0
31.7,53.5,565,4095,0,898,0,1,1
31.7,53.5,602,4095,0,902,0,1,1
31.7,53.5,576,4095,0,918,0,1,1
31.7,53.5,624,4095,0,923,0,1,1
31.7,53.5,2377,4095,0,919,0,1,0
31.7,53.5,2470,4095,0,922,0,1,0
31.7,53.5,2320,4095,0,891,0,1,0
31.7,53.5,2455,4095,0,896,0,1,0
31.7,53.5,2466,4095,0,896,0,1,0
31.7,53.6,2497,4095,0,899,0,1,0
31.7,53.6,2317,4095,0,898,0,1,0
31.7,53.6,2431,4095,0,899,0,1,0
31.7,53.6,2496,4095,0,896,0,1,0
31.7,53.6,2518,4095,0,956,0,1,0
31.7,53.6,2305,4095,0,896,0,1,0
31.7,53.6,2249,4095,0,896,0,1,0
31.7,53.6,2367,4095,0,897,0,1,0
31.7,53.5,2390,4095,0,903,0,1,0
31.7,53.5,2320,4095,0,896,0,1,0
31.7,53.5,2297,4095,0,896,0,1,0
31.7,53.5,2431,4095,0,899,0,1,0
31.8,55.4,2416,4095,0,901,0,1,0
31.8,55.4,2349,4095,0,892,0,1,0
31.8,55.4,2291,4095,0,896,0,1,0
31.8,55.4,2439,4095,0,895,0,1,0
31.8,62.6,2407,4095,0,896,0,0,0
31.8,62.6,2202,4095,0,896,0,0,1
31.8,62.6,2191,4095,0,875,0,0,1
31.8,62.6,2346,4095,0,899,0,0,0
31.9,65.8,2218,4095,0,901,0,0,1
31.9,65.8,2215,4095,0,875,0,0,1
31.9,65.8,2135,4095,0,897,0,0,1
31.9,65.8,2273,4095,0,896,0,0,0
32.0,63.9,2231,4095,0,892,0,0,1
32.0,63.9,2154,4095,0,876,0,0,1
32.0,63.9,2112,4095,0,896,0,0,1
32.0,63.9,2135,1200,0,879,0,0,1
32.1,60.8,2174,893,3,897,0,0,1
32.1,60.8,2222,1104,193,896,0,0,1
32.1,60.8,2066,1654,526,893,0,0,1
32.1,60.8,2234,4095,2011,895,1,0,0
32.2,58.1,2192,4095,2025,895,1,0,0
32.2,58.1,2288,4095,1939,893,1,0,0
32.2,58.1,2153,4095,1569,959,1,0,0
32.2,58.1,2227,4095,1427,891,0,0,0
32.3,56.3,2145,4095,1342,895,0,0,0
32.3,56.3,2412,4095,1287,863,0,0,0
32.3,56.3,2311,4095,1292,870,0,0,0
32.3,56.3,2349,4095,1302,871,0,0,0
32.3,55.1,2329,4095,1319,871,0,1,0
32.3,55.1,2475,4095,1323,870,0,1,0
32.3,55.1,2357,4095,1343,895,0,1,0
32.3,55.1,2339,4095,1347,888,0,1,0
32.4,54.3,2327,4095,1355,891,0,1,0
32.7,52.2,2432,3376,1381,846,0,1,0
32.7,52.2,2462,3354,1382,846,0,1,0
32.7,52.2,2320,3375,1392,865,0,1,0
32.7,52.0,2352,3382,1390,864,0,1,0
32.7,52.0,2381,3373,1392,863,0,1,0
32.7,52.0,2498,3387,1392,862,0,1,0
32.7,52.0,2373,3374,1393,855,0,1,0
32.8,51.9,2430,3378,1392,859,0,1,0
32.8,51.9,2334,3377,1392,862,0,1,0
32.8,51.9,2465,3365,1392,858,0,1,0
32.8,51.9,2438,3361,1392,855,0,1,0
32.7,51.8,2481,3377,1392,848,0,1,0
32.7,51.8,2320,3354,1393,855,0,1,0
32.7,51.8,2415,3368,1392,859,0,1,0
32.7,51.8,2492,3362,1392,851,0,1,0
32.7,51.7,2499,3351,1391,855,0,1,0
32.7,51.7,2372,3362,1392,851,0,1,0
32.7,51.7,2365,3359,1393,853,0,1,0
32.7,51.7,2497,3350,1392,851,0,1,0
32.7,51.7,2471,3351,1412,853,0,1,0
32.7,51.7,2433,3373,1392,851,0,1,0
32.7,51.7,2326,3358,1392,859,0,1,0
32.7,51.7,2458,3365,1393,852,0,1,0
32.7,51.6,2417,3365,1394,850,0,1,0
32.7,51.6,2465,3356,1393,850,0,1,0
32.7,51.6,2320,3357,1393,850,0,1,0
32.7,51.6,2405,3349,1394,843,0,1,0
32.7,51.6,2352,3353,1403,851,0,1,0
32.7,51.6,2491,3345,1367,848,0,1,0
32.7,51.6,2363,3328,1392,848,0,1,0
32.7,51.6,2365,3355,1394,848,0,1,0
32.7,51.6,2331,3343,1392,849,0,1,0
32.7,51.6,2475,3349,1393,848,0,1,0
32.7,51.6,2414,3364,1392,849,0,1,0
32.7,51.6,2327,3349,1393,848,0,1,0
32.7,51.6,2308,3348,1393,848,0,1,0
32.7,51.6,2429,3346,1393,848,0,1,0
32.7,51.6,2462,3346,1394,848,0,1,0
32.7,51.6,2316,3340,1393,848,0,1,0
32.6,51.6,2340,3337,1395,850,0,1,0
32.6,51.6,2385,3343,1394,848,0,1,0
32.6,51.6,2441,3344,1394,848,0,1,0
32.6,51.6,2222,3312,1395,847,0,1,0
32.6,51.7,2256,3254,1413,848,0,1,0
32.6,51.7,2282,3201,1473,845,0,1,0
32.6,51.7,2311,734,1462,844,0,1,0
32.6,51.7,2245,698,1456,846,0,1,0
32.6,51.8,2287,690,1442,846,0,1,0
32.6,51.8,2155,689,1435,918,0,1,0
32.6,51.8,2263,690,1425,848,0,1,0
32.6,51.8,2293,695,1425,843,0,1,0
32.6,51.8,2314,707,1424,859,0,1,0
32.6,51.8,2175,715,1424,845,0,1,0
32.6,51.8,2207,762,1443,846,0,1,0
32.6,51.8,2402,3270,1420,845,0,1,0
32.6,51.7,2399,3286,1411,848,0,1,0
32.6,51.7,2288,3307,1413,844,0,1,0
32.6,51.7,2183,2016,1420,848,0,1,0
32.6,51.7,2305,767,1417,846,0,1,0
32.6,51.6,2265,697,1417,847,0,1,0
32.6,51.6,2320,3504,1419,843,0,1,0
32.6,51.6,2197,3664,1420,859,0,1,0
32.6,51.6,2267,3327,2384,843,1,1,0
32.6,51.6,2349,3058,2176,843,1,1,0
32.6,51.6,2480,3094,2196,870,1,1,0
32.6,51.6,2352,3106,2214,860,1,1,0
32.6,51.6,2332,3122,2208,855,1,1,0
32.5,51.6,2304,3126,2227,833,1,1,0
32.5,51.6,2432,3136,2237,859,1,1,0
32.5,51.6,2453,3149,2242,858,1,1,0
32.5,51.6,2317,3152,2251,858,1,1,0
32.6,51.5,2377,3156,2255,859,1,1,0
32.6,51.5,2327,3165,2256,857,1,1,0
32.6,51.5,2452,3171,2261,849,1,1,0
32.6,51.5,2443,3173,2268,852,1,1,0
32.5,51.5,2474,3178,2269,855,1,1,0
32.5,51.5,2363,4031,1749,851,1,1,0
32.5,51.5,2342,4087,1625,852,1,1,0
32.5,51.5,2415,4027,1598,853,1,1,0
32.5,51.5,2326,4029,1535,859,1,1,0
32.5,51.5,2497,4025,1529,816,1,1,0
32.5,51.5,2385,4027,1514,849,0,1,0
32.5,51.5,2337,4023,1501,853,0,1,0
32.4,51.6,2309,4016,1474,833,0,1,0
32.4,51.6,2394,4033,1472,817,0,1,0
32.4,51.6,2480,4022,1406,831,0,1,0
32.4,51.6,2384,4030,1459,835,0,1,0
32.4,51.7,2448,4027,1455,834,0,1,0
32.4,51.7,2319,4029,1453,832,0,1,0
32.4,51.7,2384,4016,1451,835,0,1,0
32.4,51.7,2494,3974,1446,832,0,1,0
32.3,52.1,2367,4048,1422,816,0,1,0
32.3,52.1,2485,4059,1422,813,0,1,0
32.3,52.1,2415,4052,1430,833,0,1,0
32.3,52.1,2474,4049,1430,834,0,1,0
32.3,52.1,2327,4051,1431,835,0,1,0
32.3,52.1,2369,4048,1434,834,0,1,0
32.3,52.1,2485,4065,1430,831,0,1,0
32.3,52.2,2427,4052,1434,833,0,1,0
32.3,52.2,2480,4052,1436,835,0,1,0
32.3,52.2,2240,4055,1433,832,0,1,0
32.3,52.2,672,3979,1435,832,0,1,1
32.3,52.3,542,4043,1431,830,0,1,1
32.3,52.3,2357,4066,1444,854,0,1,0
32.3,52.3,2495,4095,1442,900,0,1,0
32.3,52.3,2357,4056,1431,827,0,1,0
32.3,52.4,2419,4055,1430,832,0,1,0
32.3,52.4,2299,4048,1430,886,0,1,0
32.3,52.4,1856,4068,1431,830,0,1,0
32.3,52.4,559,4054,1431,825,0,1,1
32.3,52.3,578,4054,1430,829,0,1,1
32.3,52.3,623,4059,1441,846,0,1,1
32.3,52.3,585,4066,1460,844,0,1,1
32.3,52.3,942,4059,1444,844,0,1,1
32.3,52.3,2346,4051,1450,845,0,1,0
32.3,52.3,2463,4069,1443,847,0,1,0
32.3,52.3,2459,4062,1429,818,0,1,0
32.3,52.3,2323,4086,1429,821,0,1,0
32.3,52.3,2400,4061,1430,822,0,1,0
32.3,52.3,2322,4059,1429,822,0,1,0
32.3,52.3,2431,4063,1433,826,0,1,0
32.3,52.3,2482,4048,1429,821,0,1,0
32.3,52.4,2474,4059,1425,826,0,1,0
32.3,52.4,2432,4062,1428,837,0,1,0
32.3,52.4,2319,4059,1428,822,0,1,0
32.3,52.4,2394,4061,1425,823,0,1,0
32.2,52.5,2331,4064,1427,819,0,1,0
32.2,52.5,2438,4060,1424,823,0,1,0
32.2,52.5,2467,4063,1456,822,0,1,0
32.2,52.5,2337,4067,1424,822,0,1,0
32.2,52.7,2416,4059,1425,821,0,1,0
32.2,52.7,2316,4066,1426,823,0,1,0
32.2,52.7,2406,4062,1424,817,0,1,0
32.2,52.7,2483,4081,1424,763,0,1,0
32.3,52.6,2452,4050,1418,822,0,1,0
32.3,52.6,2447,4067,1423,818,0,1,0
32.3,52.6,2315,4065,1421,821,0,1,0
32.3,52.6,2369,4068,1415,820,0,1,0
32.2,52.6,2316,4054,1418,823,0,1,0
32.2,52.6,2429,4057,1419,819,0,1,0
32.2,52.6,2473,4075,1418,818,0,1,0
32.2,52.6,2342,4070,1418,821,0,1,0
32.2,52.5,2433,4065,1419,822,0,1,0
32.2,52.5,2318,4067,1421,819,0,1,0
32.2,52.5,2411,4075,1421,821,0,1,0
32.2,52.5,2501,4069,1418,827,0,1,0
32.2,52.4,2448,4062,1418,823,0,1,0
32.2,52.4,2467,4061,1415,821,0,1,0
32.2,52.4,2326,4064,1415,818,0,1,0
32.2,52.4,2384,4075,1414,821,0,1,0
32.2,52.4,2331,4066,1419,816,0,1,0
32.2,52.4,2445,4074,1419,817,0,1,0
32.2,52.4,2492,4065,1417,818,0,1,0
32.2,52.4,2364,4066,1414,818,0,1,0
32.2,52.4,2448,4065,1415,816,0,1,0
32.2,52.4,2315,3909,1415,818,0,1,0
32.2,52.4,2397,4077,1415,818,0,1,0
32.2,52.4,2496,4055,1418,818,0,1,0
32.2,52.4,2437,4095,1415,816,0,1,0
32.2,52.4,2471,4073,1419,819,0,1,0
32.2,52.4,2337,4070,1417,817,0,1,0
32.2,52.4,2354,4095,1418,820,0,1,0
32.2,52.4,2314,4067,1413,822,0,1,0
32.2,52.4,2413,4065,1415,816,0,1,0
32.2,52.4,2489,4080,1418,816,0,1,0
32.2,52.4,2378,4068,1414,817,0,1,0
32.1,52.4,2453,4066,1415,818,0,1,0
32.1,52.4,2299,4059,1415,816,0,1,0
32.1,52.4,2375,4063,1418,816,0,1,0
32.1,52.4,2490,4075,1414,816,0,1,0
32.2,52.5,2429,4060,1418,817,0,1,0
32.2,52.5,2475,4095,1414,819,0,1,0
32.2,52.5,2338,4079,1415,816,0,1,0
32.2,52.5,2352,4069,1413,816,0,1,0
32.1,52.6,2313,4061,1411,817,0,1,0
32.1,52.6,2412,4073,1413,816,0,1,0
32.1,52.6,2492,4073,1414,816,0,1,0
32.1,52.6,2378,4074,1414,817,0,1,0
32.1,52.6,2449,4065,1413,819,0,1,0
32.1,52.6,2314,4069,1424,815,0,1,0
32.1,52.6,2381,4064,1414,816,0,1,0
32.1,52.6,2482,4080,1411,816,0,1,0
32.1,52.5,2428,4076,1409,816,0,1,0
32.1,52.5,2465,4071,1411,813,0,1,0
32.1,52.5,2332,4095,1413,817,0,1,0
32.1,52.5,2349,4067,1410,815,0,1,0
32.1,52.5,2283,4064,1408,816,0,1,0
32.1,52.5,2410,4071,1410,830,0,1,0
32.1,52.5,2473,4062,1408,816,0,1,0
32.1,52.5,2371,4068,1409,815,0,1,0
32.1,52.6,2453,4087,1408,816,0,1,0
32.1,52.6,2308,4073,1429,816,0,1,0
32.1,52.6,2373,4078,1411,816,0,1,0
32.1,52.6,2477,4071,1411,816,0,1,0
32.1,52.6,2423,4051,1409,816,0,1,0
32.1,52.6,2470,4075,1411,816,0,1,0
32.1,52.6,2341,4048,1410,816,0,1,0
32.1,52.6,2346,4077,1413,815,0,1,0
32.1,52.8,2311,4071,1408,816,0,1,0
32.1,52.8,2398,4074,1412,816,0,1,0
32.1,52.8,2490,4066,1410,816,0,1,0
32.1,52.8,2384,4071,1411,813,0,1,0
32.1,52.7,2449,4070,1410,831,0,1,0
32.1,52.7,2319,4059,1410,813,0,1,0
32.1,52.7,2365,4067,1412,815,0,1,0
32.1,52.7,2477,4067,1414,813,0,1,0
32.1,52.7,2418,4052,1410,817,0,1,0
32.1,52.7,2469,4064,1414,810,0,1,0
32.1,52.7,2354,4068,1414,880,0,1,0
32.1,52.7,2328,4079,1413,815,0,1,0
32.1,52.6,2309,4051,1410,816,0,1,0
32.1,52.6,2387,4068,1411,815,0,1,0
32.1,52.6,2485,4082,1411,826,0,1,0
32.1,52.6,2399,4075,1408,815,0,1,0
32.1,52.6,2466,4075,1410,816,0,1,0
32.1,52.6,2331,4078,1409,814,0,1,0
32.1,52.6,2347,4069,1413,811,0,1,0
32.1,52.6,2465,4066,1413,812,0,1,0
32.1,52.6,2386,4065,1412,815,0,1,0
32.1,52.6,2486,4074,1414,811,0,1,0
32.1,52.6,2377,4073,1425,816,0,1,0
32.1,52.6,2325,4077,1413,813,0,1,0
32.1,52.6,2320,4080,1411,813,0,1,0
32.1,52.6,2373,4064,1414,815,0,1,0
32.1,52.6,2484,4070,1414,809,0,1,0
32.1,52.6,2417,4069,1414,811,0,1,0
32.1,52.6,2480,4074,1414,828,0,1,0
32.1,52.6,2347,4078,1411,813,0,1,0
32.1,52.6,2332,4064,1409,795,0,1,0
32.1,52.6,2460,4066,1411,813,0,1,0
32.0,52.6,2389,4078,1409,816,0,1,0
32.0,52.6,2491,4072,1414,813,0,1,0
32.0,52.6,2385,4078,1411,807,0,1,0
32.0,52.6,2323,4071,1408,812,0,1,0
32.0,52.8,2329,4071,1410,813,0,1,0
32.0,52.8,2379,4065,1413,809,0,1,0
32.0,52.8,2491,4079,1409,809,0,1,0
32.0,52.8,2416,4071,1411,811,0,1,0
32.1,53.0,2480,4065,1411,816,0,1,0
32.1,53.0,2346,4063,1413,806,0,1,0
32.1,53.0,2352,4064,1413,812,0,1,0
32.1,53.0,2463,4071,1411,810,0,1,0
32.1,52.9,2397,4073,1411,810,0,1,0
32.1,52.9,2485,4065,1413,805,0,1,0
32.1,52.9,2374,4071,1411,811,0,1,0
32.1,52.9,2336,4063,1413,807,0,1,0
32.1,52.8,2319,4059,1410,807,0,1,0
32.1,52.8,2381,4077,1407,805,0,1,0
32.1,52.8,2488,4071,1414,811,0,1,0
32.1,52.8,2395,4079,1411,811,0,1,0
32.0,52.7,2478,4065,1409,811,0,1,0
32.0,52.7,2337,4066,1410,810,0,1,0
32.0,52.7,2365,4067,1410,803,0,1,0
32.0,52.7,2480,4089,1411,804,0,1,0
32.0,52.7,2411,4065,1409,810,0,1,0
32.0,52.7,2487,4067,1408,810,0,1,0
32.0,52.7,2369,4078,1408,798,0,1,0
32.0,52.7,2340,4068,1411,809,0,1,0
32.0,52.6,2318,4075,1409,803,0,1,0
32.0,52.6,2401,4080,1410,807,0,1,0
32.0,52.6,2497,4080,1410,803,0,1,0
32.0,52.6,2416,4086,1408,809,0,1,0
32.0,52.6,2467,4071,1407,811,0,1,0
32.0,52.6,2321,4079,1407,805,0,1,0
32.0,52.6,2379,4079,1403,803,0,1,0
32.0,52.6,2485,4080,1407,806,0,1,0
32.0,52.7,2430,4071,1408,807,0,1,0
32.0,52.7,2477,4071,1407,803,0,1,0
32.0,52.7,2346,4075,1408,804,0,1,0
32.0,52.7,2353,4066,1410,805,0,1,0
32.0,52.6,2299,4071,1392,806,0,1,0
32.0,52.6,2413,4076,1407,806,0,1,0
32.0,52.6,2486,4095,1408,781,0,1,0
32.0,52.6,2369,4067,1406,804,0,1,0
32.0,52.6,2448,4069,1405,808,0,1,0
32.0,52.6,2308,4078,1406,803,0,1,0
32.0,52.6,2387,4071,1406,806,0,1,0
32.0,52.6,2490,4071,1405,806,0,1,0
32.0,52.6,2442,4080,1405,775,0,1,0
32.0,52.6,2461,4074,1407,806,0,1,0
32.0,52.6,2323,4074,1423,801,0,1,0
32.0,52.6,2369,4063,1408,801,0,1,0
32.0,52.6,2317,4081,1403,810,0,1,0
32.0,52.6,2431,4080,1357,801,0,1,0
32.0,52.6,2476,4073,1407,803,0,1,0
32.0,52.6,2341,4077,1403,802,0,1,0
32.0,52.7,2417,4069,1404,803,0,1,0
32.0,52.7,2315,4075,1404,803,0,1,0
32.0,52.7,2416,4095,1405,803,0,1,0
32.0,52.7,2479,4078,1403,798,0,1,0
32.0,52.7,2476,4080,1405,805,0,1,0
32.0,52.7,2431,4085,1403,803,0,1,0
32.0,52.7,2319,4080,1406,801,0,1,0
32.0,52.7,2413,4080,1406,803,0,1,0
31.9,52.7,2354,4078,1405,784,0,1,0
31.9,52.7,2478,4075,1402,802,0,1,0
31.9,52.7,2445,4080,1397,800,0,1,0
31.9,52.7,2317,4080,1404,805,0,1,0
32.0,52.7,2374,4085,1399,805,0,1,0
32.0,52.7,2347,4085,1403,805,0,1,0
32.0,52.7,2462,4085,1403,803,0,1,0
32.0,52.7,2451,4075,1403,800,0,1,0
32.0,52.8,2494,4087,1399,804,0,1,0
32.0,52.8,2375,4095,1406,802,0,1,0
32.0,52.8,2334,4093,1402,800,0,1,0
32.0,52.8,2450,4083,1403,804,0,1,0
31.9,52.9,2395,4089,1403,797,0,1,0
31.9,52.9,2494,4083,1401,801,0,1,0
31.9,52.9,2382,4080,1402,801,0,1,0
31.9,52.9,2329,4080,1403,882,0,1,0
32.0,52.9,2308,4083,1397,801,0,1,0
32.0,52.9,2389,4089,1402,797,0,1,0
32.0,52.9,2489,4087,1402,798,0,1,0
32.0,52.9,2384,4084,1402,799,0,1,0
31.9,52.9,2448,4080,1401,800,0,1,0
31.9,52.9,2307,4083,1402,806,0,1,0
31.9,52.9,2387,4087,1399,799,0,1,0
31.9,52.9,2490,4090,1377,801,0,1,0
32.0,52.8,2448,4087,1398,800,0,1,0
32.0,52.8,2448,4091,1401,799,0,1,0
32.0,52.8,2317,4080,1401,797,0,1,0
32.0,52.8,2391,4086,1399,800,0,1,0
32.0,52.9,2333,4095,1403,799,0,1,0
32.0,52.9,2465,4090,1403,801,0,1,0
32.0,52.9,2445,4083,1403,799,0,1,0
32.0,52.9,2315,4095,1402,799,0,1,0
31.9,52.9,2355,4081,1398,799,0,1,0
31.9,52.9,2352,4082,1402,800,0,1,0
31.9,52.9,2473,4083,1402,797,0,1,0
31.9,52.9,2431,4086,1405,797,0,1,0
32.0,52.9,2487,4082,1399,798,0,1,0
32.0,52.9,2332,4095,1401,799,0,1,0
32.0,52.9,2359,4091,1399,798,0,1,0
32.0,52.9,2479,4086,1395,799,0,1,0
31.9,52.9,2435,4095,1398,800,0,1,0
31.9,52.9,2467,4093,1398,798,0,1,0
31.9,52.9,2322,4083,1435,797,0,1,0
31.9,52.9,2382,4095,1405,801,0,1,0
31.9,53.0,2333,4095,1402,800,0,1,0
31.9,53.0,2454,4087,1392,797,0,1,0
31.9,53.0,2448,4090,1403,798,0,1,0
31.9,53.0,2311,4080,1402,797,0,1,0
31.9,52.9,2353,4095,1397,797,0,1,0
31.9,52.9,2350,4083,1398,794,0,1,0
31.9,52.9,2469,4083,1395,792,0,1,0
31.9,52.9,2426,4091,1399,791,0,1,0
31.9,52.8,2477,4090,1399,799,0,1,0
31.9,52.8,2335,4091,1399,795,0,1,0
31.9,52.8,2361,4087,1399,797,0,1,0
31.9,52.8,2484,4086,1395,794,0,1,0
31.9,52.8,2429,4085,1398,796,0,1,0
31.9,52.8,2473,4095,1403,797,0,1,0
31.9,52.8,2318,4095,1351,792,0,1,0
31.9,52.8,2368,4095,1398,797,0,1,0
31.9,52.9,2325,4087,1397,799,0,1,0
31.9,52.9,2442,4095,1398,794,0,1,0
31.9,52.9,2463,4079,1401,788,0,1,0
31.9,52.9,2316,4091,1401,795,0,1,0
31.9,52.9,2384,4095,1397,800,0,1,0
31.9,52.9,2323,4095,1399,794,0,1,0
31.9,52.9,2441,4095,1396,796,0,1,0
31.9,52.9,2459,4095,1398,793,0,1,0
31.9,52.9,2485,4095,1401,798,0,1,0
31.9,52.9,2384,4095,1401,794,0,1,0
31.9,52.9,2318,4095,1398,795,0,1,0
31.9,52.9,2434,4095,1395,797,0,1,0
31.9,52.9,2378,4094,1398,791,0,1,0
31.9,52.9,2487,4095,1397,792,0,1,0
31.9,52.9,2393,4095,1398,791,0,1,0
31.9,52.9,2320,4087,1395,794,0,1,0
31.9,52.9,2318,4095,1395,784,0,1,0
31.9,52.9,2369,4095,1393,789,0,1,0
31.9,52.9,2489,4079,1397,791,0,1,0
31.9,52.9,2397,4095,1393,795,0,1,0
31.8,52.9,2298,4095,0,704,0,1,0
31.8,52.9,2306,4095,0,707,0,1,0
31.8,52.9,2403,4095,0,726,0,1,0
31.8,52.9,2464,4095,0,723,0,1,0
31.8,52.9,2304,4095,0,741,0,1,0
31.7,52.9,2353,4095,0,725,0,1,0
31.7,52.9,2363,4095,0,721,0,1,0
31.7,52.9,2495,4095,0,722,0,1,0
31.7,52.9,2368,4095,0,720,0,1,0
31.8,52.8,2380,4095,0,720,0,1,0
31.8,52.8,2347,4095,0,720,0,1,0
31.8,52.8,2481,4095,0,720,0,1,0
31.8,52.8,2406,4095,0,720,0,1,0
31.7,52.8,2448,4095,0,720,0,1,0
31.7,52.8,2310,4095,0,719,0,1,0
31.7,52.8,2441,4095,0,720,0,1,0
31.7,52.8,2458,4095,0,710,0,1,0
31.8,52.8,2486,4095,0,721,0,1,0
31.8,52.8,2327,4095,0,719,0,1,0
31.8,52.8,2386,4095,0,720,0,1,0
31.8,52.8,2492,4095,0,720,0,1,0
31.8,52.7,2492,4095,0,720,0,1,0
31.8,52.7,2377,4095,0,719,0,1,0
31.8,52.7,2343,4095,0,704,0,1,0
31.8,52.7,2487,4095,0,720,0,1,0
31.8,52.7,2442,4095,0,718,0,1,0
31.8,52.7,2439,4095,0,718,0,1,0
31.8,52.7,2329,4095,0,718,0,1,0
31.8,52.7,2446,4095,0,719,0,1,0
31.8,52.8,2402,4095,0,720,0,1,0
31.8,52.8,2479,4095,0,716,0,1,0
31.8,52.8,2320,4095,0,719,0,1,0
31.8,52.8,2397,4095,0,720,0,1,0
31.8,52.8,2355,4095,0,720,0,1,0
31.8,52.8,2495,4095,0,713,0,1,0
31.8,52.8,2374,4095,0,725,0,1,0
31.8,52.8,2352,4095,0,718,0,1,0
31.8,52.7,2323,4095,0,722,0,1,0
31.8,52.7,2461,4095,0,717,0,1,0
31.8,52.7,2425,4095,0,720,0,1,0
31.8,52.7,2316,4095,0,718,0,1,0
31.8,52.8,2311,4095,0,719,0,1,0
31.8,52.8,2417,4095,0,720,0,1,0
31.8,52.8,2475,4095,0,720,0,1,0
31.8,52.8,2311,4095,0,719,0,1,0
31.8,52.8,2352,4095,0,719,0,1,0
31.8,52.8,2359,4095,0,720,0,1,0
31.8,52.8,2494,4095,0,717,0,1,0
31.8,52.8,2356,4095,0,715,0,1,0
31.8,52.8,2405,4095,0,749,0,1,0
31.8,52.8,2335,4095,0,717,0,1,0
31.8,52.8,2475,4095,0,716,0,1,0
31.8,52.8,2413,4095,0,671,0,1,0
31.8,52.8,2455,4095,0,720,0,1,0
31.8,52.8,2314,4095,0,718,0,1,0
31.8,52.8,2435,4095,0,714,0,1,0
31.8,52.8,2456,4095,0,717,0,1,0
31.7,52.8,2480,4095,0,720,0,1,0
31.7,52.8,2330,4095,0,720,0,1,0
31.7,52.8,2389,4095,0,711,0,1,0
31.7,52.8,2492,4095,0,714,0,1,0
31.8,52.8,2487,4095,0,719,0,1,0
31.8,52.8,2384,4095,0,715,0,1,0
31.8,52.8,2342,4095,0,716,0,1,0
31.8,52.8,2483,4095,0,718,0,1,0
31.7,52.8,2435,4095,0,774,0,1,0
31.7,52.8,2446,4095,0,718,0,1,0
31.7,52.8,2304,4095,0,718,0,1,0
31.7,52.8,2434,4095,0,715,0,1,0
31.8,52.8,2391,4095,0,718,0,1,0
31.8,52.8,2489,4095,0,717,0,1,0
31.8,52.8,2342,4095,0,719,0,1,0
31.8,52.8,2373,4095,0,717,0,1,0
31.8,52.8,2336,4095,0,721,0,1,0
31.8,52.8,2480,4095,0,762,0,1,0
31.8,52.8,2416,4095,0,715,0,1,0
31.8,52.8,2325,4095,0,720,0,1,0
31.8,52.8,2313,4095,0,718,0,1,0
31.8,52.8,2422,4095,0,717,0,1,0
31.8,52.8,2479,4095,0,718,0,1,0
31.8,52.8,2320,4095,0,718,0,1,0
31.8,52.8,2368,4095,0,717,0,1,0
31.8,52.8,2357,4095,0,719,0,1,0
31.8,52.8,2495,4095,0,726,0,1,0
31.8,52.8,2391,4095,0,716,0,1,0
31.8,52.8,2445,4095,0,720,0,1,0
31.8,52.8,2298,4095,0,717,0,1,0
31.8,52.8,2441,4095,0,714,0,1,0
31.8,52.8,2461,4095,0,717,0,1,0
31.8,52.9,2491,4095,0,715,0,1,0
31.8,52.9,2336,4095,0,717,0,1,0
31.8,52.9,2375,4095,0,714,0,1,0
31.8,52.9,2498,4095,0,718,0,1,0
31.8,52.9,2480,4095,0,719,0,1,0
31.8,52.9,2422,4095,0,715,0,1,0
31.8,52.9,2323,4095,0,662,0,1,0
31.8,52.9,2465,4095,0,714,0,1,0
31.8,52.9,2420,4095,0,718,0,1,0
31.8,52.9,2471,4095,0,714,0,1,0
31.8,52.9,2311,4095,0,720,0,1,0
31.8,52.9,2401,4095,0,718,0,1,0
31.8,52.9,2354,4095,0,719,0,1,0
31.8,52.9,2492,4095,0,718,0,1,0
31.8,52.9,2377,4095,0,715,0,1,0
31.8,52.9,2340,4095,0,715,0,1,0
31.8,52.8,2308,4095,0,717,0,1,0
31.8,52.8,2445,4095,0,715,0,1,0
31.8,52.8,2434,4095,0,710,0,1,0
31.8,52.8,2310,4095,0,714,0,1,0
31.8,52.9,2330,4095,0,716,0,1,0
31.8,52.9,2384,4095,0,715,0,1,0
31.8,52.9,2494,4095,0,715,0,1,0
31.8,52.9,2343,4095,0,717,0,1,0
31.8,52.8,2406,4095,0,713,0,1,0
31.8,52.8,2326,4095,0,716,0,1,0
31.8,52.8,2465,4095,0,717,0,1,0
31.8,52.8,2420,4095,0,715,0,1,0
31.8,52.8,2470,4095,0,720,0,1,0
31.8,52.8,2307,4095,0,717,0,1,0
31.8,52.8,2409,4095,0,701,0,1,0
31.8,52.8,2480,4095,0,717,0,1,0
31.8,52.9,2493,4095,0,717,0,1,0
31.8,52.9,2369,4095,0,716,0,1,0
31.8,52.9,2349,4095,0,715,0,1,0
31.8,52.9,2484,4095,0,736,0,1,0
31.8,52.9,2447,4095,0,718,0,1,0
31.8,52.9,2442,4095,0,716,0,1,0
31.8,52.9,2309,4095,0,715,0,1,0
31.8,52.9,2396,4095,0,716,0,1,0
31.8,52.9,2382,4095,0,717,0,1,0
31.8,52.9,2493,4095,0,716,0,1,0
31.8,52.9,2351,4095,0,714,0,1,0
31.8,52.9,2357,4095,0,715,0,1,0
31.8,52.9,2319,4095,0,718,0,1,0
31.8,52.9,2459,4095,0,714,0,1,0
31.8,52.9,2432,4095,0,714,0,1,0
31.8,52.9,2309,4095,0,720,0,1,0
31.8,52.9,2314,4095,0,717,0,1,0
31.8,52.9,2396,4095,0,714,0,1,0
31.8,52.9,2489,4095,0,715,0,1,0
31.8,52.9,2347,4095,0,714,0,1,0
31.8,52.9,2401,4095,0,716,0,1,0
31.8,52.9,2327,4095,0,719,0,1,0
31.8,52.9,2462,4095,0,715,0,1,0
31.8,52.9,2435,4095,0,715,0,1,0
31.8,52.9,2477,4095,0,715,0,1,0
31.8,52.9,2320,4095,0,698,0,1,0
31.8,52.9,2384,4095,0,713,0,1,0
31.8,52.9,2495,4095,0,720,0,1,0
31.8,52.9,2480,4095,0,718,0,1,0
31.8,52.9,2410,4095,0,711,0,1,0
31.8,52.9,2320,4095,0,716,0,1,0
31.8,52.9,2447,4095,0,714,0,1,0
31.8,52.9,2386,4095,0,717,0,1,0
31.8,52.9,2450,4095,0,717,0,1,0
31.8,52.9,2322,4095,0,683,0,1,0
31.8,52.9,2359,4095,0,718,0,1,0
31.8,52.9,2321,4095,0,719,0,1,0
31.8,52.9,2451,4095,0,712,0,1,0
31.8,52.9,2426,4095,0,719,0,1,0
31.8,52.9,2268,4095,0,717,0,1,0
31.8,52.9,2294,4095,0,715,0,1,0
31.8,52.9,2350,4095,0,720,0,1,0
31.8,52.9,2448,4095,0,713,0,1,0
31.8,52.9,2352,4095,0,716,0,1,0
31.8,52.9,2431,4095,0,719,0,1,0
31.8,52.9,2266,4095,0,713,0,1,0
31.8,52.9,2393,4095,0,713,0,1,0
31.8,52.9,2418,4095,0,715,0,1,0
31.8,52.9,2480,4095,0,706,0,1,0
31.8,52.9,2331,4095,0,713,0,1,0
31.8,52.9,2295,4095,0,715,0,1,0
31.8,52.9,2433,4095,0,617,0,1,0
31.8,52.9,2391,4095,0,717,0,1,0
31.8,52.9,2419,4095,0,707,0,1,0
31.8,52.9,2272,4095,0,715,0,1,0
31.8,52.9,2368,4095,0,719,0,1,0
31.8,52.9,2321,4095,0,716,0,1,0
31.8,52.9,2439,4095,0,714,0,1,0
31.8,52.9,2348,4095,0,720,0,1,0
31.8,52.9,2298,4095,0,714,0,1,0
31.8,52.9,2271,4095,0,716,0,1,0
31.8,52.9,2393,4095,0,715,0,1,0
31.8,52.9,2427,4095,0,714,0,1,0
31.8,52.9,2277,4095,0,714,0,1,0
31.8,52.9,2320,4095,0,717,0,1,0
31.8,52.9,2325,4095,0,704,0,1,0
31.8,52.9,2449,4095,0,714,0,1,0
31.8,52.9,2353,4095,0,711,0,1,0
31.8,52.9,2394,4095,0,718,0,1,0
31.8,52.9,2275,4095,0,713,0,1,0
31.8,52.9,2393,4095,0,714,0,1,0
31.8,52.9,2431,4095,0,715,0,1,0
31.8,52.9,2455,4095,0,715,0,1,0
31.8,52.9,2310,4095,0,710,0,1,0
31.8,52.9,2323,4095,0,713,0,1,0
31.8,52.9,2453,4095,0,783,0,1,0
31.8,52.9,2421,4095,0,717,0,1,0
31.8,52.9,2403,4095,0,710,0,1,0
31.8,52.9,2279,4095,0,715,0,1,0
31.8,52.9,2401,4095,0,715,0,1,0
31.8,52.9,2357,4095,0,717,0,1,0
31.8,52.9,2454,4095,0,709,0,1,0
31.8,52.9,2314,4095,0,714,0,1,0
31.8,52.9,2333,4095,0,710,0,1,0
31.8,52.9,2298,4095,0,714,0,1,0
31.8,52.9,2436,4095,0,712,0,1,0
31.8,52.9,2387,4095,0,714,0,1,0
31.8,52.9,2282,4095,0,710,0,1,0
31.8,52.9,2282,4095,0,711,0,1,0
31.8,52.9,2369,4095,0,709,0,1,0
31.8,52.9,2446,4095,0,713,0,1,0
31.8,52.9,2294,4095,0,715,0,1,0
31.8,52.9,2343,4095,32,714,0,1,0
31.8,52.9,2325,4095,0,714,0,1,0
31.8,52.9,2458,4095,0,713,0,1,0
31.8,52.9,2368,4095,0,715,0,1,0
31.8,52.9,2416,4095,0,713,0,1,0
31.8,52.9,2288,4095,0,710,0,1,0
31.8,52.9,2405,4095,0,710,0,1,0
31.8,52.9,2442,4095,0,713,0,1,0
31.8,52.9,2468,4095,0,711,0,1,0
31.8,52.9,2320,4095,0,715,0,1,0
31.8,52.9,2336,4095,0,714,0,1,0
31.8,52.9,2454,4095,0,709,0,1,0
31.8,52.9,2426,4095,0,711,0,1,0
31.8,52.9,2396,4095,0,711,0,1,0
31.8,52.9,2274,4095,0,713,0,1,0
31.8,52.9,2398,4095,0,713,0,1,0
31.8,52.9,2340,4095,0,715,0,1,0
31.8,52.9,2455,4095,0,710,0,1,0
31.8,52.9,2319,4095,0,720,0,1,0
31.8,52.9,2320,4095,0,711,0,1,0
31.8,52.9,2289,4095,0,710,0,1,0
31.8,52.9,2416,4095,0,711,0,1,0
31.8,52.9,2414,4095,0,714,0,1,0
31.8,52.9,2276,4095,0,711,0,1,0
31.8,52.9,2306,4095,0,709,0,1,0
31.8,52.9,2334,4095,0,710,0,1,0
31.8,52.9,2454,4095,0,709,0,1,0
31.8,52.9,2351,4095,0,714,0,1,0
31.8,52.9,2410,4095,0,717,0,1,0
31.8,52.9,2274,4095,0,716,0,1,0
31.8,52.9,2383,4095,0,717,0,1,0
31.8,52.9,2445,4095,0,710,0,1,0
31.8,52.9,2449,4095,0,701,0,1,0
31.8,52.9,2347,4095,0,710,0,1,0
31.8,52.9,2270,4095,0,710,0,1,0
31.8,52.9,2416,4095,0,710,0,1,0
31.8,52.9,2368,4095,0,711,0,1,0
31.8,52.9,2436,4095,0,709,0,1,0
31.8,52.9,2306,4095,0,714,0,1,0
31.8,52.9,2324,4095,0,710,0,1,0
31.8,52.9,2285,4095,0,717,0,1,0
31.8,52.9,2410,4095,0,714,0,1,0
31.8,52.9,2420,4095,0,691,0,1,0
31.8,52.9,2282,4095,0,711,0,1,0
31.8,53.0,2335,4095,0,711,0,1,0
31.8,53.0,2307,4095,0,715,0,1,0
31.8,53.0,2436,4095,0,709,0,1,0
31.8,53.0,2397,4095,0,706,0,1,0
31.8,53.0,2448,4095,0,717,0,1,0
31.8,53.0,2301,4095,0,704,0,1,0
31.8,53.0,2324,4095,0,713,0,1,0
31.8,53.0,2453,4095,0,709,0,1,0
31.8,53.0,2404,4095,0,716,0,1,0
31.8,53.0,2431,4095,0,706,0,1,0
31.8,53.0,2279,4095,0,709,0,1,0
31.8,53.0,2346,4095,0,709,0,1,0
31.8,53.0,2293,4095,0,714,0,1,0
31.8,53.0,2422,4095,0,707,0,1,0
31.8,53.0,2398,4095,0,709,0,1,0
31.8,53.0,2273,4095,0,711,0,1,0
31.8,53.1,2320,4095,0,711,0,1,0
31.8,53.1,2320,4095,0,713,0,1,0
31.8,53.1,2448,4095,0,713,0,1,0
31.8,53.1,2385,4095,0,714,0,1,0
31.8,53.0,2443,4095,0,711,0,1,0
31.8,53.0,2294,4095,0,713,0,1,0
31.8,53.0,2341,4095,0,709,0,1,0
31.8,53.0,2459,4095,0,709,0,1,0
31.8,53.1,2416,4095,0,710,0,1,0
31.8,53.1,2419,4095,0,711,0,1,0
31.8,53.1,2277,4095,0,707,0,1,0
31.8,53.1,2356,4095,0,711,0,1,0
31.8,53.1,2309,4095,0,714,0,1,0
31.8,53.1,2437,4095,0,711,0,1,0
31.8,53.1,2389,4095,0,706,0,1,0
31.8,53.1,2271,4095,0,709,0,1,0
31.8,53.1,2297,4095,0,710,0,1,0
31.8,53.1,2318,4095,0,715,0,1,0
31.8,53.1,2448,4095,0,711,0,1,0
31.8,53.1,2367,4095,0,713,0,1,0
31.8,53.0,2418,4095,0,714,0,1,0
31.8,53.0,2278,4095,0,704,0,1,0
31.8,53.0,2352,4095,0,711,0,1,0
31.8,53.0,2461,4095,0,711,0,1,0
31.8,53.0,2430,4095,0,737,0,1,0
31.8,53.0,2421,4095,0,709,0,1,0
31.8,53.0,2269,4095,0,708,0,1,0
31.8,53.0,2375,4095,0,709,0,1,0
31.8,53.0,2320,4095,0,716,0,1,0
31.8,53.0,2448,4095,0,713,0,1,0
31.8,53.0,2381,4095,0,708,0,1,0
31.8,53.0,2277,4095,0,710,0,1,0
31.8,53.0,2290,4095,0,709,0,1,0
31.8,53.0,2337,4095,0,711,0,1,0
31.8,53.0,2450,4095,0,714,0,1,0
31.8,53.0,2368,4095,0,706,0,1,0
31.8,53.0,2423,4095,0,714,0,1,0
31.8,53.0,2281,4095,0,711,0,1,0
31.8,53.0,2339,4095,0,708,0,1,0
31.8,53.0,2462,4095,0,707,0,1,0
31.8,53.0,2432,4095,0,714,0,1,0
31.8,53.0,2410,4095,0,707,0,1,0
31.8,53.0,2283,4095,0,710,0,1,0
31.8,53.0,2368,4095,0,710,0,1,0
31.8,53.1,2319,4095,0,711,0,1,0
31.8,53.1,2451,4095,0,710,0,1,0
31.8,53.1,2389,4095,0,710,0,1,0
31.8,53.1,2285,4095,0,708,0,1,0
31.8,53.1,2293,4095,0,709,0,1,0
31.8,53.1,2352,4095,0,710,0,1,0
31.8,53.1,2465,4095,0,709,0,1,0
31.8,53.1,2354,4095,0,806,0,1,0
31.7,53.1,2413,4095,0,714,0,1,0
31.7,53.1,2278,4095,0,712,0,1,0
31.7,53.1,2377,4095,0,709,0,1,0
31.7,53.1,2454,4095,0,710,0,1,0
31.8,53.1,2449,4095,0,715,0,1,0
31.8,53.1,2367,4095,0,706,0,1,0
31.8,53.1,2278,4095,0,703,0,1,0
31.8,53.1,2385,4095,0,707,0,1,0
31.8,53.1,2346,4095,0,713,0,1,0
31.8,53.1,2457,4095,0,707,0,1,0
31.8,53.1,2326,4095,0,709,0,1,0
31.8,53.1,2299,4095,0,710,0,1,0
31.8,53.1,2261,4095,0,717,0,1,0
31.8,53.1,2386,4095,0,707,0,1,0
31.8,53.1,2439,4095,0,710,0,1,0
31.8,53.1,2288,4095,0,710,0,1,0
31.8,53.1,2352,4095,0,713,0,1,0
31.8,53.1,2288,4095,0,709,0,1,0
31.8,53.1,2416,4095,0,709,0,1,0
31.8,53.1,2406,4095,0,708,0,1,0
31.8,53.1,2446,4095,0,709,0,1,0
31.8,53.1,2304,4095,0,709,0,1,0
31.8,53.1,2316,4095,0,701,0,1,0
31.8,53.1,2447,4095,0,710,0,1,0
31.8,53.1,2399,4095,0,709,0,1,0
31.8,53.1,2415,4095,0,713,0,1,0
31.8,53.1,2263,4095,0,709,0,1,0
31.8,53.1,2357,4095,0,707,0,1,0
31.8,53.1,2301,4095,0,716,0,1,0
31.8,53.1,2439,4095,0,710,0,1,0
31.8,53.1,2369,4095,0,710,0,1,0
31.8,53.1,2256,4095,0,709,0,1,0
31.8,53.2,2261,4095,0,711,0,1,0
31.8,53.2,2332,4095,0,711,0,1,0
31.8,53.2,2447,4095,0,714,0,1,0
31.8,53.2,2314,4095,0,705,0,1,0
31.8,53.2,2372,4095,0,710,0,1,0
31.8,53.2,2270,4095,0,710,0,1,0
31.8,53.2,2391,4095,0,709,0,1,0
31.8,53.2,2416,4095,0,710,0,1,0
31.8,53.2,2448,4095,0,691,0,1,0
31.8,53.2,2317,4095,0,711,0,1,0
31.8,53.2,2306,4095,0,718,0,1,0
31.8,53.2,2439,4095,0,710,0,1,0
31.8,53.1,2395,4095,0,714,0,1,0
31.8,53.1,2422,4095,0,709,0,1,0
31.8,53.1,2277,4095,0,713,0,1,0
31.8,53.1,2341,4095,0,710,0,1,0
31.8,53.1,2303,4095,0,712,0,1,0
31.8,53.1,2444,4095,0,711,0,1,0
31.8,53.1,2379,4095,0,707,0,1,0
31.8,53.1,2283,4095,0,719,0,1,0
31.8,53.0,2273,4095,0,711,0,1,0
31.8,53.0,2359,4095,0,711,0,1,0
31.8,53.0,2453,4095,0,709,0,1,0
31.8,53.0,2320,4095,0,707,0,1,0
31.8,53.0,2379,4095,0,706,0,1,0
31.8,53.0,2285,4095,0,710,0,1,0
31.8,53.0,2417,4095,0,709,0,1,0
31.8,53.0,2427,4095,0,709,0,1,0
31.8,53.0,2463,4095,0,709,0,1,0
31.8,53.0,2314,4095,0,708,0,1,0
31.8,53.0,2314,4095,0,714,0,1,0
31.8,53.0,2446,4095,0,710,0,1,0
31.8,53.0,2391,4095,0,711,0,1,0
31.8,53.0,2398,4095,0,715,0,1,0
31.8,53.0,2224,4095,0,705,0,1,0
31.8,53.0,2288,4095,0,712,0,1,0
31.8,53.0,2225,4095,0,711,0,1,0
31.8,53.0,2401,4095,0,711,0,1,0
31.8,53.0,2364,4095,0,709,0,1,0
31.8,53.0,2256,4095,0,711,0,1,0
31.8,53.2,2265,4095,0,711,0,1,0
31.8,53.2,2319,4095,0,708,0,1,0
31.8,53.2,2423,4095,0,709,0,1,0
31.8,53.2,2313,4095,0,708,0,1,0
31.8,53.3,2371,4095,0,713,0,1,0
31.8,53.3,2267,4095,0,707,0,1,0
31.8,53.3,2393,4095,0,710,0,1,0
31.8,53.3,2427,4095,0,706,0,1,0
31.8,53.2,2461,4095,0,709,0,1,0
31.8,53.2,2320,4095,0,707,0,1,0
31.8,53.2,2307,4095,0,715,0,1,0
31.8,53.2,2445,4095,0,697,0,1,0
31.8,53.1,2403,4095,0,711,0,1,0
31.8,53.1,2416,4095,0,709,0,1,0
31.8,53.1,2277,4095,0,711,0,1,0
31.8,53.1,2367,4095,0,707,0,1,0
31.8,53.1,2320,4095,0,714,0,1,0
31.8,53.1,2448,4095,0,710,0,1,0
31.8,53.1,2353,4095,0,703,0,1,0
31.8,53.1,2294,4095,0,709,0,1,0
31.8,53.0,2270,4095,0,711,0,1,0
31.8,53.0,2386,4095,0,705,0,1,0
31.8,53.0,2429,4095,0,709,0,1,0
31.8,53.0,2277,4095,0,708,0,1,0
31.7,52.5,2442,4095,0,209,0,1,0
31.7,52.5,2259,4095,0,240,0,1,0
31.7,52.5,2417,4095,0,297,0,1,0
31.7,52.5,2351,4095,0,336,0,1,0
31.7,52.5,2342,4095,0,340,0,1,0
31.7,52.5,2352,4095,0,386,0,1,0
31.7,52.5,2433,4095,0,415,0,1,0
31.7,52.5,2288,4095,0,442,0,1,0
31.7,52.5,2286,4095,0,464,0,1,0
31.7,52.5,2458,4095,0,488,0,1,0
31.7,52.5,2298,4095,0,511,0,1,0
31.7,52.5,2391,4095,0,543,0,1,0
31.7,52.5,2393,4095,0,579,0,1,0
31.7,52.5,2383,4095,0,580,0,1,0
31.7,52.5,2323,4095,0,605,0,1,0
31.7,52.5,2449,4095,0,624,0,1,0
31.7,52.5,2448,4095,0,640,0,1,0
31.7,52.5,2275,4095,0,653,0,1,0
31.7,52.5,2441,4095,0,663,0,1,0
31.7,52.5,2323,4095,0,682,0,1,0
31.7,52.5,2317,4095,0,697,0,1,0
31.7,52.5,2374,4095,0,705,0,1,0
31.7,52.5,2410,4095,0,716,0,1,0
31.7,52.5,2305,4095,0,730,0,1,0
31.7,52.5,2309,4095,0,736,0,1,0
31.7,52.5,2455,4095,0,741,0,1,0
31.7,52.5,2277,4095,0,752,0,1,0
31.7,52.5,2431,4095,0,757,0,1,0
31.8,52.4,2438,4095,0,767,0,1,0
31.8,52.4,2328,4095,0,773,0,1,0
31.8,52.4,2377,4095,0,778,0,1,0
31.8,52.4,2411,4095,0,825,0,1,0
31.8,52.4,2401,4095,0,787,0,1,0
31.8,52.4,2309,4095,0,788,0,1,0
31.8,52.4,2454,4095,0,796,0,1,0
31.8,52.4,2274,4095,0,798,0,1,0
31.7,52.5,2273,4095,0,802,0,1,0
31.7,52.5,2438,4095,0,803,0,1,0
31.7,52.5,2326,4095,0,815,0,1,0
31.7,52.5,2369,4095,0,819,0,1,0
31.7,52.5,2379,4095,0,745,0,1,0
31.7,52.5,2403,4095,0,813,0,1,0
31.7,52.5,2320,4095,0,816,0,1,0
31.7,52.5,2473,4095,0,820,0,1,0
31.7,52.5,2467,4095,0,822,0,1,0
31.7,52.5,2293,4095,0,825,0,1,0
31.7,52.5,2450,4095,0,821,0,1,0
31.7,52.5,2343,4095,0,825,0,1,0
31.8,52.5,2333,4095,0,829,0,1,0
31.8,52.5,2395,4095,0,892,0,1,0
31.8,52.5,2417,4095,0,825,0,1,0
31.8,52.5,2322,4095,0,827,0,1,0
31.8,52.5,2330,4095,0,827,0,1,0
31.8,52.5,2469,4095,0,827,0,1,0
31.8,52.5,2294,4095,0,829,0,1,0
31.8,52.5,2454,4095,0,829,0,1,0
31.8,52.5,2465,4095,0,831,0,1,0
31.8,52.5,2331,4095,0,827,0,1,0
31.8,52.5,2400,4095,0,829,0,1,0
31.8,52.5,2418,4095,0,829,0,1,0
31.7,52.5,2413,4095,0,832,0,1,0
31.7,52.5,2339,4095,0,831,0,1,0
31.7,52.5,2475,4095,0,832,0,1,0
31.7,52.5,2294,4095,0,829,0,1,0
31.8,52.4,2298,4095,0,832,0,1,0
31.8,52.4,2439,4095,0,829,0,1,0
31.8,52.4,2325,4095,0,834,0,1,0
31.8,52.4,2343,4095,0,828,0,1,0
31.8,52.5,2369,4095,0,831,0,1,0
31.8,52.5,2413,4095,0,832,0,1,0
31.8,52.5,2331,4095,0,829,0,1,0
31.8,52.5,2478,4095,0,848,0,1,0
31.8,53.3,2471,4095,0,832,0,1,0
31.8,53.3,2288,4095,0,829,0,1,0
31.8,53.3,2448,4095,0,830,0,1,0
31.8,53.3,2357,4095,0,829,0,1,0
31.8,59.6,2338,4095,0,833,0,0,0
31.8,59.6,2384,4095,0,832,0,0,0
31.8,59.6,2423,4095,0,813,0,0,0
31.8,59.6,2301,4095,0,806,0,0,0
31.9,65.1,2307,4095,0,815,0,0,0
31.9,65.1,2467,4095,0,813,0,0,0
31.9,65.1,2279,4095,0,813,0,0,0
31.9,65.1,2414,4095,0,811,0,0,0
32.0,70.1,2412,4095,0,815,0,0,0
32.0,70.1,2363,4095,0,816,0,0,0
32.0,70.1,2340,4095,0,813,0,0,0
32.0,70.1,2441,4095,0,816,0,0,0
32.0,72.8,2438,4095,0,816,0,0,0
32.0,72.8,2268,4095,0,802,0,0,0
32.0,72.8,2442,4095,0,813,0,0,0
32.0,72.8,2289,4095,0,815,0,0,0
32.2,74.8,2288,4095,0,815,0,0,0
32.2,74.8,2382,4095,0,815,0,0,0
32.2,74.8,2368,4095,0,815,0,0,0
32.2,74.8,2299,4095,0,815,0,0,0
32.3,76.1,2315,4095,0,815,0,0,0
32.3,76.1,2434,4095,0,811,0,0,0
32.3,76.1,2251,4095,0,802,0,0,0
32.3,76.1,2423,4095,0,815,0,0,0
32.5,76.5,2430,4095,0,815,0,0,0
32.5,76.5,2305,4095,0,794,0,0,0
32.5,76.5,2379,4095,0,815,0,0,0
32.5,76.5,2414,4095,0,816,0,0,0
32.6,75.3,2390,4095,0,814,0,0,0
32.6,75.3,2320,4095,0,811,0,0,0
32.6,75.3,2463,4095,0,753,0,0,0
32.6,75.3,2287,4095,0,811,0,0,0
32.7,68.4,2291,4095,0,815,0,0,0
32.7,68.4,2453,4095,0,811,0,0,0
32.7,68.4,2339,4095,0,811,0,0,0
32.7,68.4,2383,4095,0,802,0,0,0
32.8,62.9,2383,4095,0,792,0,0,0
32.8,62.9,2414,4095,0,812,0,0,0
32.8,62.9,2316,4095,0,807,0,0,0
32.8,62.9,2466,4095,0,811,0,0,0
32.9,59.2,2463,4095,0,812,0,0,0
32.9,59.2,2288,4095,0,803,0,0,0
32.9,59.2,2447,4095,0,752,0,0,0
32.9,59.2,2341,4095,0,809,0,0,0
33.1,56.5,2327,4095,0,811,0,0,0
33.1,56.5,2387,4095,0,813,0,0,0
33.1,56.5,2414,4095,0,806,0,0,0
33.1,56.5,2320,4095,0,807,0,0,0
33.1,54.7,2326,4095,0,806,0,1,0
33.1,54.7,2463,4095,0,799,0,1,0
33.1,54.7,2299,4095,0,829,0,1,0
33.1,54.7,2463,4095,0,826,0,1,0
33.2,53.5,2469,4095,0,817,0,1,0
33.2,53.5,2325,4095,0,822,0,1,0
33.2,53.5,2407,4095,0,825,0,1,0
33.2,53.5,2414,4095,0,820,0,1,0
33.3,52.5,2399,4095,0,822,0,1,0
33.3,52.5,2344,4095,0,818,0,1,0
33.3,52.5,2462,4095,0,819,0,1,0
33.3,52.5,2294,4095,0,816,0,1,0
33.3,51.8,2294,4095,0,819,0,1,0
33.3,51.8,2471,4095,0,816,0,1,0
33.3,51.8,2332,4095,0,816,0,1,0
33.3,51.8,2390,4095,0,816,0,1,0
33.3,51.4,2407,4095,0,818,0,1,0
33.3,51.4,2428,4095,0,815,0,1,0
33.3,51.4,2342,4095,0,816,0,1,0
33.3,51.4,2486,4095,0,816,0,1,0
33.3,51.1,2483,4095,0,816,0,1,0
33.3,51.1,2306,4095,0,813,0,1,0
33.3,51.1,2450,4095,0,816,0,1,0
33.3,51.1,2375,4095,0,816,0,1,0
33.4,50.8,2369,4095,0,816,0,1,0
33.4,50.8,2375,4095,0,813,0,1,0
33.4,50.8,2463,4095,0,813,0,1,0
33.4,50.8,2313,4095,0,816,0,1,0
33.4,50.7,2315,4095,0,795,0,1,0
33.4,50.7,2486,4095,0,813,0,1,0
33.4,50.7,2337,4095,0,810,0,1,0
33.4,50.7,2399,4095,0,815,0,1,0
33.4,50.5,2418,4095,0,816,0,1,0
33.4,50.5,2426,4095,0,812,0,1,0
33.4,50.5,2335,4095,0,814,0,1,0
33.4,50.5,2497,4095,0,811,0,1,0
33.4,50.4,2516,4095,0,816,0,1,0
33.4,50.4,2313,4095,0,810,0,1,0
33.4,50.4,2443,4095,0,812,0,1,0
33.4,50.4,2409,4095,0,816,0,1,0
33.4,51.9,2406,4095,0,811,0,1,0
33.4,51.9,2355,4095,0,803,0,1,0
33.4,51.9,2483,4095,0,813,0,1,0
33.4,51.9,2309,4095,0,803,0,1,0
33.5,54.8,2307,4095,0,813,0,1,0
33.5,54.8,2473,4095,0,811,0,1,0
33.5,54.8,2370,4095,0,806,0,1,0
33.5,54.8,2384,4095,0,810,0,1,0
33.6,57.0,2337,4095,0,805,0,0,0
33.6,57.0,2410,4095,0,809,0,0,0
33.6,57.0,2262,4095,0,786,0,0,0
33.6,57.0,2421,4095,0,786,0,0,0
33.6,58.5,2414,4095,0,786,0,0,0
33.6,58.5,2283,4095,0,787,0,0,0
33.6,58.5,2370,4095,0,787,0,0,0
33.6,58.5,2399,4095,0,786,0,0,0
33.7,59.4,2403,4095,0,789,0,0,0
33.7,59.4,2317,4095,0,791,0,0,0
33.7,59.4,2462,4095,0,785,0,0,0
33.7,59.4,2287,4095,0,787,0,0,0
33.8,59.2,2287,4095,0,789,0,0,0
33.8,59.2,2422,4095,0,789,0,0,0
33.8,59.2,2375,4095,0,785,0,0,0
33.8,59.2,2335,4095,0,786,0,0,0
33.8,56.6,2338,4095,0,789,0,0,0
33.8,56.6,2459,4095,0,791,0,0,0
33.8,56.6,2286,4095,0,788,0,0,0
33.8,56.6,2435,4095,0,788,0,0,0
33.9,54.4,2433,4095,0,791,0,1,0
33.9,54.4,2352,4095,0,789,0,1,0
33.9,54.4,2355,4095,0,814,0,1,0
33.9,54.4,2450,4095,0,809,0,1,0
33.9,52.8,2455,4095,0,813,0,1,0
33.9,52.8,2291,4095,0,810,0,1,0
33.9,52.8,2450,4095,0,809,0,1,0
33.9,52.8,2358,4095,0,805,0,1,0
33.9,51.7,2358,4095,0,809,0,1,0
33.9,51.7,2359,4095,0,810,0,1,0
33.9,51.7,2461,4095,0,803,0,1,0
33.9,51.7,2295,4095,0,804,0,1,0
34.0,50.9,2290,4095,0,805,0,1,0
34.0,50.9,2449,4095,0,801,0,1,0
34.0,50.9,2370,4095,0,802,0,1,0
34.0,50.9,2349,4095,0,803,0,1,0
34.0,50.4,2342,4095,0,803,0,1,0
34.0,50.4,2463,4095,0,801,0,1,0
34.0,50.4,2287,4095,0,799,0,1,0
34.0,50.4,2430,4095,0,795,0,1,0
34.0,50.1,2427,4095,0,802,0,1,0
34.0,50.1,2385,4095,0,800,0,1,0
34.0,50.1,2333,4095,0,800,0,1,0
34.0,50.1,2466,4095,0,799,0,1,0
33.9,49.9,2466,4095,0,799,0,1,0
33.9,49.9,2289,4095,0,798,0,1,0
33.9,49.9,2429,4095,0,798,0,1,0
33.9,49.9,2386,4095,0,799,0,1,0
34.0,49.7,2387,4095,0,801,0,1,0
34.0,49.7,2337,4095,0,802,0,1,0
34.0,49.7,2469,4095,0,797,0,1,0
34.0,49.7,2291,4095,0,798,0,1,0
34.0,49.5,2292,4095,0,801,0,1,0
34.0,49.5,2436,4095,0,790,0,1,0
34.0,49.5,2366,4095,0,793,0,1,0
34.0,49.5,2346,4095,0,796,0,1,0
33.9,49.4,2352,4095,0,797,0,1,0
33.9,49.4,2449,4095,0,795,0,1,0
33.9,49.4,2287,4095,0,794,0,1,0
33.9,49.4,2452,4095,0,791,0,1,0
33.9,49.3,2459,4095,0,799,0,1,0
33.9,49.3,2323,4095,0,794,0,1,0
33.9,49.3,2362,4095,0,794,0,1,0
33.9,49.3,2395,4095,0,796,0,1,0
33.9,49.3,2389,4095,0,795,0,1,0
33.9,49.3,2307,4095,0,793,0,1,0
33.9,49.3,2441,4095,0,795,0,1,0
33.9,49.3,2258,4095,0,791,0,1,0
33.9,49.2,2265,4095,0,794,0,1,0
33.9,49.2,2411,4095,0,782,0,1,0
33.9,49.2,2327,4095,0,791,0,1,0
33.9,49.2,2323,4095,0,795,0,1,0
33.9,49.2,2349,4095,0,795,0,1,0
33.9,49.2,2375,4095,0,789,0,1,0
33.9,49.2,2245,4095,0,787,0,1,0
33.9,49.2,2413,4095,0,794,0,1,0
33.9,49.4,2427,4095,0,794,0,1,0
33.9,49.4,2245,4095,0,796,0,1,0
33.9,49.4,2397,4095,0,784,0,1,0
33.9,49.4,2326,4095,0,789,0,1,0
33.8,49.9,2314,4095,0,800,0,1,0
33.8,49.9,2317,4095,0,792,0,1,0
33.8,49.9,2386,4095,0,784,0,1,0
33.8,49.9,2266,4095,0,794,0,1,0
33.9,52.6,2266,4095,0,794,0,1,0
33.9,52.6,2441,4095,0,790,0,1,0
33.9,52.6,2256,4095,0,784,0,1,0
33.9,52.6,2375,4095,0,785,0,1,0
33.9,54.4,2427,4095,0,791,0,1,0
33.9,54.4,2371,4095,0,787,0,1,0
33.9,54.4,2369,4095,0,790,0,1,0
33.9,54.4,2459,4095,0,788,0,1,0
33.9,56.2,2460,4095,0,791,0,0,0
33.9,56.2,2311,4095,0,788,0,0,0
33.9,56.2,2467,4095,0,767,0,0,0
33.9,56.2,2320,4095,0,768,0,0,0
33.9,54.4,2318,4095,0,768,0,1,0
33.9,54.4,2406,4095,0,770,0,1,0
33.9,54.4,2425,4095,0,787,0,1,0
33.9,54.4,2333,4095,0,793,0,1,0
33.9,52.5,2331,4095,0,787,0,1,0
33.9,52.5,2490,4095,0,788,0,1,0
33.9,52.5,2303,4095,0,786,0,1,0
33.9,52.5,2432,4095,0,787,0,1,0
33.9,51.2,2425,4095,0,791,0,1,0
33.9,51.2,2398,4095,0,785,0,1,0
33.9,51.2,2343,4095,0,788,0,1,0
33.9,51.2,2483,4095,0,784,0,1,0
33.9,50.4,2481,4095,0,790,0,1,0
33.9,50.4,2303,4095,0,785,0,1,0
33.9,50.4,2438,4095,0,786,0,1,0
33.9,50.4,2405,4095,0,786,0,1,0
33.9,50.0,2406,4095,0,784,0,1,0
33.9,50.0,2339,4095,0,787,0,1,0
33.9,50.0,2466,4095,0,787,0,1,0
33.9,50.0,2299,4095,0,784,0,1,0
33.9,49.7,2304,4095,0,786,0,1,0
33.9,49.7,2423,4095,0,784,0,1,0
33.9,49.7,2417,4095,0,787,0,1,0
33.9,49.7,2334,4095,0,784,0,1,0
33.9,49.5,2334,4095,0,784,0,1,0
33.9,49.5,2485,4095,0,784,0,1,0
33.9,49.5,2315,4095,0,787,0,1,0
33.9,49.5,2414,4095,0,784,0,1,0
33.9,49.4,2407,4095,0,790,0,1,0
33.9,49.4,2431,4095,0,784,0,1,0
33.9,49.4,2291,4095,0,784,0,1,0
33.9,49.4,2481,4095,0,784,0,1,0
33.9,49.3,2480,4095,0,780,0,1,0
33.9,49.3,2325,4095,0,781,0,1,0
33.9,49.3,2390,4095,0,784,0,1,0
33.9,49.3,2435,4095,0,783,0,1,0
33.9,49.3,2442,4095,0,783,0,1,0
33.9,49.3,2307,4095,0,783,0,1,0
33.9,49.3,2479,4095,0,779,0,1,0
33.9,49.3,2337,4095,0,784,0,1,0
33.9,49.3,2341,4095,0,784,0,1,0
33.9,49.3,2394,4095,0,780,0,1,0
33.9,49.3,2448,4095,0,783,0,1,0
33.9,49.3,2310,4095,0,782,0,1,0
33.8,49.2,2304,4095,0,784,0,1,0
33.8,49.2,2479,4095,0,782,0,1,0
33.8,49.2,2346,4095,0,784,0,1,0
33.8,49.2,2384,4095,0,780,0,1,0
33.8,49.2,2377,4095,0,781,0,1,0
33.8,49.2,2455,4095,0,784,0,1,0
33.8,49.2,2303,4095,0,781,0,1,0
33.8,49.2,2464,4095,0,784,0,1,0
33.8,49.2,2448,4095,0,783,0,1,0
33.8,49.2,2365,4095,0,777,0,1,0
33.8,49.2,2365,4095,0,781,0,1,0
33.8,49.2,2470,4095,0,782,0,1,0
33.8,49.2,2475,4095,0,779,0,1,0
33.8,49.2,2299,4095,0,775,0,1,0
33.8,49.2,2437,4095,0,777,0,1,0
33.8,49.2,2390,4095,0,775,0,1,0
33.8,49.1,2391,4095,0,784,0,1,0
33.8,49.1,2325,4095,0,779,0,1,0
33.8,49.1,2477,4095,0,778,0,1,0
33.8,49.1,2303,4095,0,779,0,1,0
33.8,49.2,2315,4095,0,783,0,1,0
33.8,49.2,2386,4095,0,771,0,1,0
33.8,49.2,2434,4095,0,777,0,1,0
33.8,49.2,2293,4095,0,778,0,1,0
33.7,49.2,2289,4095,0,781,0,1,0
33.7,49.2,2446,4095,0,794,0,1,0
33.7,49.2,2363,4095,0,780,0,1,0
33.7,49.2,2343,4095,0,779,0,1,0
33.7,49.2,2342,4095,0,777,0,1,0
33.7,49.2,2468,4095,0,778,0,1,0
33.7,49.2,2288,4095,0,781,0,1,0
33.7,49.2,2406,4095,0,775,0,1,0
33.6,49.2,2397,4095,0,779,0,1,0
33.6,49.2,2415,4095,0,781,0,1,0
33.6,49.2,2302,4095,0,775,0,1,0
33.6,49.2,2464,4095,0,773,0,1,0
33.6,49.2,2462,4095,0,779,0,1,0
33.6,49.2,2323,4095,0,778,0,1,0
33.6,49.2,2368,4095,0,779,0,1,0
33.6,49.2,2441,4095,0,770,0,1,0
33.6,49.2,2440,4095,0,773,0,1,0
33.6,49.2,2289,4095,0,775,0,1,0
33.6,49.2,2454,4095,0,771,0,1,0
33.6,49.2,2342,4095,0,777,0,1,0
33.5,49.3,2331,4095,0,773,0,1,0
33.5,49.3,2361,4095,0,774,0,1,0
33.5,49.3,2448,4095,0,774,0,1,0
33.5,49.3,2285,4095,0,774,0,1,0
33.5,49.3,2304,4095,0,777,0,1,0
33.5,49.3,2448,4095,0,775,0,1,0
33.5,49.3,2337,4095,0,774,0,1,0
33.5,49.3,2359,4095,0,778,0,1,0
33.5,49.3,2369,4095,0,778,0,1,0
33.5,49.3,2446,4095,0,775,0,1,0
33.5,49.3,2289,4095,0,774,0,1,0
33.5,49.3,2458,4095,0,775,0,1,0
33.5,49.4,2462,4095,0,775,0,1,0
33.5,49.4,2341,4095,0,771,0,1,0
33.5,49.4,2368,4095,0,774,0,1,0
33.5,49.4,2445,4095,0,805,0,1,0
33.4,49.4,2437,4095,0,778,0,1,0
33.4,49.4,2287,4095,0,774,0,1,0
33.4,49.4,2449,4095,0,771,0,1,0
33.4,49.4,2347,4095,0,772,0,1,0
33.4,49.5,2333,4095,0,771,0,1,0
33.4,49.5,2357,4095,0,771,0,1,0
33.4,49.5,2458,4095,0,772,0,1,0
33.4,49.5,2289,4095,0,772,0,1,0
33.4,49.5,2286,4095,0,770,0,1,0
33.4,49.5,2446,4095,0,771,0,1,0
33.4,49.5,2368,4095,0,781,0,1,0
33.4,49.5,2350,4095,0,768,0,1,0
33.3,49.6,2351,4095,0,771,0,1,0
33.3,49.6,2469,4095,0,771,0,1,0
33.3,49.6,2290,4095,0,774,0,1,0
33.3,49.6,2439,4095,0,832,0,1,0
33.3,49.6,2442,4095,0,771,0,1,0
33.3,49.6,2402,4095,0,770,0,1,0
33.3,49.6,2334,4095,0,768,0,1,0
33.3,49.6,2474,4095,0,770,0,1,0
33.3,49.7,2481,4095,0,775,0,1,0
33.3,49.7,2310,4095,0,773,0,1,0
33.3,49.7,2411,4095,0,762,0,1,0
33.3,49.7,2438,4095,0,769,0,1,0
33.3,49.8,2446,4095,0,773,0,1,0
33.3,49.8,2313,4095,0,769,0,1,0
33.3,49.8,2479,4095,0,769,0,1,0
33.3,49.8,2355,4095,0,769,0,1,0
33.3,49.9,2368,4095,0,775,0,1,0
33.3,49.9,2366,4095,0,768,0,1,0
33.3,49.9,2480,4095,0,771,0,1,0
33.3,49.9,2299,4095,0,768,0,1,0
33.2,50.0,2303,4095,0,768,0,1,0
33.2,50.0,2421,4095,0,768,0,1,0
33.2,50.0,2423,4095,0,772,0,1,0
33.2,50.0,2320,4095,0,768,0,1,0
33.2,50.0,2308,4095,0,764,0,1,0
33.2,50.0,2480,4095,0,768,0,1,0
33.2,50.0,2350,4095,0,767,0,1,0
33.2,50.0,2375,4095,0,769,0,1,0
33.2,50.0,2365,4095,0,772,0,1,0
33.2,50.0,2480,4095,0,762,0,1,0
33.2,50.0,2301,4095,0,767,0,1,0
33.2,50.0,2434,4095,0,771,0,1,0
33.1,50.0,2429,4095,0,722,0,1,0
33.1,50.0,2423,4095,0,768,0,1,0
33.1,50.0,2321,4095,0,768,0,1,0
33.1,50.0,2480,4095,0,767,0,1,0
33.1,50.0,2474,4095,0,769,0,1,0
33.1,50.0,2352,4095,0,767,0,1,0
33.1,50.0,2421,4095,0,767,0,1,0
33.1,50.0,2475,4095,0,769,0,1,0
33.1,50.0,2480,4095,0,768,0,1,0
33.1,50.0,2301,4095,0,769,0,1,0
33.1,50.0,2445,4095,0,768,0,1,0
33.1,50.0,2414,4095,0,767,0,1,0
33.1,50.1,2422,4095,0,768,0,1,0
33.1,50.1,2326,4095,0,767,0,1,0
33.1,50.1,2484,4095,0,765,0,1,0
33.1,50.1,2331,4095,0,768,0,1,0
33.0,50.1,2345,4095,0,767,0,1,0
33.0,50.1,2375,4095,0,763,0,1,0
33.0,50.1,2466,4095,0,766,0,1,0
33.0,50.1,2298,4095,0,767,0,1,0
33.0,50.2,2298,4095,0,768,0,1,0
33.0,50.2,2437,4095,0,766,0,1,0
33.0,50.2,2407,4095,0,762,0,1,0
33.0,50.2,2331,4095,0,765,0,1,0
33.0,50.2,2320,4095,0,763,0,1,0
33.0,50.2,2465,4095,0,763,0,1,0
33.0,50.2,2311,4095,0,766,0,1,0
33.0,50.2,2368,4095,0,764,0,1,0
33.0,50.2,2359,4095,0,769,0,1,0
33.0,50.2,2446,4095,0,766,0,1,0
33.0,50.2,2285,4095,0,698,0,1,0
33.0,50.2,2433,4095,0,766,0,1,0
32.9,50.2,2423,4095,0,767,0,1,0
32.9,50.2,2384,4095,0,766,0,1,0
32.9,50.2,2319,4095,0,766,0,1,0
32.9,50.2,2469,4095,0,762,0,1,0
33.0,50.3,2470,4095,0,767,0,1,0
33.0,50.3,2305,4095,0,765,0,1,0
33.0,50.3,2387,4095,0,765,0,1,0
33.0,50.3,2431,4095,0,763,0,1,0
32.9,50.4,2438,4095,0,767,0,1,0
32.9,50.4,2289,4095,0,759,0,1,0
32.9,50.4,2448,4095,0,764,0,1,0
32.9,50.4,2352,4095,0,759,0,1,0
32.9,50.4,2362,4095,0,766,0,1,0
32.9,50.4,2333,4095,0,759,0,1,0
32.9,50.4,2461,4095,0,759,0,1,0
32.9,50.4,2282,4095,0,763,0,1,0
32.8,50.4,2289,4095,0,768,0,1,0
32.8,50.4,2403,4095,0,767,0,1,0
32.8,50.4,2411,4095,0,759,0,1,0
32.8,50.4,2303,4095,0,765,0,1,0
32.9,50.5,2297,4095,0,763,0,1,0
32.9,50.5,2462,4095,0,761,0,1,0
32.9,50.5,2332,4095,0,763,0,1,0
32.9,50.5,2352,4095,0,766,0,1,0
32.8,50.5,2339,4095,0,765,0,1,0
32.8,50.5,2466,4095,0,763,0,1,0
32.8,50.5,2289,4095,0,763,0,1,0
32.8,50.5,2427,4095,0,763,0,1,0
32.8,50.6,2415,4095,0,764,0,1,0
32.8,50.6,2422,4095,0,720,0,1,0
32.8,50.6,2311,4095,0,759,0,1,0
32.8,50.6,2480,4095,0,759,0,1,0
32.8,50.6,2467,4095,0,759,0,1,0
32.8,50.6,2352,4095,0,761,0,1,0
32.8,50.6,2358,4095,0,757,0,1,0
32.8,50.6,2448,4095,0,763,0,1,0
32.8,50.6,2462,4095,0,766,0,1,0
32.8,50.6,2279,4095,0,762,0,1,0
32.8,50.6,2393,4095,0,763,0,1,0
32.8,50.6,2407,4095,0,762,0,1,0
32.8,50.6,2411,4095,0,762,0,1,0
32.8,50.6,2273,4095,0,753,0,1,0
32.8,50.6,2433,4095,0,758,0,1,0
32.8,50.6,2350,4095,0,758,0,1,0
32.8,50.6,2370,4095,0,759,0,1,0
32.8,50.6,2318,4095,0,758,0,1,0
32.8,50.6,2462,4095,0,758,0,1,0
32.8,50.6,2292,4095,0,759,0,1,0
32.7,50.6,2313,4095,0,763,0,1,0
32.7,50.6,2357,4095,0,758,0,1,0
32.7,50.6,2443,4095,0,763,0,1,0
32.7,50.6,2275,4095,0,759,0,1,0
32.7,50.7,2274,4095,0,762,0,1,0
32.7,50.7,2398,4095,0,802,0,1,0
32.7,50.7,2398,4095,0,760,0,1,0
32.7,50.7,2286,4095,0,765,0,1,0
32.7,50.7,2282,4095,0,761,0,1,0
32.7,50.7,2434,4095,0,758,0,1,0
32.7,50.7,2357,4095,0,756,0,1,0
32.7,50.7,2318,4095,0,758,0,1,0
32.7,50.7,2303,4095,0,762,0,1,0
32.7,50.7,2455,4095,0,755,0,1,0
32.7,50.7,2311,4095,0,763,0,1,0
32.7,50.7,2346,4095,0,761,0,1,0
32.7,50.7,2331,4095,0,758,0,1,0
32.7,50.7,2452,4095,0,756,0,1,0
32.7,50.7,2275,4095,0,762,0,1,0
32.7,50.7,2375,4095,0,759,0,1,0
32.7,50.8,2361,4095,0,761,0,1,0
32.7,50.8,2430,4095,0,758,0,1,0
32.7,50.8,2264,4095,0,759,0,1,0
32.7,50.8,2416,4095,0,758,0,1,0
32.7,50.8,2400,4095,0,757,0,1,0
32.7,50.8,2404,4095,0,762,0,1,0
32.7,50.8,2278,4095,0,758,0,1,0
32.7,50.8,2436,4095,0,757,0,1,0
32.6,50.8,2426,4095,0,768,0,1,0
32.6,50.8,2368,4095,0,759,0,1,0
32.6,50.8,2307,4095,0,759,0,1,0
32.6,50.8,2451,4095,0,755,0,1,0
32.6,50.8,2445,4095,0,761,0,1,0
32.6,50.8,2314,4095,0,803,0,1,0
32.6,50.8,2323,4095,0,757,0,1,0
32.6,50.8,2435,4095,0,757,0,1,0
32.6,50.8,2448,4095,0,758,0,1,0
32.6,50.8,2283,4095,0,752,0,1,0
32.6,50.8,2366,4095,0,757,0,1,0
32.6,50.8,2422,4095,0,755,0,1,0
32.6,50.8,2432,4095,0,754,0,1,0
32.6,50.8,2258,4095,0,757,0,1,0
32.6,50.8,2397,4095,0,752,0,1,0
32.6,50.8,2383,4095,0,752,0,1,0
32.6,50.8,2400,4095,0,758,0,1,0
32.6,50.8,2273,4095,0,755,0,1,0
32.6,50.8,2425,4095,0,755,0,1,0
32.6,50.8,2339,4095,0,722,0,1,0
32.6,50.8,2361,4095,0,758,0,1,0
32.6,50.8,2304,4095,0,756,0,1,0
32.6,50.8,2454,4095,0,755,0,1,0
32.6,50.8,2289,4095,0,753,0,1,0
32.6,50.9,2303,4095,0,755,0,1,0
32.6,50.9,2342,4095,0,752,0,1,0
32.6,50.9,2438,4095,0,753,0,1,0
32.6,50.9,2258,4095,0,753,0,1,0
32.6,50.9,2261,4095,0,754,0,1,0
32.6,50.9,2382,4095,0,755,0,1,0
32.6,50.9,2394,4095,0,753,0,1,0
32.6,50.9,2270,4095,0,734,0,1,0
32.6,50.9,2267,4095,0,753,0,1,0
32.6,50.9,2421,4095,0,752,0,1,0
32.6,50.9,2351,4095,0,752,0,1,0
32.6,50.9,2303,4095,0,752,0,1,0
32.5,50.9,2293,4095,0,754,0,1,0
32.5,50.9,2451,4095,0,752,0,1,0
32.5,50.9,2306,4095,0,752,0,1,0
32.5,50.9,2367,4095,0,753,0,1,0
32.5,50.9,2357,4095,0,755,0,1,0
32.5,50.9,2450,4095,0,755,0,1,0
32.5,50.9,2274,4095,0,754,0,1,0
32.5,50.9,2415,4095,0,755,0,1,0
32.5,50.9,2402,4095,0,763,0,1,0
32.5,50.9,2402,4095,0,750,0,1,0
32.5,50.9,2291,4095,0,753,0,1,0
32.5,50.9,2451,4095,0,752,0,1,0
32.5,51.0,2448,4095,0,753,0,1,0
32.5,51.0,2356,4095,0,752,0,1,0
32.5,51.0,2334,4095,0,752,0,1,0
32.5,51.0,2467,4095,0,752,0,1,0
32.5,51.0,2469,4095,0,753,0,1,0
32.5,51.0,2298,4095,0,753,0,1,0
32.5,51.0,2370,4095,0,755,0,1,0
32.5,51.0,2435,4095,0,752,0,1,0
32.5,51.0,2445,4095,0,752,0,1,0
32.5,51.0,2277,4095,0,752,0,1,0
32.5,51.0,2416,4095,0,750,0,1,0
32.5,51.0,2391,4095,0,753,0,1,0
32.5,51.0,2395,4095,0,752,0,1,0
32.5,51.0,2288,4095,0,752,0,1,0
32.5,51.0,2451,4095,0,752,0,1,0
32.5,51.0,2342,4095,0,749,0,1,0
32.5,51.1,2353,4095,0,752,0,1,0
32.5,51.1,2320,4095,0,752,0,1,0
32.5,51.1,2468,4095,0,752,0,1,0
32.5,51.1,2293,4095,0,752,0,1,0
32.5,51.1,2304,4095,0,752,0,1,0
32.5,51.1,2370,4095,0,752,0,1,0
32.5,51.1,2437,4095,0,752,0,1,0
32.5,51.1,2271,4095,0,752,0,1,0
32.4,51.1,2271,4095,0,753,0,1,0
32.4,51.1,2417,4095,0,768,0,1,0
32.4,51.1,2387,4095,0,749,0,1,0
32.4,51.1,2303,4095,0,752,0,1,0
32.4,51.2,2308,4095,0,752,0,1,0
32.4,51.2,2455,4095,0,752,0,1,0
32.4,51.2,2311,4095,0,752,0,1,0
32.4,51.2,2345,4095,0,750,0,1,0
32.4,51.2,2320,4095,0,752,0,1,0
32.4,51.2,2453,4095,0,752,0,1,0
32.4,51.2,2270,4095,0,754,0,1,0
32.4,51.2,2405,4095,0,752,0,1,0
32.4,51.1,2397,4095,0,767,0,1,0
32.4,51.1,2411,4095,0,751,0,1,0
32.4,51.1,2288,4095,0,751,0,1,0
32.4,51.1,2459,4095,0,837,0,1,0
32.4,51.2,2439,4095,0,752,0,1,0
32.4,51.2,2346,4095,0,739,0,1,0
32.4,51.2,2338,4095,0,752,0,1,0
32.4,51.2,2460,4095,0,751,0,1,0
32.4,51.2,2467,4095,0,752,0,1,0
32.4,51.2,2278,4095,0,751,0,1,0
32.4,51.2,2401,4095,0,741,0,1,0
32.4,51.2,2414,4095,0,751,0,1,0
32.4,51.2,2433,4095,0,750,0,1,0
32.4,51.2,2288,4095,0,752,0,1,0
32.4,51.2,2451,4095,0,751,0,1,0
32.4,51.2,2341,4095,0,752,0,1,0
32.4,51.2,2367,4095,0,752,0,1,0
32.4,51.2,2335,4095,0,750,0,1,0
32.4,51.2,2462,4095,0,750,0,1,0
32.4,51.2,2282,4095,0,752,0,1,0
32.4,51.3,2303,4095,0,752,0,1,0
32.4,51.3,2397,4095,0,751,0,1,0
32.4,51.3,2421,4095,0,750,0,1,0
32.4,51.3,2288,4095,0,749,0,1,0
32.4,51.3,2282,4095,0,750,0,1,0
32.4,51.3,2448,4095,0,752,0,1,0
32.4,51.3,2352,4095,0,747,0,1,0
32.4,51.3,2335,4095,0,752,0,1,0
32.4,51.3,2311,4095,0,752,0,1,0
32.4,51.3,2470,4095,0,750,0,1,0
32.4,51.3,2289,4095,0,750,0,1,0
32.4,51.3,2391,4095,0,746,0,1,0
32.3,51.3,2373,4095,0,752,0,1,0
32.3,51.3,2431,4095,0,642,0,1,0
32.3,51.3,2287,4095,0,750,0,1,0
32.3,51.3,2451,4095,0,752,0,1,0
32.3,51.3,2432,4095,0,746,0,1,0
32.3,51.3,2356,4095,0,749,0,1,0
32.3,51.3,2309,4095,0,748,0,1,0
32.3,51.3,2451,4095,0,750,0,1,0
32.3,51.4,2453,4095,0,749,0,1,0
32.3,51.4,2287,4095,0,751,0,1,0
32.3,51.4,2363,4095,0,734,0,1,0
32.3,51.4,2419,4095,0,750,0,1,0
32.4,51.4,2439,4095,0,763,0,1,0
32.4,51.4,2258,4095,0,746,0,1,0
32.4,51.4,2411,4095,0,747,0,1,0
32.4,51.4,2368,4095,0,747,0,1,0
32.3,51.4,2392,4095,0,750,0,1,0
32.3,51.4,2288,4095,0,747,0,1,0
32.3,51.4,2448,4095,0,745,0,1,0
32.3,51.4,2307,4095,0,747,0,1,0
32.3,51.4,2343,4095,0,748,0,1,0
32.3,51.4,2315,4095,0,747,0,1,0
32.3,51.4,2446,4095,0,732,0,1,0
32.3,51.4,2267,4095,0,743,0,1,0
32.3,51.4,2294,4095,0,746,0,1,0
32.3,51.4,2352,4095,0,748,0,1,0
32.3,51.4,2419,4095,0,750,0,1,0
32.3,51.4,2255,4095,0,752,0,1,0
32.3,51.3,2266,4095,0,749,0,1,0
32.3,51.3,2375,4095,0,741,0,1,0
32.3,51.3,2401,4095,0,747,0,1,0
32.3,51.3,2256,4095,0,750,0,1,0
32.3,51.3,2256,4095,0,733,0,1,0
32.3,51.3,2395,4095,0,747,0,1,0
32.3,51.3,2389,4095,0,749,0,1,0
32.3,51.3,2287,4095,0,746,0,1,0
32.3,51.3,2263,4095,0,745,0,1,0
32.3,51.3,2422,4095,0,747,0,1,0
32.3,51.3,2384,4095,0,745,0,1,0
32.3,51.3,2288,4095,0,743,0,1,0
32.3,51.3,2253,4095,0,748,0,1,0
32.3,51.3,2428,4095,0,746,0,1,0
32.3,51.3,2366,4095,0,742,0,1,0
32.3,51.3,2295,4095,0,747,0,1,0
32.3,51.2,2275,4095,0,742,0,1,0
32.3,51.2,2441,4095,0,750,0,1,0
32.3,51.2,2350,4095,0,745,0,1,0
32.3,51.2,2305,4095,0,745,0,1,0
32.3,51.3,2276,4095,0,746,0,1,0
32.3,51.3,2447,4095,0,746,0,1,0
32.3,51.3,2337,4095,0,748,0,1,0
32.3,51.3,2311,4095,0,745,0,1,0
32.3,51.2,2284,4095,0,743,0,1,0
32.3,51.2,2450,4095,0,747,0,1,0
32.3,51.2,2320,4095,0,743,0,1,0
32.3,51.2,2321,4095,0,747,0,1,0
32.3,51.2,2290,4095,0,745,0,1,0
32.3,51.2,2454,4095,0,743,0,1,0
32.3,51.2,2305,4095,0,743,0,1,0
32.3,51.2,2330,4095,0,740,0,1,0
32.3,51.2,2293,4095,0,745,0,1,0
32.3,51.2,2453,4095,0,740,0,1,0
32.3,51.2,2292,4095,0,743,0,1,0
32.3,51.2,2339,4095,0,741,0,1,0
32.3,51.2,2301,4095,0,747,0,1,0
32.3,51.2,2451,4095,0,738,0,1,0
32.3,51.2,2271,4095,0,741,0,1,0
32.3,51.2,2327,4095,0,740,0,1,0
32.3,51.3,2298,4095,0,746,0,1,0
32.3,51.3,2441,4095,0,743,0,1,0
32.3,51.3,2271,4095,0,739,0,1,0
32.3,51.3,2325,4095,0,739,0,1,0
32.2,51.3,2289,4095,0,743,0,1,0
32.2,51.3,2441,4095,0,771,0,1,0
32.2,51.3,2276,4095,0,739,0,1,0
32.2,51.3,2326,4095,0,749,0,1,0
32.2,51.3,2288,4095,0,747,0,1,0
32.2,51.3,2446,4095,0,737,0,1,0
32.2,51.3,2289,4095,0,743,0,1,0
32.2,51.3,2321,4095,0,740,0,1,0
32.2,51.4,2285,4095,0,738,0,1,0
32.2,51.4,2447,4095,0,739,0,1,0
32.2,51.4,2304,4095,0,736,0,1,0
32.2,51.4,2311,4095,0,740,0,1,0
32.2,51.4,2283,4095,0,741,0,1,0
32.2,51.4,2441,4095,0,741,0,1,0
32.2,51.4,2324,4095,0,741,0,1,0
32.2,51.4,2289,4095,0,753,0,1,0
32.2,51.4,2263,4095,0,737,0,1,0
32.2,51.4,2432,4095,0,740,0,1,0
32.2,51.4,2353,4095,0,739,0,1,0
32.2,51.4,2283,4095,0,739,0,1,0
32.2,51.4,2256,4095,0,742,0,1,0
32.2,51.4,2399,4095,0,738,0,1,0
32.2,51.4,2374,4095,0,744,0,1,0
32.2,51.4,2262,4095,0,737,0,1,0
32.2,51.4,2254,4095,0,739,0,1,0
32.2,51.4,2388,4095,0,738,0,1,0
32.2,51.4,2398,4095,0,739,0,1,0
32.2,51.4,2256,4095,0,741,0,1,0
32.2,51.4,2256,4095,0,742,0,1,0
32.2,51.4,2383,4095,0,647,0,1,0
32.2,51.4,2431,4095,0,737,0,1,0
32.2,51.4,2265,4095,0,865,0,1,0
32.2,51.5,2291,4095,0,741,0,1,0
32.2,51.5,2360,4095,0,735,0,1,0
32.2,51.5,2448,4095,0,736,0,1,0
32.2,51.5,2269,4095,0,738,0,1,0
32.2,51.4,2315,4095,0,740,0,1,0
32.2,51.4,2331,4095,0,737,0,1,0
32.2,51.4,2456,4095,0,741,0,1,0
32.2,51.4,2295,4095,0,741,0,1,0
32.2,51.5,2349,4095,0,739,0,1,0
32.2,51.5,2286,4095,0,739,0,1,0
32.2,51.5,2445,4095,0,738,0,1,0
32.2,51.5,2319,4095,0,737,0,1,0
32.2,51.5,2369,4095,0,740,0,1,0
32.2,51.5,2269,4095,0,736,0,1,0
32.2,51.5,2432,4095,0,739,0,1,0
32.2,51.5,2351,4095,0,737,0,1,0
32.2,51.5,2357,4095,0,736,0,1,0
32.2,51.5,2229,4095,0,737,0,1,0
32.2,51.5,2401,4095,0,739,0,1,0
32.2,51.5,2355,4095,0,735,0,1,0
32.1,51.5,2377,4095,0,740,0,1,0
32.1,51.5,2247,4095,0,736,0,1,0
32.1,51.5,2381,4095,0,735,0,1,0
32.1,51.5,2399,4095,0,805,0,1,0
32.2,51.5,2435,4095,0,739,0,1,0
32.2,51.5,2246,4095,0,747,0,1,0
32.2,51.5,2354,4095,0,735,0,1,0
32.2,51.5,2417,4095,0,736,0,1,0
32.1,51.5,2436,4095,0,731,0,1,0
32.1,51.5,2275,4095,0,738,0,1,0
32.1,51.5,2333,4095,0,736,0,1,0
32.1,51.5,2452,4095,0,735,0,1,0
32.2,51.5,2447,4095,0,736,0,1,0
32.2,51.5,2325,4095,0,736,0,1,0
32.2,51.5,2301,4095,0,704,0,1,0
32.2,51.5,2450,4095,0,736,0,1,0
32.2,51.5,2417,4095,0,737,0,1,0
32.2,51.5,2370,4095,0,735,0,1,0
32.2,51.5,2270,4095,0,735,0,1,0
32.2,51.5,2422,4095,0,737,0,1,0
32.1,51.5,2379,4095,0,736,0,1,0
32.1,51.5,2406,4095,0,725,0,1,0
32.1,51.5,2251,4095,0,735,0,1,0
32.1,51.5,2384,4095,0,733,0,1,0
32.1,51.5,2335,4095,0,738,0,1,0
32.1,51.5,2406,4095,0,733,0,1,0
32.1,51.5,2265,4095,0,734,0,1,0
32.1,51.5,2349,4095,0,735,0,1,0
32.1,51.6,2290,4095,0,739,0,1,0
32.1,51.6,2450,4095,0,735,0,1,0
32.1,51.6,2306,4095,0,734,0,1,0
32.1,51.6,2301,4095,0,735,0,1,0
32.1,51.6,2257,4095,0,737,0,1,0
32.1,51.6,2426,4095,0,717,0,1,0
32.1,51.6,2366,4095,0,735,0,1,0
32.1,51.6,2266,4095,0,737,0,1,0
32.1,51.6,2250,4095,0,739,0,1,0
32.1,51.6,2384,4095,0,735,0,1,0
32.1,51.6,2416,4095,0,736,0,1,0
32.1,51.6,2252,4095,0,733,0,1,0
32.1,51.6,2299,4095,0,738,0,1,0
32.1,51.6,2330,4095,0,736,0,1,0
32.1,51.6,2448,4095,0,735,0,1,0
32.1,51.6,2287,4095,0,735,0,1,0
32.1,51.6,2352,4095,0,738,0,1,0
32.1,51.6,2277,4095,0,736,0,1,0
32.1,51.6,2437,4095,0,734,0,1,0
32.1,51.6,2343,4095,0,731,0,1,0
32.1,51.6,2396,4095,0,830,0,1,0
32.1,51.6,2242,4095,0,733,0,1,0
32.1,51.6,2369,4095,0,736,0,1,0
31.5,56.2,2683,4095,0,688,0,0,0
31.5,56.2,2730,4095,0,740,0,0,0
31.5,56.2,2671,4095,0,815,0,0,0
31.5,56.2,2605,4095,0,849,0,0,0
31.5,56.1,2640,4095,0,906,0,0,0
31.5,56.1,2610,4095,0,952,0,0,0
31.5,56.1,2678,4095,0,1006,0,0,0
31.5,56.1,2731,4095,0,1065,0,0,0
31.4,56.1,2704,4095,0,1088,0,0,0
31.4,56.1,2721,4095,0,1140,0,0,0
31.4,56.1,2647,4095,0,1179,0,0,0
31.4,56.1,2612,4095,0,1213,0,0,0
31.5,56.1,2621,4095,0,1245,0,0,0
31.5,56.1,2625,4095,0,1268,0,0,0
31.5,56.1,2702,4095,0,1301,0,0,0
31.5,56.1,2727,4095,0,1328,0,0,0
31.5,56.1,2719,4095,0,1345,0,0,0
31.5,56.1,2715,4095,0,1366,0,0,0
31.5,56.1,2635,4095,0,1391,0,0,0
31.5,56.1,2623,4095,0,1407,0,0,0
31.5,56.1,2619,4095,0,1430,0,0,0
31.5,56.1,2631,4095,0,1424,0,0,0
31.5,56.1,2704,4095,0,1446,0,0,0
31.5,56.1,2721,4095,0,1476,0,0,0
31.5,56.1,2711,4095,0,1488,0,0,0
31.5,56.1,2711,4095,0,1491,0,0,0
31.5,56.1,2626,4095,0,1489,0,0,0
31.5,56.1,2618,4095,0,1507,0,0,0
31.5,56.2,2611,4095,0,1523,0,0,0
31.7,55.9,2559,1648,578,1674,0,0,0
31.7,55.9,2587,1664,618,1675,0,0,0
31.7,55.9,2485,1737,653,1666,0,0,0
31.7,55.9,2474,1791,694,1664,0,0,0
31.7,55.9,2461,1824,733,1716,0,0,0
31.7,55.9,2506,1872,758,1668,0,0,0
31.7,55.9,2607,1886,790,1658,0,0,0
31.7,55.9,2603,1918,810,1667,0,0,0
31.7,55.9,2631,1937,829,1660,0,0,0
31.7,55.9,2593,1949,846,1662,0,0,0
31.7,55.9,2505,1966,859,1663,0,0,0
31.7,55.9,2546,1981,875,1663,0,0,0
31.7,55.9,2524,2002,894,1654,0,0,0
31.7,55.9,2606,2013,901,1663,0,0,0
31.7,55.9,2674,2026,912,1665,0,0,0
31.7,55.9,2662,2035,913,1661,0,0,0
31.7,55.8,2703,2044,929,1659,0,1,0
31.7,55.8,2650,2064,951,1649,0,1,0
31.7,55.8,2597,3309,1553,1677,1,1,0
31.7,55.8,2639,4095,1870,1675,1,1,0
31.7,55.8,2603,4095,1875,1686,1,1,0
31.7,55.8,2658,4095,1865,1680,1,1,0
31.7,55.8,2699,4095,1872,1668,1,1,0
31.7,55.8,2641,4095,1865,1671,1,1,0
31.8,55.8,2677,4095,1855,1676,1,1,0
31.8,55.8,2624,4095,1855,1673,1,1,0
31.8,55.8,2559,4095,1851,1669,1,1,0
31.8,55.8,2629,1759,679,1667,0,1,0
31.7,55.7,2594,1680,690,1662,0,1,0
31.7,55.7,2657,1924,880,1651,0,1,0
31.7,55.7,2725,2057,976,1648,0,1,0
31.7,55.7,2691,2082,1007,1646,0,1,0
31.8,55.7,2719,2099,1021,1648,0,1,0
31.8,55.7,2662,2115,1031,1647,0,1,0
31.8,55.7,2594,2107,1037,1649,0,1,0
31.8,55.7,2631,2126,1040,1648,0,1,0
31.8,55.7,2589,2118,1051,1648,0,1,0
31.8,55.7,2641,2123,1063,1648,0,1,0
31.8,55.7,2699,2128,1043,1646,0,1,0
31.8,55.7,2651,2119,1037,1645,0,1,0
31.8,55.7,2698,2129,1066,1641,0,1,0
31.8,55.7,2640,2139,1063,1603,0,1,0
31.8,55.7,2591,2135,1072,1646,0,1,0
31.8,55.7,2652,2127,1054,1643,0,1,0
31.8,55.6,2612,2121,1042,1638,0,1,0
31.8,55.6,2688,2553,1285,1631,0,1,0
31.8,55.6,2751,4095,1791,1628,1,1,0
31.8,55.6,2674,4095,1778,1648,1,1,0
31.8,55.6,2733,4095,1776,1648,1,1,0
31.8,55.6,2662,4095,1769,1644,1,1,0
31.8,55.6,2651,4095,1781,1653,1,1,0
31.8,55.6,2718,4095,1779,1648,1,1,0
31.8,55.6,2674,4095,1777,1639,1,1,0
31.8,55.6,2736,4095,1781,1649,1,1,0
31.8,55.6,2734,4095,1776,1634,1,1,0
31.8,55.6,2657,4095,1808,1636,1,1,0
31.8,55.5,2709,4095,1775,1635,1,1,0
31.8,55.5,2640,4095,1770,1622,1,1,0
31.8,55.5,2672,4095,1765,1637,1,1,0
31.8,55.5,2740,1695,639,1634,0,1,0
31.8,55.5,2695,1652,678,1635,0,1,0
31.8,55.5,2739,1707,752,1615,0,1,0
31.8,55.5,2693,1929,912,1615,0,1,0
31.8,55.5,2559,2044,993,1617,0,1,0
31.8,55.5,1379,2108,1042,1616,0,1,1
31.8,55.5,511,2125,1056,1614,0,1,1
31.8,55.5,702,2154,1073,1628,0,1,1
31.8,55.5,694,2160,1088,1625,0,1,1
31.8,55.5,711,2176,1099,1619,0,1,1
31.8,55.5,739,2167,1089,1626,0,1,1
31.8,55.5,747,2165,1099,1616,0,1,1
31.8,55.5,711,2160,1098,1625,0,1,1
31.8,55.5,657,2168,1091,1629,0,1,1
31.8,55.5,656,2170,1103,1621,0,1,1
31.8,55.5,707,2171,1104,1623,0,1,1
31.8,55.5,747,2170,1107,1619,0,1,1
31.9,55.4,2735,2173,1110,1616,0,1,0
31.9,55.4,2736,2129,1113,1609,0,1,0
31.9,55.4,2655,2150,1109,1605,0,1,0
31.9,55.4,2640,2161,1133,1599,0,1,0
31.9,55.4,2639,2160,1131,1598,0,1,0
31.9,55.4,2654,2151,1137,1599,0,1,0
31.9,55.4,2717,2233,1137,1598,0,1,0
31.9,55.4,2731,2191,1287,1600,0,1,0
31.9,55.4,2685,4095,2229,1596,1,1,0
31.9,55.4,2688,4095,2229,1600,1,1,0
31.9,55.4,2310,4095,2114,1616,1,1,0
31.9,55.4,1941,4095,2038,1614,1,1,0
31.9,55.4,2047,4095,1947,1608,1,1,0
31.9,55.4,2652,4095,1891,1623,1,1,0
31.9,55.4,2731,4095,1850,1607,1,1,0
31.9,55.4,2743,4095,1867,1603,1,1,0
31.9,55.4,2742,4095,1868,1598,1,1,0
31.9,55.4,2725,4095,1869,1598,1,1,0
31.9,55.4,2666,4095,1844,1601,1,1,0
31.9,55.4,2649,4095,1840,1554,1,1,0
31.9,55.4,2641,4095,1831,1603,1,1,0
31.9,55.4,2672,4095,1810,1594,1,1,0
31.9,55.4,2739,4095,1807,1600,1,1,0
31.9,55.4,2742,4095,1797,1594,1,1,0
31.9,55.4,2750,4095,1787,1593,1,1,0
31.9,55.4,2729,4095,1781,1593,1,1,0
31.9,55.4,2654,4095,1771,1594,1,1,0
31.9,55.4,2662,4095,1767,1596,1,1,0
31.9,55.3,2641,4095,1771,1594,1,1,0
31.9,55.3,2675,4095,1763,1584,1,1,0
31.9,55.3,2747,4095,1746,1579,1,1,0
31.9,55.3,2743,4095,1742,1591,1,1,0
31.9,55.3,2754,4095,1731,1586,1,1,0
31.9,55.3,2729,4095,1728,1584,1,1,0
31.9,55.3,2657,4095,1712,1594,1,1,0
31.9,55.3,2669,4095,1707,1584,1,1,0
31.9,55.3,2643,4095,1648,1585,1,1,0
31.9,55.3,2682,4095,1704,1584,1,1,0
31.9,55.3,2747,4095,1690,1578,1,1,0
31.9,55.3,2742,4095,1691,1585,1,1,0
31.9,55.3,2755,4095,1687,1568,1,1,0
31.9,55.3,2725,4095,1686,1574,1,1,0
31.9,55.3,2650,4095,1680,1588,1,1,0
31.9,55.3,2676,4095,1676,1584,1,1,0
31.9,55.3,2651,4095,1665,1579,1,1,0
31.9,55.3,2698,4095,1665,1574,1,1,0
31.9,55.3,2753,4095,1665,1575,1,1,0
31.9,55.3,2735,4095,1669,1579,1,1,0
32.0,55.2,2759,4095,1664,1571,1,1,0
32.0,55.2,2713,4095,1664,1567,1,1,0
32.0,55.2,2654,4095,1667,1571,1,1,0
32.0,55.2,2691,4095,1658,1579,1,1,0
32.0,55.2,2646,4095,1655,1577,1,1,0
32.0,55.2,2710,4095,1659,1562,1,1,0
32.0,55.2,2766,4095,1659,1570,1,1,0
32.0,55.2,2723,4095,1651,1575,1,1,0
32.0,55.2,2762,4095,1655,1568,1,1,0
32.0,55.2,2704,4095,1653,1562,1,1,0
32.0,55.2,2653,4095,1650,1559,1,1,0
32.0,55.2,2705,4095,1648,1586,1,1,0
31.9,55.2,2662,4095,1648,1559,1,1,0
31.9,55.2,2723,4095,1648,1567,1,1,0
31.9,55.2,2765,4095,1648,1563,1,1,0
31.9,55.2,2717,4095,1643,1559,1,1,0
31.9,55.2,2762,4095,1633,1557,1,1,0
31.9,55.2,2701,4095,1648,1535,1,1,0
31.9,55.2,2654,4095,1638,1555,1,1,0
31.9,55.2,2708,4095,1643,1557,1,1,0
32.0,55.2,2654,4095,1633,1555,1,1,0
32.0,55.2,2717,4095,1637,1555,1,1,0
32.0,55.2,2767,4095,1637,1553,1,1,0
32.0,55.2,2719,4095,1637,1701,1,1,0
32.0,55.1,2764,4095,1635,1535,1,1,0
32.0,55.1,2705,4095,1633,1535,1,1,0
32.0,55.1,2653,4095,1639,1553,1,1,0
32.0,55.1,2690,4095,1626,1535,1,1,0
32.0,55.1,2649,4095,1629,1535,1,1,0
32.0,55.1,2704,4095,1636,1535,1,1,0
32.0,55.1,2758,4095,1629,1535,1,1,0
32.0,55.1,2736,4095,1625,1535,1,1,0
32.0,55.0,2757,4095,1627,1535,1,1,0
32.0,55.0,2735,4095,1630,1535,1,1,0
32.0,55.0,2665,4095,1631,1535,1,1,0
32.0,55.0,2670,4095,1619,1535,1,1,0
32.0,54.9,2659,4095,1621,1535,1,1,0
32.0,54.9,2686,4095,1619,1535,1,1,0
32.0,54.9,2738,4095,1621,1535,1,1,0
32.0,54.9,2765,4095,1622,1535,1,1,0
32.0,54.9,2737,4095,1622,1535,1,1,0
32.0,54.9,2758,4095,1618,1531,1,1,0
32.0,54.9,2704,4095,1617,1527,1,1,0
32.0,54.9,2654,4095,1620,1532,1,1,0
32.0,55.0,2703,4095,1617,1533,1,1,0
32.0,55.0,2653,4095,1615,1533,1,1,0
32.0,55.0,2695,4095,1616,1521,1,1,0
32.0,55.0,2747,4095,1604,1529,1,1,0
32.0,55.0,2688,4095,1614,1531,1,1,0
32.0,55.0,2755,4095,1616,1519,1,1,0
32.0,55.0,2747,4095,1606,1526,1,1,0
32.0,55.0,2687,4095,1612,1522,1,1,0
32.0,55.0,2752,4095,1610,1531,1,1,0
32.0,55.0,2686,4095,1613,1524,1,1,0
32.0,55.0,2655,4095,1612,1523,1,1,0
32.0,55.0,2709,4095,1613,1525,1,1,0
32.0,55.0,2654,4095,1605,1525,1,1,0
32.0,55.0,2709,4095,1610,1520,1,1,0
32.0,55.0,2764,4095,1610,1519,1,1,0
32.0,55.0,2745,4095,1606,1517,1,1,0
32.0,55.0,2757,4095,1603,1525,1,1,0
32.0,55.0,2736,4095,1613,1525,1,1,0
32.0,55.0,2669,4095,1605,1522,1,1,0
32.0,55.0,2674,4095,1607,1511,1,1,0
32.0,55.0,2679,4095,1603,1520,1,1,0
32.0,55.0,2663,4095,1607,1577,1,1,0
32.0,55.0,2718,4095,1607,1520,1,1,0
32.0,55.0,2765,4095,1606,1514,1,1,0
32.0,55.0,2709,4095,1597,1511,1,1,0
32.0,55.0,2768,4095,1601,1511,1,1,0
32.0,55.0,2737,4095,1602,1513,1,1,0
32.0,55.0,2672,4095,1605,1520,1,1,0
32.0,55.0,2739,4095,1600,1507,1,1,0
32.0,55.0,2674,4095,1597,1509,1,1,0
32.0,55.0,2674,4095,1600,1503,1,1,0
32.0,55.0,2727,4095,1594,1503,1,1,0
32.0,55.1,2668,4095,1599,1509,1,1,0
32.0,55.1,2729,4095,1595,1501,1,1,0
32.0,55.1,2768,4095,1475,1497,0,1,0
32.0,55.1,2736,4095,1598,1506,1,1,0
32.1,55.1,2761,4095,1584,1488,1,1,0
32.1,55.1,2733,4095,1597,1494,1,1,0
32.1,55.1,2673,4095,1595,1515,1,1,0
32.1,55.1,2672,4095,1600,1504,1,1,0
32.0,55.1,2674,4095,1591,1503,1,1,0
32.0,55.1,2675,4095,1589,1495,1,1,0
32.0,55.1,2736,4095,1584,1495,1,1,0
32.0,55.1,2773,4095,1590,1501,1,1,0
32.0,55.1,2730,4095,1583,1499,1,1,0
32.0,55.1,2769,4095,1605,1494,1,1,0
32.0,55.1,2727,4095,1593,1490,1,1,0
32.0,55.1,2666,4095,1590,1485,1,1,0
32.0,55.2,2731,4095,1586,1498,1,1,0
32.0,55.2,2663,4095,1581,1489,1,1,0
32.0,55.2,2685,4095,1585,1488,1,1,0
32.0,55.2,2744,4095,1587,1488,1,1,0
32.0,55.1,2681,4095,1584,1490,1,1,0
32.0,55.1,2743,4095,1579,1490,1,1,0
32.1,55.2,2669,4095,1367,1167,0,1,0
32.1,55.2,2740,4095,1361,1154,0,1,0
32.1,55.2,2741,4095,1386,1171,0,1,0
32.1,55.2,2663,4095,1379,1180,0,1,0
32.1,55.2,2718,4095,1374,1175,0,1,0
32.1,55.2,2651,4095,1381,1170,0,1,0
32.1,55.2,2704,4095,1378,1185,0,1,0
32.1,55.2,2763,4095,1379,1163,0,1,0
32.1,55.1,2736,4095,1375,1170,0,1,0
32.1,55.1,2753,4095,1385,1168,0,1,0
32.1,55.1,2688,4095,1375,1170,0,1,0
32.1,55.1,2663,4095,1374,1159,0,1,0
32.1,55.1,2655,4095,1369,1159,0,1,0
32.1,55.1,2692,4095,1373,1166,0,1,0
32.1,55.1,2759,4095,1375,1159,0,1,0
32.1,55.1,2737,4095,1383,1162,0,1,0
32.1,55.2,2763,4095,1341,1154,0,1,0
32.1,55.2,2705,4095,1365,1166,0,1,0
32.1,55.2,2647,4095,1374,1146,0,1,0
32.1,55.2,2625,4095,1362,1168,0,1,0
32.1,55.3,2639,751,1366,1157,0,1,0
32.1,55.3,2685,765,1362,1155,0,1,0
32.1,55.3,2678,779,1359,1155,0,1,0
32.1,55.3,2623,4095,1365,1154,0,1,0
32.1,55.2,2704,4095,1360,1155,0,1,0
32.1,55.2,2630,4095,1360,1138,0,1,0
32.1,55.2,2672,4095,1360,1157,0,1,0
32.1,55.2,2734,4095,1350,1137,0,1,0
32.1,55.1,2701,4095,1360,1152,0,1,0
32.1,55.1,2757,4095,1331,1165,0,1,0
32.1,55.1,2704,4095,1363,1152,0,1,0
32.1,55.1,2606,4095,1299,1159,0,1,0
32.1,55.1,2634,4095,2096,1149,1,1,0
32.1,55.1,2659,4095,1767,1151,1,1,0
32.1,55.1,2735,1727,535,1168,0,1,0
32.1,55.1,2734,1425,318,1159,0,1,0
32.1,54.8,2739,1424,400,1145,0,1,0
32.1,54.8,2704,1475,466,1148,0,1,0
32.1,54.8,2643,4095,2000,1150,1,1,0
32.1,54.8,2688,4095,2003,1147,1,1,0
32.1,54.3,2656,4095,2007,1162,1,1,0
32.1,54.3,2721,4095,2015,1167,1,1,0
32.1,54.3,2746,4095,2018,1164,1,1,0
32.1,54.3,2683,4095,2019,1168,1,1,0
32.1,54.1,2733,4095,2017,1157,1,1,0
32.1,54.1,2659,4095,2017,1162,1,1,0
32.1,54.1,2685,4095,2005,1158,1,1,0
32.1,54.1,2747,4095,2016,1157,1,1,0
32.1,54.0,2704,4095,2015,1164,1,1,0
32.1,54.0,2754,4095,2015,1152,1,1,0
32.1,54.0,2687,4095,2013,1155,1,1,0
32.1,54.0,2656,1521,466,1152,0,1,0
32.1,54.0,2672,1649,624,1154,0,1,0
32.1,54.0,2670,1744,707,1135,0,1,0
32.1,54.0,2735,4095,2037,1137,1,1,0
32.1,54.0,2722,4095,2026,1142,1,1,0
32.1,54.1,2747,4095,2025,1153,1,1,0
32.1,54.1,2693,4095,2029,1147,1,1,0
32.1,54.1,2659,4095,2027,1150,1,1,0
32.1,54.1,2716,4095,2028,1153,1,1,0
32.1,54.2,2645,4095,2070,1151,1,1,0
32.1,54.2,2722,4095,2127,1153,1,1,0
32.1,54.2,2714,4095,1942,1157,1,1,0
32.1,54.2,2655,4095,1875,1136,1,1,0
32.1,54.3,2705,4095,1812,1162,1,1,0
32.1,54.3,2661,4095,1789,1137,1,1,0
32.1,54.3,2720,4095,1697,1139,1,1,0
32.1,54.3,2753,4095,1695,1152,1,1,0
32.0,54.2,2685,4095,1689,1154,1,1,0
32.0,54.2,2451,4095,1666,1140,1,1,0
32.0,54.2,805,4095,1648,1149,1,1,1
32.0,54.2,756,4095,1623,1137,1,1,1
32.0,54.2,784,4095,1609,1153,1,1,1
32.0,54.2,797,4095,1600,1155,1,1,1
32.0,54.2,2770,4095,1586,1158,1,1,0
32.0,54.2,2718,4095,1570,1155,1,1,0
32.0,54.3,2749,4095,1552,1147,1,1,0
32.0,54.3,2676,4095,1535,1137,1,1,0
32.0,54.3,2719,4095,1525,1136,1,1,0
32.0,54.3,2778,4095,1526,1139,1,1,0
32.0,54.5,2743,4095,1523,1141,1,1,0
32.0,54.5,2769,4095,1511,1140,0,1,0
32.0,54.5,2694,4095,1511,1136,0,1,0
32.0,54.5,2690,4095,1497,1133,0,1,0
32.1,54.7,2668,4095,1495,1118,0,1,0
32.1,54.7,2723,4095,1489,1125,0,1,0
32.1,54.7,2773,4095,1493,1134,0,1,0
32.1,54.7,2710,4095,1490,1132,0,1,0
32.0,54.7,2757,4095,1487,1134,0,1,0
32.0,54.7,2680,4095,1488,1120,0,1,0
32.0,54.7,2704,4095,1491,1133,0,1,0
32.0,54.7,2768,4095,1530,1126,1,1,0
32.0,54.8,2731,4095,1479,1119,0,1,0
32.0,54.8,2773,4095,1491,1138,0,1,0
32.0,54.8,2704,4095,1481,1129,0,1,0
32.0,54.8,2683,4095,1483,1122,0,1,0
32.0,54.9,2672,4095,1478,1120,0,1,0
32.0,54.9,2707,4095,1473,1112,0,1,0
32.0,54.9,2770,4095,1474,1127,0,1,0
32.0,54.9,2735,4095,1477,1138,0,1,0
32.0,55.1,2768,4095,1472,1133,0,1,0
32.0,55.1,2697,4095,1469,1120,0,1,0
32.0,55.1,2683,4095,1469,1127,0,1,0
32.0,55.1,2745,4095,1467,1118,0,1,0
32.0,55.1,2705,4095,1488,1136,0,1,0
32.0,55.1,2771,4095,1463,1131,0,1,0
32.0,55.1,2735,4095,1463,1133,0,1,0
32.0,55.1,2667,4095,1465,1133,0,1,0
32.0,55.1,2702,4095,1462,1137,0,1,0
32.0,55.1,2686,4095,1464,1120,0,1,0
32.0,55.1,2753,4095,1457,1123,0,1,0
32.0,55.1,2759,4095,1465,1131,0,1,0
32.0,55.1,2768,4095,1456,1110,0,1,0
32.0,55.1,2722,4095,1458,1133,0,1,0
32.0,55.1,2672,4095,1456,1122,0,1,0
32.0,55.1,2735,4095,1465,1118,0,1,0
32.0,55.1,2689,4095,1456,1123,0,1,0
32.0,55.1,2773,4095,1456,1127,0,1,0
32.0,55.1,2742,4095,1456,1118,0,1,0
32.0,55.1,2672,4095,1459,1117,0,1,0
32.0,55.1,2709,4095,1456,1126,0,1,0
32.0,55.1,2682,4095,1468,1131,0,1,0
32.0,55.1,2751,4095,1449,1121,0,1,0
32.0,55.1,2767,4095,1456,1121,0,1,0
32.0,55.2,2769,4095,1456,1119,0,1,0
32.0,55.2,2729,4095,1455,1119,0,1,0
32.0,55.2,2668,4095,1456,1122,0,1,0
32.0,55.2,2731,4095,1456,1113,0,1,0
32.0,55.1,2691,4095,1450,1118,0,1,0
32.0,55.1,2767,4095,1456,1135,0,1,0
32.0,55.1,2745,4095,1456,1111,0,1,0
32.0,55.1,2669,4095,1452,1122,0,1,0
32.0,55.0,2705,4095,1457,1118,0,1,0
32.0,55.0,2681,4095,1455,1113,0,1,0
32.0,55.0,2751,4095,1456,1107,0,1,0
32.0,55.0,2765,4095,1456,1123,0,1,0
32.0,55.0,2771,4095,1449,1108,0,1,0
32.0,55.0,2727,4095,1456,1110,0,1,0
32.0,55.0,2673,4095,1453,1110,0,1,0
32.0,55.0,2736,4095,1455,1109,0,1,0
32.0,55.1,2693,4095,1454,1119,0,1,0
32.0,55.1,2768,4095,1454,1104,0,1,0
32.0,55.1,2748,4095,1453,1134,0,1,0
32.0,55.1,2676,4095,1450,1106,0,1,0
32.0,55.1,2704,4095,1443,1104,0,1,0
32.0,55.1,2693,4095,1447,1119,0,1,0
32.0,55.1,2755,4095,1445,1103,0,1,0
32.0,55.1,2766,4095,1445,1109,0,1,0
32.0,55.1,2779,4095,1449,1115,0,1,0
32.0,55.1,2716,4095,1445,1109,0,1,0
32.0,55.1,2682,4095,1445,1197,0,1,0
32.0,55.1,2752,4095,1446,1104,0,1,0
32.0,54.8,2707,4095,1443,1130,0,1,0
32.0,54.8,2779,4095,1439,1104,0,1,0
32.0,54.8,2729,4095,1442,1117,0,1,0
32.0,54.8,2677,4095,1443,1104,0,1,0
32.0,54.6,2688,4095,1441,1104,0,1,0
32.0,54.6,2706,4095,1440,1117,0,1,0
32.0,54.6,2777,4095,1460,1104,0,1,0
32.0,54.6,2737,4095,1435,1114,0,1,0
32.0,54.5,2771,4095,1438,1109,0,1,0
32.0,54.5,2690,4095,1435,1117,0,1,0
32.0,54.5,2704,4095,1439,1110,0,1,0
32.0,54.5,2770,4095,1439,1104,0,1,0
32.0,54.6,2734,4095,1434,1105,0,1,0
32.0,54.6,2778,4095,1439,1107,0,1,0
32.0,54.6,2707,4095,1441,1107,0,1,0
32.0,54.6,2690,4095,1435,1107,0,1,0
32.0,54.8,2678,4095,1437,1105,0,1,0
32.0,54.8,2729,4095,1437,1109,0,1,0
32.0,54.8,2785,4095,1423,1107,0,1,0
32.0,54.8,2718,4095,1431,1103,0,1,0
32.0,54.9,2762,4095,1426,1111,0,1,0
32.0,54.9,2682,4095,1430,1107,0,1,0
32.0,54.9,2715,4095,1434,1093,0,1,0
32.0,54.9,2774,4095,1423,1101,0,1,0
32.0,54.9,2749,4095,1424,1111,0,1,0
32.0,54.9,2765,4095,1424,1109,0,1,0
32.0,54.9,2685,4095,1426,1093,0,1,0
32.0,54.9,2705,4095,1429,1104,0,1,0
32.0,54.8,2675,4095,1431,1102,0,1,0
32.0,54.8,2747,4095,1421,1115,0,1,0
32.0,54.8,2768,4095,1412,1107,0,1,0
32.0,54.8,2689,4095,1422,1103,0,1,0
31.9,54.6,2727,4095,1423,1104,0,1,0
31.9,54.6,2678,4095,1422,1105,0,1,0
31.9,54.6,2743,4095,1419,1104,0,1,0
31.9,54.6,2769,4095,1418,1095,0,1,0
31.9,54.5,2775,4095,1417,1107,0,1,0
31.9,54.5,2731,4095,1415,1091,0,1,0
31.9,54.5,2677,4095,1423,1085,0,1,0
31.9,54.5,2743,4095,1421,1142,0,1,0
31.9,54.5,2707,4095,1419,1095,0,1,0
31.9,54.5,2780,4095,1421,1103,0,1,0
31.9,54.5,2735,4095,1411,1094,0,1,0
31.9,54.5,2675,4095,1421,1088,0,1,0
32.0,54.5,2691,4095,1408,1083,0,1,0
32.0,54.5,2710,4095,1410,1100,0,1,0
32.0,54.5,2773,4095,1408,1095,0,1,0
32.0,54.5,2730,4095,1403,1097,0,1,0
31.9,54.7,2761,4095,1407,1088,0,1,0
31.9,54.7,2686,4095,1407,1099,0,1,0
31.9,54.7,2704,4095,1406,1097,0,1,0
31.9,54.7,2775,4095,1407,1105,0,1,0
31.9,54.9,2758,4095,1403,1119,0,1,0
31.9,54.9,2756,4095,1402,1153,0,1,0
31.9,54.9,2675,4095,1393,1106,0,1,0
31.9,54.9,2717,4095,1398,1089,0,1,0
31.9,54.9,2688,4095,1392,1099,0,1,0
31.9,54.9,2763,4095,1414,1089,0,1,0
31.9,54.9,2746,4095,1394,1103,0,1,0
31.9,54.9,2672,4095,1398,1089,0,1,0
31.9,55.0,2695,4095,1395,1095,0,1,0
31.9,55.0,2697,4095,1392,1091,0,1,0
31.9,55.0,2773,4095,1392,1088,0,1,0
31.9,55.0,2737,4095,1392,1095,0,1,0
32.0,54.8,2768,4095,1391,1102,0,1,0
32.0,54.8,2697,4095,1390,1105,0,1,0
32.0,54.8,2704,4095,1386,1075,0,1,0
32.0,54.8,2775,4095,1381,1104,0,1,0
31.9,54.6,2751,4095,1388,1095,0,1,0
31.9,54.6,2759,4095,1379,1099,0,1,0
31.9,54.6,2674,4095,1377,1088,0,1,0
31.9,54.6,2715,4095,1375,1081,0,1,0
31.9,54.5,2688,4095,1367,1087,0,1,0
31.9,54.5,2767,4095,1373,1081,0,1,0
31.9,54.5,2747,4095,1370,1079,0,1,0
31.9,54.5,2674,4095,1367,1086,0,1,0
31.9,54.4,2695,4095,1378,1085,0,1,0
31.9,54.4,2701,4095,1360,1088,0,1,0
31.9,54.4,2781,4095,1361,1079,0,1,0
31.9,54.4,2733,4095,1370,1077,0,1,0
31.9,54.3,2757,4095,1365,1088,0,1,0
31.9,54.3,2682,4095,1364,1089,0,1,0
31.9,54.3,2721,4095,1368,1073,0,1,0
31.9,54.3,2781,4095,1360,1086,0,1,0
32.0,54.3,2770,4095,1365,1088,0,1,0
32.0,54.3,2750,4095,1358,1075,0,1,0
32.0,54.3,2679,4095,1358,1094,0,1,0
32.0,54.3,2743,4095,1360,1077,0,1,0
31.9,54.5,2714,4095,1354,1083,0,1,0
31.9,54.5,2779,4095,1350,1089,0,1,0
31.9,54.5,2720,4095,1343,1072,0,1,0
31.9,54.5,2691,4095,1353,1082,0,1,0
31.9,54.7,2681,4095,1345,1087,0,1,0
31.9,54.7,2741,4095,1349,1075,0,1,0
31.9,54.7,2775,4095,1355,1072,0,1,0
31.9,54.7,2688,4095,1343,1075,0,1,0
31.9,54.8,2718,4095,1348,1083,0,1,0
31.9,54.8,2688,4095,1345,1088,0,1,0
31.9,54.8,2793,4095,1344,1087,0,1,0
31.9,54.8,2742,4095,1344,1091,0,1,0
31.9,54.9,2763,4095,1338,1078,0,1,0
31.9,54.9,2679,4095,1344,1087,0,1,0
31.9,54.9,2723,4095,1341,1080,0,1,0
31.9,54.9,2772,4095,1343,1073,0,1,0
31.9,54.8,2773,4095,1334,1088,0,1,0
31.9,54.8,2726,4095,1333,1085,0,1,0
31.9,54.8,2693,4095,1328,1074,0,1,0
31.9,54.8,2773,4095,1335,1079,0,1,0
31.9,54.7,2752,4095,1331,1082,0,1,0
31.9,54.7,2769,4095,1333,1088,0,1,0
31.9,54.7,2690,4095,1333,1072,0,1,0
31.9,54.7,2736,4095,1328,1055,0,1,0
31.9,54.8,2719,4095,1327,1073,0,1,0
31.9,54.8,2791,4095,1327,1066,0,1,0
31.9,54.8,2729,4095,1327,1082,0,1,0
31.9,54.8,2716,4095,1326,1085,0,1,0
31.9,55.0,2700,4095,1327,1077,0,1,0
31.9,55.0,2763,4095,1323,1077,0,1,0
31.9,55.0,2768,4095,1315,1082,0,1,0
31.9,55.0,2688,4095,1325,1071,0,1,0
31.9,55.1,2699,4095,1321,1074,0,1,0
31.9,55.1,2714,4095,1322,1072,0,1,0
31.9,55.1,2787,4095,1311,1087,0,1,0
31.9,55.1,2722,4095,1315,1089,0,1,0
31.9,55.1,2738,4095,1310,1079,0,1,0
31.9,55.1,2682,4095,1309,1076,0,1,0
31.9,55.1,2759,4095,1303,1072,0,1,0
31.9,55.1,2768,4095,1306,1070,0,1,0
31.9,55.2,2781,4095,1312,1072,0,1,0
31.9,55.2,2702,4095,1303,1072,0,1,0
31.9,55.2,2704,4095,1207,1041,0,1,0
31.9,55.2,2781,4095,1303,1072,0,1,0
31.9,55.2,2763,4095,1303,1074,0,1,0
31.9,55.2,2758,4095,1300,1072,0,1,0
31.9,55.2,2681,4095,1311,1061,0,1,0
31.9,55.2,2743,4095,1297,1062,0,1,0
31.9,55.2,2717,4095,1296,1057,0,1,0
31.9,55.2,2787,4095,1296,1063,0,1,0
31.9,55.2,2719,4095,1296,1057,0,1,0
31.9,55.2,2701,4095,1293,1055,0,1,0
31.9,55.1,2685,4095,1296,1067,0,1,0
31.9,55.1,2754,4095,1289,1059,0,1,0
31.9,55.1,2771,4095,1293,1062,0,1,0
31.9,55.1,2683,4095,1285,1059,0,1,0
31.9,55.0,2705,4095,1286,1051,0,1,0
31.9,55.0,2710,4095,1294,1074,0,1,0
31.9,55.0,2787,4095,1295,1065,0,1,0
31.9,55.0,2735,4095,1293,1050,0,1,0
31.9,55.1,2754,4095,1284,1070,0,1,0
31.9,55.1,2698,4095,1293,1057,0,1,0
31.9,55.1,2757,4095,1286,1040,0,1,0
31.9,55.1,2771,4095,1296,1065,0,1,0
31.9,55.2,2797,4095,1284,1065,0,1,0
31.9,55.2,2707,4095,1284,1059,0,1,0
31.9,55.2,2711,4095,1423,1067,0,1,0
31.9,55.2,2791,4095,1284,1049,0,1,0
31.9,55.3,2769,4095,1281,1071,0,1,0
31.9,55.3,2754,4095,1281,1061,0,1,0
31.9,55.3,2685,4095,1279,1071,0,1,0
31.9,55.3,2755,4095,1281,1069,0,1,0
31.9,55.2,2731,4095,1278,1062,0,1,0
31.9,55.2,2783,4095,1280,1055,0,1,0
31.9,55.2,2697,4095,1279,1056,0,1,0
31.9,55.2,2722,4095,1280,976,0,1,0
31.9,55.3,2703,4095,1279,1051,0,1,0
31.9,55.3,2784,4095,1275,1057,0,1,0
31.9,55.3,2737,4095,1280,1069,0,1,0
31.9,55.3,2691,4095,1283,1061,0,1,0
31.9,55.3,2683,4095,1279,1073,0,1,0
31.9,55.3,2752,4095,1286,1072,0,1,0
31.9,55.3,2770,4095,1274,1063,0,1,0
31.9,55.3,2687,4095,1279,1061,0,1,0
31.8,55.3,2701,4095,1274,1047,0,1,0
31.8,55.3,2723,4095,1271,1056,0,1,0
31.8,55.3,2787,4095,1264,1049,0,1,0
31.8,55.3,2711,4095,1268,1062,0,1,0
31.9,55.3,2732,4095,1271,1061,0,1,0
31.9,55.3,2695,4095,1296,1055,0,1,0
31.9,55.3,2777,4095,1271,1054,0,1,0
31.9,55.3,2747,4095,1267,1047,0,1,0
31.8,55.3,2763,4095,1264,1047,0,1,0
31.8,55.3,2685,4095,1264,1060,0,1,0
31.8,55.3,2747,4095,1267,1058,0,1,0
31.8,55.3,2770,4095,1267,1062,0,1,0
31.8,55.3,2785,4095,1264,1040,0,1,0
31.8,55.3,2704,4095,1264,1056,0,1,0
31.8,55.3,2719,4095,1264,1040,0,1,0
31.8,55.3,2785,4095,1263,1041,0,1,0
31.9,55.4,2772,4095,1262,1047,0,1,0
31.9,55.4,2736,4095,1263,1046,0,1,0
31.9,55.4,2689,4095,1264,1053,0,1,0
31.9,55.4,2768,4095,1264,1057,0,1,0
31.9,55.4,2752,4095,1264,1041,0,1,0
31.9,55.4,2770,4095,1267,1040,0,1,0
31.9,55.4,2686,4095,1264,1066,0,1,0
31.9,55.4,2736,4095,1260,1075,0,1,0
31.8,55.4,2727,4095,1264,1063,0,1,0
31.8,55.4,2795,4095,1261,1049,0,1,0
31.8,55.4,2710,4095,1263,1057,0,1,0
31.8,55.4,2711,4095,1262,1040,0,1,0
31.9,55.4,2697,4095,1261,1059,0,1,0
31.9,55.4,2778,4095,1261,1048,0,1,0
31.9,55.4,2749,4095,1259,1056,0,1,0
31.9,55.4,2693,4095,1255,1047,0,1,0
31.8,55.3,2687,4095,1264,1050,0,1,0
31.8,55.3,2756,4095,1254,1040,0,1,0
31.8,55.3,2773,4095,1262,1040,0,1,0
31.8,55.3,2693,4095,1251,1055,0,1,0
31.8,55.4,2699,4095,1262,1045,0,1,0
31.8,55.4,2734,4095,1250,1040,0,1,0
31.8,55.4,2788,4095,1252,1052,0,1,0
31.8,55.4,2704,4095,1253,1055,0,1,0
31.8,55.4,2723,4095,1247,1047,0,1,0
31.8,55.4,2708,4095,1250,1041,0,1,0
31.8,55.4,2789,4095,1249,1053,0,1,0
31.8,55.4,2733,4095,1249,1057,0,1,0
31.8,55.4,2752,4095,1250,1051,0,1,0
31.8,55.4,2690,4095,1247,1050,0,1,0
31.8,55.4,2769,4095,1232,1039,0,1,0
31.8,55.4,2759,4095,1242,1045,0,1,0
31.8,55.4,2775,4095,1242,1046,0,1,0
31.8,55.4,2688,4095,1250,1039,0,1,0
31.8,55.4,2739,4095,1243,1035,0,1,0
31.8,55.4,2777,4095,1262,1042,0,1,0
31.8,55.4,2786,4095,1241,1039,0,1,0
31.8,55.4,2701,4095,1239,1041,0,1,0
31.8,55.4,2691,4095,1238,1049,0,1,0
31.8,55.4,2769,4095,1241,1019,0,1,0
31.8,55.4,2770,4095,1242,1040,0,1,0
31.8,55.4,2741,4095,1236,1033,0,1,0
31.8,55.4,2695,4095,1237,1045,0,1,0
31.8,55.4,2775,4095,1239,1039,0,1,0
31.8,55.4,2752,4095,1235,1040,0,1,0
31.8,55.4,2755,4095,1235,1023,0,1,0
31.8,55.4,2676,4095,1237,1034,0,1,0
31.8,55.4,2751,4095,1239,1037,0,1,0
31.8,55.4,2736,4095,1233,1033,0,1,0
31.8,55.4,2783,4095,1233,1020,0,1,0
31.8,55.4,2698,4095,1232,1038,0,1,0
31.8,55.4,2716,4095,1237,1045,0,1,0
31.8,55.4,2682,4095,1232,1040,0,1,0
31.8,55.4,2775,4095,1231,1033,0,1,0
31.8,55.4,2718,4095,1231,1035,0,1,0
31.8,55.4,2711,4095,1230,1042,0,1,0
31.8,55.4,2699,4095,1232,1041,0,1,0
31.8,55.4,2775,4095,1226,1043,0,1,0
31.8,55.4,2719,4095,1226,1022,0,1,0
31.8,55.4,2615,4095,1226,1042,0,1,0
31.8,55.4,2644,4095,1227,1023,0,1,0
31.8,55.4,2749,4095,1225,1040,0,1,0
31.8,55.4,2775,4095,1223,1023,0,1,0
31.8,55.4,2683,4095,1227,1039,0,1,0
31.8,55.4,2700,4095,1217,1035,0,1,0
31.8,55.4,2719,4095,1222,1041,0,1,0
31.8,55.4,2779,4095,1216,1039,0,1,0
31.8,55.4,2704,4095,1222,1040,0,1,0
31.8,55.4,2725,4095,1223,1031,0,1,0
31.8,55.4,2705,4095,1217,1023,0,1,0
31.8,55.4,2778,4095,1218,1023,0,1,0
31.8,55.4,2736,4095,1227,1040,0,1,0
31.8,55.4,2754,4095,1215,1015,0,1,0
31.8,55.4,2689,4095,1226,1023,0,1,0
31.8,55.4,2765,4095,1219,1023,0,1,0
31.8,55.4,2763,4095,1215,1034,0,1,0
31.8,55.4,2779,4095,1219,1031,0,1,0
31.8,55.4,2695,4095,1217,1032,0,1,0
31.8,55.4,2742,4095,1216,1037,0,1,0
31.8,55.4,2787,4095,1214,1023,0,1,0
31.8,55.4,2795,4095,1216,1019,0,1,0
31.8,55.4,2723,4095,1220,1023,0,1,0
31.8,55.4,2714,4095,1218,1020,0,1,0
31.8,55.4,2793,4095,1216,1040,0,1,0
31.8,55.4,2778,4095,1217,1037,0,1,0
31.8,55.4,2759,4095,1213,977,0,1,0
31.8,55.4,2693,4095,1213,1038,0,1,0
31.8,55.4,2769,4095,1217,1019,0,1,0
31.8,55.4,2750,4095,1216,1040,0,1,0
31.8,55.4,2787,4095,1214,1011,0,1,0
31.8,55.4,2695,4095,1210,1034,0,1,0
31.8,55.4,2736,4095,1207,1023,0,1,0
31.8,55.4,2718,4095,1209,1040,0,1,0
31.8,55.4,2791,4095,1206,1022,0,1,0
31.8,55.4,2736,4095,1212,1023,0,1,0
31.8,55.4,2709,4095,1207,1022,0,1,0
31.8,55.4,2694,4095,1201,1040,0,1,0
31.8,55.4,2768,4095,1207,1010,0,1,0
31.8,55.4,2757,4095,1210,1068,0,1,0
31.8,55.4,2688,4095,1201,1037,0,1,0
31.8,55.4,2685,4095,1210,1019,0,1,0
31.8,55.4,2741,4095,1207,1033,0,1,0
31.8,55.4,2781,4095,1231,1023,0,1,0
31.8,55.4,2693,4095,1202,1023,0,1,0
31.8,55.4,2714,4095,1200,1023,0,1,0
31.8,55.4,2716,4095,1200,1041,0,1,0
31.8,55.4,2789,4095,1195,1040,0,1,0
31.8,55.4,2721,4095,1195,1034,0,1,0
31.8,55.4,2742,4095,1197,1034,0,1,0
31.8,55.4,2702,4095,1200,1022,0,1,0
31.8,55.4,2779,4095,1200,1023,0,1,0
31.8,55.4,2747,4095,1194,1045,0,1,0
31.8,55.4,2768,4095,1200,1020,0,1,0
31.8,55.4,2688,4095,1195,1008,0,1,0
31.8,55.4,2757,4095,1185,1023,0,1,0
31.8,55.4,2775,4095,1197,1019,0,1,0
31.8,55.4,2790,4095,1185,1017,0,1,0
31.8,55.4,2704,4095,1173,1021,0,1,0
31.8,55.4,2736,4095,1187,1023,0,1,0
31.8,55.4,2796,4095,1174,1008,0,1,0
31.8,55.4,2790,4095,1174,1040,0,1,0
31.8,55.4,2733,4095,1181,1011,0,1,0
31.8,55.4,2715,4095,1179,1013,0,1,0
31.8,55.4,2793,4095,1175,1033,0,1,0
31.8,55.4,2778,4095,1176,1022,0,1,0
31.8,55.4,2757,4095,1190,1042,0,1,0
31.8,55.4,2699,4095,1179,1019,0,1,0
31.8,55.4,2775,4095,1174,1040,0,1,0
31.8,55.4,2756,4095,1171,1023,0,1,0
31.8,55.4,2779,4095,1179,1023,0,1,0
31.8,55.4,2692,4095,1178,1021,0,1,0
31.8,55.4,2751,4095,1173,1035,0,1,0
31.8,55.4,2730,4095,1171,1013,0,1,0
31.8,55.4,2791,4095,1173,1015,0,1,0
31.8,55.4,2707,4095,1174,1018,0,1,0
31.8,55.4,2718,4095,1167,1015,0,1,0
31.8,55.5,2697,4095,1168,1015,0,1,0
31.8,55.5,2779,4095,1166,1037,0,1,0
31.8,55.5,2738,4095,1173,1009,0,1,0
31.8,55.5,2704,4095,1168,1023,0,1,0
31.8,55.5,2692,4095,1337,1008,0,1,0
31.8,55.5,2767,4095,1169,1033,0,1,0
31.8,55.5,2771,4095,1168,1022,0,1,0
31.8,55.5,2699,4095,1166,1008,0,1,0
31.8,55.5,2704,4095,1168,1009,0,1,0
31.8,55.5,2747,4095,1153,1011,0,1,0
31.8,55.5,2795,4095,1171,1007,0,1,0
31.8,55.5,2714,4095,1166,1015,0,1,0
31.8,55.5,2734,4095,1165,1036,0,1,0
31.8,55.5,2731,4095,1163,1005,0,1,0
31.8,55.5,2799,4095,1168,1008,0,1,0
31.8,55.5,2746,4095,1163,1019,0,1,0
31.8,55.5,2766,4095,1167,1021,0,1,0
31.8,55.5,2705,4095,1186,1014,0,1,0
31.8,55.5,2785,4095,1163,1011,0,1,0
31.8,55.5,2776,4095,1163,1011,0,1,0
31.8,55.5,2795,4095,1165,1017,0,1,0
31.8,55.5,2707,4095,1158,1019,0,1,0
31.8,55.5,2758,4095,1162,1023,0,1,0
31.8,55.5,2801,4095,1155,1030,0,1,0
31.8,55.5,2803,4095,1158,1014,0,1,0
31.8,55.5,2736,4095,1162,1010,0,1,0
31.8,55.5,2727,4095,1154,1014,0,1,0
31.8,55.5,2791,4095,1152,1019,0,1,0
31.8,55.5,2794,4095,1158,1011,0,1,0
31.8,55.5,2767,4095,1159,1019,0,1,0
31.8,55.5,2711,4095,1152,1012,0,1,0
31.8,55.5,2785,4095,1153,1019,0,1,0
31.8,55.6,2763,4095,1167,1007,0,1,0
31.8,55.6,2794,4095,1158,1015,0,1,0
31.8,55.6,2707,4095,1153,1013,0,1,0
31.8,55.6,2759,4095,1153,1011,0,1,0
31.8,55.5,2737,4095,1153,1007,0,1,0
31.8,55.5,2803,4095,1155,1020,0,1,0
31.8,55.5,2732,4095,1155,1008,0,1,0
31.8,55.5,2735,4095,1153,1015,0,1,0
31.8,55.5,2718,4095,1152,1008,0,1,0
31.8,55.5,2798,4095,1152,1007,0,1,0
31.8,55.5,2759,4095,1152,1011,0,1,0
31.8,55.5,2704,4095,1152,1015,0,1,0
31.8,55.5,2704,4095,1154,969,0,1,0
31.8,55.5,2772,4095,1145,1070,0,1,0
31.8,55.5,2786,4095,1152,997,0,1,0
31.8,55.5,2708,4095,1152,1021,0,1,0
31.8,55.5,2711,4095,1143,1007,0,1,0
31.8,55.5,2749,4095,1141,1008,0,1,0
31.8,55.5,2800,4095,1151,1011,0,1,0
31.8,55.5,2723,4095,1142,1019,0,1,0
31.8,55.4,2746,4095,1143,1008,0,1,0
31.8,55.4,2729,4095,1146,1014,0,1,0
31.8,55.4,2800,4095,1110,1002,0,1,0
31.8,55.4,2767,4095,1149,1008,0,1,0
31.8,55.3,2789,4095,1141,998,0,1,0
31.8,55.3,2710,4095,1142,1015,0,1,0
31.8,55.3,2768,4095,1130,995,0,1,0
31.8,55.3,2795,4095,1142,998,0,1,0
31.8,55.3,2803,4095,1141,1011,0,1,0
31.8,55.3,2732,4095,1141,1018,0,1,0
31.8,55.3,2735,4095,1140,1002,0,1,0
31.8,55.3,2798,4095,1140,1008,0,1,0
31.8,55.2,2789,4095,1136,1001,0,1,0
31.8,55.2,2768,4095,1134,1017,0,1,0
31.8,55.2,2709,4095,1137,1007,0,1,0
31.8,55.2,2783,4095,1138,997,0,1,0
31.8,55.0,2763,4095,1143,1008,0,1,0
31.8,55.0,2798,4095,1141,1004,0,1,0
31.8,55.0,2711,4095,1138,1015,0,1,0
31.8,55.0,2751,4095,1139,1001,0,1,0
31.8,55.0,2729,4095,1138,1009,0,1,0
31.8,55.0,2800,4095,1137,982,0,1,0
31.8,55.0,2749,4095,1136,988,0,1,0
31.8,55.0,2718,4095,1135,1008,0,1,0
31.8,55.1,2704,4095,1136,1013,0,1,0
31.8,55.1,2779,4095,1129,982,0,1,0
31.8,55.1,2781,4095,1137,1010,0,1,0
31.8,55.1,2703,4095,1136,996,0,1,0
31.8,55.2,2713,4095,1133,1037,0,1,0
31.8,55.2,2743,4095,1135,1007,0,1,0
31.8,55.2,2807,4095,1132,1015,0,1,0
31.8,55.2,2735,4095,1131,1007,0,1,0
31.8,55.3,2750,4095,1129,1008,0,1,0
31.8,55.3,2723,4095,1122,1011,0,1,0
31.8,55.3,2801,4095,1120,1012,0,1,0
31.8,55.3,2766,4095,1135,1001,0,1,0
31.8,55.3,2789,4095,1127,1003,0,1,0
31.8,55.3,2710,4095,1146,1008,0,1,0
31.8,55.3,2786,4095,1129,986,0,1,0
31.8,55.3,2791,4095,1135,1015,0,1,0
31.8,55.4,2803,4095,1123,1002,0,1,0
31.8,55.4,2721,4095,1123,1005,0,1,0
31.8,55.4,2752,4095,1125,1002,0,1,0
31.8,55.4,2804,4095,1122,969,0,1,0
31.8,55.4,2807,4095,1120,1008,0,1,0
31.8,55.4,2746,4095,1125,994,0,1,0
31.8,55.4,2735,4095,1127,1002,0,1,0
31.8,55.4,2807,4095,1125,1013,0,1,0
31.8,55.3,2798,4095,1126,1003,0,1,0
31.8,55.3,2755,4095,1123,1003,0,1,0
31.8,55.3,2709,4095,1125,996,0,1,0
31.8,55.3,2800,4095,1113,1000,0,1,0
31.8,55.2,2786,4095,1130,995,0,1,0
31.8,55.2,2786,4095,1123,1006,0,1,0
31.8,55.2,2717,4095,1120,999,0,1,0
31.8,55.2,2810,4095,1121,992,0,1,0
31.8,55.0,2775,4095,1121,991,0,1,0
31.8,55.0,2800,4095,1122,1004,0,1,0
31.8,55.0,2715,4095,1127,1005,0,1,0
31.8,55.0,2782,4095,1122,985,0,1,0
31.8,55.0,2761,4095,1123,997,0,1,0
31.8,55.0,2805,4095,1125,979,0,1,0
31.8,55.0,2721,4095,1119,1006,0,1,0
31.8,55.0,2769,4095,1118,1001,0,1,0
31.8,55.1,2754,4095,1120,993,0,1,0
31.8,55.1,2814,4095,1122,985,0,1,0
31.8,55.1,2724,4095,1123,1000,0,1,0
31.8,55.1,2765,4095,1113,976,0,1,0
31.8,55.0,2750,4095,1116,1007,0,1,0
31.8,55.0,2814,4095,1104,928,0,1,0
31.8,55.0,2729,4095,1113,983,0,1,0
31.8,55.0,2757,4095,1104,990,0,1,0
31.8,54.8,2737,4095,1105,997,0,1,0
31.8,54.8,2815,4095,1105,983,0,1,0
31.8,54.8,2732,4095,1106,986,0,1,0
31.8,54.8,2752,4095,1110,983,0,1,0
31.8,54.7,2733,4095,1105,978,0,1,0
31.8,54.7,2815,4095,1104,990,0,1,0
31.8,54.7,2734,4095,1108,992,0,1,0
31.8,54.7,2747,4095,1107,989,0,1,0
31.8,54.6,2735,4095,1104,981,0,1,0
31.8,54.6,2809,4095,1104,990,0,1,0
31.8,54.6,2735,4095,1107,991,0,1,0
31.8,54.6,2743,4095,1101,999,0,1,0
31.8,54.5,2735,4095,1104,987,0,1,0
31.8,54.5,2812,4095,1095,985,0,1,0
31.8,54.5,2743,4095,1104,990,0,1,0
31.7,55.5,2719,2317,1213,1078,0,1,0
31.7,55.5,2791,2277,1197,1073,0,1,0
31.7,55.5,2750,2275,1213,1097,0,1,0
31.7,55.5,2717,2246,1200,1097,0,1,0
31.7,55.5,2709,2254,1195,1098,0,1,0
31.7,55.5,2763,2247,1191,1088,0,1,0
31.7,55.5,2795,2249,1200,1088,0,1,0
31.7,55.5,2722,2264,1211,1087,0,1,0
31.7,55.5,2746,2300,1238,1083,0,1,0
31.7,55.5,2725,2346,1273,1087,0,1,0
31.7,55.5,2795,2416,1326,1088,0,1,0
31.7,55.5,2775,2416,1324,1085,0,1,0
31.7,55.5,2795,2369,1280,1093,0,1,0
31.7,55.5,2722,2358,1286,1085,0,1,0
31.7,55.5,2749,2368,1280,1079,0,1,0
31.7,55.5,2801,2421,1296,1086,0,1,0
31.7,55.4,2791,2394,1303,1084,0,1,0
31.7,55.4,2763,2443,1335,1079,0,1,0
31.7,55.4,2705,2187,1131,1078,0,1,0
31.7,55.4,2766,3401,2018,1083,1,1,0
31.7,55.5,2745,3381,2015,1072,1,1,0
31.7,55.5,2805,3379,2029,1093,1,1,0
31.7,55.5,2719,3361,2026,1094,1,1,0
31.7,55.5,2730,3361,2032,1040,1,1,0
31.7,55.5,2708,3325,2031,1103,1,1,0
31.7,55.5,2773,3308,2039,1090,1,1,0
31.7,55.5,2800,3306,2037,1086,1,1,0
31.7,55.5,2721,3280,2033,1088,1,1,0
31.7,55.5,2739,3270,2029,1089,1,1,0
31.7,55.5,2688,3273,2042,1090,1,1,0
31.7,55.5,2763,1949,1033,1088,0,1,0
31.7,55.5,2777,1865,981,1085,0,1,0
31.7,55.5,2797,2006,1093,1069,0,1,0
31.7,55.5,2733,2192,1198,1070,0,1,0
31.7,55.5,2747,2267,1251,1023,0,1,0
31.7,55.5,2791,2297,1264,1069,0,1,0
31.7,55.5,2743,2297,1271,1099,0,1,0
31.7,55.5,2736,2315,1270,1067,0,1,0
31.7,55.5,2705,2320,1268,1061,0,1,0
31.7,55.5,2767,2321,1277,1047,0,1,0
31.7,55.5,2754,2320,1281,1041,0,1,0
31.7,55.5,2809,2327,1296,1067,0,1,0
31.7,55.5,2759,2334,1290,1067,0,1,0
31.7,55.5,2724,2333,1281,1061,0,1,0
31.7,55.5,2719,2327,1283,1069,0,1,0
31.7,55.5,2768,2331,1296,1067,0,1,0
31.7,55.5,2807,2336,1291,1063,0,1,0
31.7,55.5,2737,2337,1290,1066,0,1,0
31.7,55.5,2761,2334,1292,1065,0,1,0
31.7,55.5,2721,2332,1294,1063,0,1,0
31.7,55.5,2786,2345,1292,1067,0,1,0
31.7,55.5,2795,2331,1264,1067,0,1,0
31.7,55.4,2811,2337,1295,1064,0,1,0
31.7,55.4,2738,2341,1291,1066,0,1,0
31.7,55.4,2719,2339,1297,1061,0,1,0
31.7,55.3,2735,2315,1302,1040,0,1,0
31.7,55.3,2737,2320,1314,1035,0,1,0
31.7,55.3,2725,2330,1330,1056,0,1,0
31.7,55.3,2791,2338,1323,1059,0,1,0
31.7,55.3,2800,2334,1326,1057,0,1,0
31.7,55.3,2731,2346,1332,1052,0,1,0
31.8,55.4,2749,2337,1328,1056,0,1,0
31.8,55.4,2736,2340,1330,1049,0,1,0
31.8,55.4,2807,2366,1342,1051,0,1,0
31.8,55.4,2779,2351,1328,1055,0,1,0
31.8,55.5,2800,2334,1314,1058,0,1,0
31.8,55.5,2725,2338,1325,1045,0,1,0
31.8,55.5,2750,2468,1379,1053,0,1,0
31.8,55.5,2803,3314,1968,1042,1,1,0
31.7,55.5,2794,3274,2029,1049,1,1,0
31.7,55.5,2782,3248,2043,1066,1,1,0
31.7,55.5,2725,3233,2045,1057,1,1,0
31.7,55.5,2785,3216,2045,1063,1,1,0
31.7,55.6,2760,3206,2064,1070,1,1,0
31.7,55.6,2818,3283,2059,1057,1,1,0
31.7,55.6,2761,2287,1247,1054,0,1,0
31.7,55.6,2736,1776,895,1054,0,1,0
31.7,55.5,2717,2123,1159,1041,0,1,0
31.7,55.5,2768,2190,1183,1039,0,1,0
31.7,55.5,2800,2204,1232,1041,0,1,0
31.7,55.5,2733,2208,1231,1046,0,1,0
31.7,55.5,2762,2233,1230,1041,0,1,0
31.7,55.5,2722,3193,2062,1039,1,1,0
31.7,55.5,2785,3184,2066,1035,1,1,0
31.7,55.5,2798,3198,2078,1061,1,1,0
31.7,55.4,2810,3199,2077,1050,1,1,0
31.7,55.4,2749,3191,2067,1050,1,1,0
31.7,55.4,2736,3200,2084,1043,1,1,0
31.7,55.4,2800,3184,2082,1056,1,1,0
31.7,55.3,2773,3169,2080,1054,1,1,0
31.7,55.3,2807,3180,2085,1057,1,1,0
31.7,55.3,2739,3123,2081,1063,1,1,0
31.7,55.3,2752,3119,2155,1033,1,1,0
31.7,55.4,2733,3130,2162,1042,1,1,0
31.7,55.4,2774,3133,2212,1049,1,1,0
31.7,55.4,2786,3127,2179,1054,1,1,0
31.7,55.4,2718,3125,2234,1044,1,1,0
31.8,55.3,2749,3127,2137,1069,1,1,0
31.8,55.3,2721,3131,2097,1040,1,1,0
31.8,55.3,2783,3136,2086,1054,1,1,0
31.8,55.3,2789,3137,2071,1055,1,1,0
31.7,55.4,2808,3157,1889,1054,1,1,0
31.7,55.4,2751,3156,1818,1059,1,1,0
31.7,55.4,2730,3175,1797,1045,1,1,0
31.7,55.4,2789,3153,1714,1057,1,1,0
31.8,55.3,2765,3166,1689,1053,1,1,0
31.8,55.3,2800,3195,1675,1022,1,1,0
31.8,55.3,2746,3185,1651,1040,1,1,0
31.8,55.3,2723,3177,1635,1057,1,1,0
31.8,55.4,2711,3179,1616,1032,1,1,0
31.8,55.4,2768,3173,1627,1038,1,1,0
31.8,55.4,2806,3150,1607,1058,1,1,0
31.8,55.4,2748,3145,1611,1038,1,1,0
31.7,55.3,2777,3159,1622,1040,1,1,0
31.7,55.3,2723,3180,1584,1043,1,1,0
31.7,55.3,2778,3171,1584,1017,1,1,0
31.7,55.3,2814,3197,1565,1051,1,1,0
31.8,55.2,2807,3179,1502,1039,0,1,0
31.8,55.2,2779,3204,1443,1046,0,1,0
31.8,55.2,2701,3191,1418,1018,0,1,0
31.8,55.2,2753,3182,2214,1008,1,1,0
31.8,55.1,2719,3203,2098,1034,1,1,0
31.8,55.1,2794,3216,2093,1023,1,1,0
31.8,55.1,2767,3218,2090,1031,1,1,0
31.8,55.1,2707,3235,2085,1099,1,1,0
31.8,55.2,2719,3233,2081,1023,1,1,0
31.8,55.2,2729,3218,2079,1017,1,1,0
31.8,55.2,2794,3202,2090,1040,1,1,0
31.8,55.2,2774,3238,2079,1040,1,1,0
31.8,55.2,2798,3222,2078,1033,1,1,0
31.8,55.2,2722,3237,2114,1009,1,1,0
31.8,55.2,2697,3231,2023,1040,1,1,0
31.8,55.2,2778,3224,1966,1073,1,1,0
31.7,55.2,2753,3229,1936,1045,1,1,0
31.7,55.2,2791,3247,1871,1034,1,1,0
31.7,55.2,2738,3257,1798,1018,1,1,0
31.7,55.2,2727,3244,1783,1034,1,1,0
31.7,55.2,2725,3255,2029,1036,1,1,0
31.7,55.2,2771,3222,2030,1018,1,1,0
31.7,55.2,2807,3216,2023,1034,1,1,0
31.7,55.2,2754,1600,816,1023,0,1,0
31.8,55.2,2789,1621,884,1014,0,1,0
31.8,55.2,2719,1742,944,1005,0,1,0
31.8,55.2,2746,1649,1002,1005,0,1,0
31.8,55.2,2787,1159,2018,1004,0,1,0
31.7,55.2,2763,1127,1974,964,0,1,0
31.7,55.2,2762,1085,1925,1001,0,1,0
31.7,55.2,2718,1071,1895,1003,0,1,0
31.7,55.2,2730,1065,1808,1005,0,1,0
31.8,55.2,2703,1047,1770,1006,0,1,0
31.8,55.2,2756,1035,1754,1008,0,1,0
31.8,55.2,2768,1049,1791,1002,0,1,0
31.8,55.2,2707,1014,1734,1003,0,1,0
31.7,55.2,2747,1021,1671,1011,0,1,0
31.7,55.2,2702,1031,1616,1008,0,1,0
31.7,55.2,2765,1006,1600,1008,0,1,0
31.7,55.2,2779,1007,1578,1073,0,1,0
31.7,55.2,2802,1691,1133,999,0,1,0
31.7,55.2,2765,2001,1286,1009,0,1,0
31.7,55.2,2716,2032,1298,1007,0,1,0
31.7,55.2,2769,2075,1328,1008,0,1,0
31.8,55.2,2736,2066,1254,999,0,1,0
31.8,55.2,2800,2021,1168,1007,0,1,0
31.8,55.2,2751,2169,1291,1019,0,1,0
31.8,55.2,2707,2179,1281,1039,0,1,0
31.7,55.2,2707,2177,1249,1008,0,1,0
31.7,55.2,2736,2256,1244,1011,0,1,0
31.7,55.2,2795,2189,1250,1003,0,1,0
31.7,55.2,2761,2197,1230,1001,0,1,0
31.8,55.3,2786,2186,1143,1008,0,1,0
31.8,55.3,2711,1941,1154,1009,0,1,0
31.8,55.3,2744,2133,1281,1007,0,1,0
31.8,55.3,2805,2205,1335,1007,0,1,0
31.8,55.2,2772,2229,1168,1004,0,1,0
31.8,55.2,2779,2197,1298,1006,0,1,0
31.8,55.2,2713,2209,1302,1006,0,1,0
31.8,55.2,2752,2224,1279,1002,0,1,0
31.7,55.0,2721,2208,1299,998,0,1,0
31.7,55.0,2779,2249,1387,1003,0,1,0
31.7,55.0,2771,2240,1303,997,0,1,0
31.7,55.0,2704,2235,1284,1008,0,1,0
31.7,54.9,2731,2243,1247,1008,0,1,0
31.7,54.9,2708,2035,1307,1006,0,1,0
31.7,54.9,2763,1269,2081,987,1,1,0
31.7,54.9,2735,1181,2042,999,0,1,0
31.7,54.8,2766,1153,1999,1023,0,1,0
31.7,54.8,2688,1102,1968,1005,0,1,0
31.7,54.8,2704,1078,1935,993,0,1,0
31.7,54.8,2758,1003,1905,993,0,1,0
31.7,54.9,2743,1048,1874,997,0,1,0
31.7,54.9,2750,1023,1853,994,0,1,0
31.7,54.9,2688,1023,1808,1005,0,1,0
31.7,54.9,2731,1022,1776,1007,0,1,0
31.8,55.0,2703,1008,1755,997,0,1,0
31.8,55.0,2771,1569,971,993,0,1,0
31.8,55.0,2767,2085,1300,1001,0,1,0
31.8,55.0,2672,2130,1271,994,0,1,0
31.8,55.0,1677,2145,1252,1002,0,1,1
31.8,55.0,785,2147,1233,999,0,1,1
31.8,55.0,792,2178,1227,1010,0,1,1
31.8,55.0,807,2183,1232,1007,0,1,1
31.8,55.1,942,2190,1235,1008,0,1,1
31.8,55.1,874,2191,1232,1017,0,1,1
31.8,55.1,2762,2192,1229,1016,0,1,0
31.8,55.1,2809,2194,1231,1011,0,1,0
31.8,55.2,2801,2185,1216,986,0,1,0
31.8,55.2,2754,2181,1213,1001,0,1,0
31.8,55.2,748,2185,1211,993,0,1,1
31.8,55.2,796,2179,1205,1053,0,1,1
31.8,55.2,785,2203,1214,1022,0,1,1
31.8,55.2,871,2209,1231,1009,0,1,1
31.8,55.2,892,2211,1215,1008,0,1,1
31.8,55.2,2734,2204,1216,1004,0,1,0
31.7,55.2,2722,2203,1214,1022,0,1,0
31.7,55.2,2752,2192,1194,912,0,1,0
31.7,55.2,2784,2187,1203,983,0,1,0
31.7,55.2,2705,2191,1199,983,0,1,0
31.7,55.2,2720,3124,1925,990,1,1,0
31.7,55.2,2714,3170,1911,995,1,1,0
31.7,55.2,2797,3169,1904,1011,1,1,0
31.7,55.2,2751,3145,1911,997,1,1,0
31.7,55.3,2759,3128,2016,997,1,1,0
31.7,55.3,2700,3169,2147,1002,1,1,0
31.7,55.3,2723,3146,2018,1011,1,1,0
31.7,55.3,2807,3119,1957,976,1,1,0
31.8,55.4,2800,3142,1853,999,1,1,0
31.8,55.4,2794,3148,1808,1001,1,1,0
31.8,55.4,2720,3152,1792,1003,1,1,0
31.8,55.4,2743,3110,1777,1002,1,1,0
31.8,55.5,2749,3106,1771,1011,1,1,0
31.8,55.5,2813,3071,1753,997,1,1,0
31.8,55.5,2753,3115,1744,1014,1,1,0
31.8,55.5,2739,3070,1742,1004,1,1,0
31.8,55.4,2752,3111,1709,978,1,1,0
31.8,55.4,2782,3095,1697,1031,1,1,0
31.8,55.4,2782,3118,1667,994,1,1,0
31.8,55.4,2711,3071,1646,992,1,1,0
31.8,55.4,2737,3071,1654,988,1,1,0
31.8,55.4,2743,3086,1648,1007,1,1,0
31.8,55.4,2810,3060,1648,1005,1,1,0
31.8,55.4,2762,3103,1648,995,1,1,0
31.7,55.4,2787,3053,1648,1010,1,1,0
31.7,55.4,2718,3071,1654,1002,1,1,0
31.7,55.4,2777,3051,1657,986,1,1,0
31.7,55.4,2651,3016,1522,1117,0,1,0
31.7,55.4,2741,3119,1517,1111,0,1,0
31.7,55.4,2667,3030,1523,1145,0,1,0
31.7,55.4,2708,3191,1520,1136,0,1,0
31.7,55.4,2713,3194,1520,1143,0,1,0
31.7,55.4,2709,3179,1520,1137,0,1,0
31.7,55.4,2670,3035,1508,1152,0,1,0
31.7,55.4,2749,3056,1514,1136,0,1,0
31.7,55.5,2746,3045,1518,1150,0,1,0
31.7,55.5,2646,3083,1514,1136,0,1,0
31.7,55.5,2736,3086,1514,1140,0,1,0
31.7,55.5,2679,3236,1510,1136,0,1,0
31.7,55.6,2674,3155,1509,1162,0,1,0
31.7,55.6,2691,3158,1508,1136,0,1,0
31.7,55.6,2730,3152,1505,1142,0,1,0
31.7,55.6,2653,3145,1499,1136,0,1,0
31.7,55.6,2653,3067,1501,1136,0,1,0
31.7,55.6,2748,3057,1498,1147,0,1,0
31.7,55.6,2652,3062,1504,1150,0,1,0
31.7,55.6,2720,3056,1498,1141,0,1,0
31.7,55.6,2718,3085,1495,1115,0,1,0
31.7,55.6,2697,3083,1494,1138,0,1,0
31.7,55.6,2672,3071,1498,1142,0,1,0
31.7,55.6,2743,3101,1495,1140,0,1,0
31.7,55.5,2737,3071,1497,1142,0,1,0
31.7,55.5,2647,3102,1495,1147,0,1,0
31.7,55.5,2740,3099,1492,1135,0,1,0
31.7,55.5,2678,3097,1494,1150,0,1,0
31.7,55.4,2672,3103,1496,1149,0,1,0
31.7,55.4,2693,3109,1495,1134,0,1,0
31.7,55.4,2726,3118,1499,1142,0,1,0
31.7,55.4,2652,3093,1493,1136,0,1,0
31.7,55.5,2666,3094,1493,1147,0,1,0
31.7,55.5,2749,3139,1492,1135,0,1,0
31.7,55.5,2661,3119,1495,1131,0,1,0
31.7,55.5,2717,3123,1496,1136,0,1,0
31.7,55.4,2720,3120,1490,1129,0,1,0
31.7,55.4,2709,3157,1492,1133,0,1,0
31.7,55.4,2674,3138,1493,1126,0,1,0
31.7,55.4,2751,3139,1497,1130,0,1,0
31.7,55.4,2748,3156,1488,1145,0,1,0
31.7,55.4,2650,3134,1492,1122,0,1,0
31.7,55.4,2734,3178,1651,1129,1,1,0
31.7,55.4,2658,3152,1630,1133,1,1,0
31.7,55.3,2656,3575,1730,1151,1,1,0
31.7,55.3,2646,3675,2261,1150,1,1,0
31.7,55.3,2709,3631,2650,1145,1,1,0
31.7,55.3,2659,3152,2407,1150,1,1,0
31.7,55.4,2671,3163,2314,1140,1,1,0
31.7,55.4,2755,3184,2246,1139,1,1,0
31.7,55.4,2672,3185,2192,1143,1,1,0
31.7,55.4,2718,3200,2144,1140,1,1,0
31.7,55.3,2715,3195,2096,1149,1,1,0
31.7,55.3,2710,3248,2075,1134,1,1,0
31.7,55.3,2657,3199,2055,1139,1,1,0
31.7,55.3,2708,3174,2043,1136,1,1,0
31.7,55.4,2713,3189,2035,1136,1,1,0
31.7,55.4,2602,3182,2031,1130,1,1,0
31.7,55.4,2669,3207,2025,1136,1,1,0
31.7,55.4,2635,3205,2026,1133,1,1,0
31.7,55.5,2640,3287,2019,1130,1,1,0
31.7,55.5,2618,3215,2001,1136,1,1,0
31.7,55.5,2700,3231,2023,1126,1,1,0
31.7,55.5,2579,3216,2032,1128,1,1,0
31.7,55.5,2559,3237,2015,1136,1,1,0
31.7,55.5,2675,3247,2014,1122,1,1,0
31.7,55.5,2657,3223,2014,1127,1,1,0
31.7,55.5,2627,3229,2015,1130,1,1,0
31.7,55.4,2605,3237,2013,1119,1,1,0
31.7,55.4,2667,3237,2013,1127,1,1,0
31.7,55.4,2518,3237,2018,1128,1,1,0
31.7,55.4,2608,3238,2015,1125,1,1,0
31.7,55.4,2634,3245,2013,1131,1,1,0
31.7,55.4,2655,3243,2013,1126,1,1,0
31.7,55.4,2646,3264,2010,1119,1,1,0
31.7,55.4,2750,3213,2011,1118,1,1,0
31.7,55.4,2747,3219,2014,1117,1,1,0
31.7,55.4,2586,1827,910,1121,0,1,0
31.7,55.4,2626,1567,730,1114,0,1,0
31.7,55.4,2610,2398,1296,1099,0,1,0
31.7,55.4,2695,1711,795,1104,0,1,0
31.7,55.4,2640,1799,875,1097,0,1,0
31.7,55.4,2745,1905,943,1097,0,1,0
31.7,55.4,2672,1975,1002,1137,0,1,0
31.7,55.4,2672,2011,1019,1103,0,1,0
31.7,55.4,2700,2055,1059,1103,0,1,0
31.7,55.4,2741,2087,1072,1098,0,1,0
31.7,55.4,2655,2107,1085,1104,0,1,0
31.7,55.4,2651,2129,1094,1101,0,1,0
31.7,55.4,2739,2139,1108,1078,0,1,0
31.7,55.4,2691,2149,1107,1101,0,1,0
31.7,55.4,2695,2160,1122,1101,0,1,0
31.7,55.5,2678,2160,1134,1097,0,1,0
31.7,55.5,2738,2195,1120,1099,0,1,0
31.7,55.5,2633,2217,1139,1098,0,1,0
31.7,55.5,2706,3181,2001,1093,1,1,0
31.7,55.4,2722,3188,2018,1104,1,1,0
31.7,55.4,2689,3203,2017,1117,1,1,0
31.7,55.4,2669,3199,2018,1121,1,1,0
31.7,55.4,2737,3215,2022,1110,1,1,0
31.7,55.4,2741,3217,2019,1109,1,1,0
31.7,55.4,2647,3221,2012,1104,1,1,0
31.7,55.4,2704,3217,2014,1115,1,1,0
31.7,55.4,2705,3230,2017,1107,1,1,0
31.7,55.4,2704,3222,2012,1103,1,1,0
31.7,55.4,2650,3225,2015,1105,1,1,0
31.7,55.4,2737,3229,2018,1105,1,1,0
31.7,55.4,2651,3223,2013,1040,1,1,0
31.7,55.4,2655,3229,2008,1101,1,1,0
31.7,55.4,2688,3229,2009,1106,1,1,0
31.7,55.4,2704,3231,2010,1103,1,1,0
31.7,55.4,2642,1767,813,1095,0,1,0
31.7,55.3,2662,1930,959,1102,0,1,0
31.7,55.3,2752,2114,1094,1079,0,1,0
31.7,55.3,2674,2195,1169,1084,0,1,0
31.7,55.3,2696,2217,1181,1085,0,1,0
31.7,55.3,2703,2218,1198,1081,0,1,0
31.7,55.3,2737,2229,1193,1082,0,1,0
31.7,55.3,2656,2226,1196,1081,0,1,0
31.7,55.3,2752,2243,1204,1090,0,1,0
31.7,55.3,2750,2240,1200,1082,0,1,0
31.7,55.3,2674,2245,1199,1086,0,1,0
31.7,55.3,2699,2240,1203,1078,0,1,0
31.7,55.3,2735,2239,1199,1076,0,1,0
31.7,55.3,2736,2251,1203,1078,0,1,0
31.7,55.3,2657,2250,1199,1079,0,1,0
31.7,55.3,2752,2243,1201,1078,0,1,0
31.7,55.3,2683,2240,1165,1076,0,1,0
31.7,55.3,2682,2240,1200,1085,0,1,0
31.7,55.3,2704,2238,1215,1079,0,1,0
31.7,55.3,2735,2237,1131,1081,0,1,0
31.7,55.3,2655,2237,1205,1079,0,1,0
31.7,55.4,2650,2235,1199,1082,0,1,0
31.7,55.4,2745,2230,1201,1079,0,1,0
31.7,55.4,2673,2235,1202,1077,0,1,0
31.7,55.4,2698,2240,1207,1073,0,1,0
31.7,55.4,2695,2234,1214,1074,0,1,0
31.7,55.4,2729,2231,1211,1074,0,1,0
31.7,55.4,2651,2224,1221,1072,0,1,0
31.7,55.4,2736,2227,1207,1072,0,1,0
31.7,55.4,2726,2228,1205,1078,0,1,0
31.7,55.4,2635,2227,1191,1075,0,1,0
31.7,55.4,2621,2224,1207,1070,0,1,0
31.7,55.4,2537,2225,1201,1069,0,1,0
31.7,55.4,2599,2235,1203,1072,0,1,0
31.7,55.4,1125,2224,1200,1072,0,1,1
31.7,55.4,560,2229,1186,1072,0,1,1
31.7,55.4,598,2251,1211,1090,0,1,1
31.7,55.4,505,2249,1214,1088,0,1,1
31.7,55.4,500,2241,1215,1087,0,1,1
31.7,55.4,576,2254,1214,1081,0,1,1
31.7,55.4,491,2251,1216,1088,0,1,1
31.7,55.3,429,2251,1215,1086,0,1,1
31.7,55.3,574,2251,1219,1081,0,1,1
31.7,55.3,587,2244,1219,1075,0,1,1
31.7,55.3,621,2243,1217,1081,0,1,1
31.7,55.3,592,2255,1216,1075,0,1,1
31.7,55.3,704,2255,1216,1078,0,1,1
31.7,55.3,702,2252,1219,1073,0,1,1
31.7,55.3,671,2249,1219,1075,0,1,1
31.7,55.3,2716,2246,1221,1072,0,1,0
31.7,55.3,2615,2248,1222,1075,0,1,0
31.7,55.3,2683,2229,1238,1057,0,1,0
31.7,55.3,2638,2225,1210,1051,0,1,0
31.7,55.4,2645,2179,1221,1053,0,1,0
31.7,55.4,2649,2201,1445,1056,0,1,0
31.7,55.4,2727,2208,1374,1057,0,1,0
31.7,55.4,2640,1987,1517,1055,0,1,0
31.7,55.3,2645,2081,1264,1050,0,1,0
31.7,55.3,2723,2158,1318,1053,0,1,0
31.7,55.3,2663,2193,1360,1057,0,1,0
31.7,55.3,2697,2222,1291,1055,0,1,0
31.7,55.3,2703,2238,1315,1059,0,1,0
31.7,55.3,2749,2242,1277,1061,0,1,0
31.7,55.3,2644,2243,1265,1062,0,1,0
31.7,55.3,2753,2243,1248,1050,0,1,0
31.7,55.3,2755,2255,1245,1055,0,1,0
31.7,55.3,2653,2251,1240,1055,0,1,0
31.7,55.3,2705,2250,1238,1055,0,1,0
31.7,55.3,2721,2255,1237,1050,0,1,0
31.7,55.3,2545,2252,1235,1056,0,1,0
31.7,55.3,2382,2241,1174,1055,0,1,0
31.7,55.3,2478,3563,2240,1046,1,1,0
31.7,55.3,2434,2155,1207,1056,0,1,0
31.7,55.3,2480,2160,1141,1063,0,1,0
31.7,55.3,2482,2113,1107,1052,0,1,0
31.7,55.3,2529,2187,1190,1058,0,1,0
31.7,55.3,2485,2161,1165,1057,0,1,0
31.7,55.3,2497,2219,1222,1046,0,1,0
31.7,55.3,2559,2225,1209,1049,0,1,0
31.7,55.3,2503,2229,1207,1049,0,1,0
31.7,55.3,2535,2225,1193,1054,0,1,0
31.7,55.3,2534,2231,1093,1047,0,1,0
31.7,55.3,2538,2243,1205,1054,0,1,0
31.7,55.3,2512,2235,1204,1043,0,1,0
31.7,55.3,2559,2256,1215,1040,0,1,0
31.7,55.3,2580,2240,1210,1042,0,1,0
31.7,55.3,2499,2256,1217,1040,0,1,0
31.7,55.3,2559,2259,1230,1043,0,1,0
31.7,55.3,2559,2241,1226,1040,0,1,0
31.7,55.3,2660,1899,1855,1041,1,1,0
31.7,55.3,2624,1441,2075,1056,1,1,0
31.7,55.3,2717,1313,2128,1056,1,1,0
31.7,55.3,2663,1269,2128,1055,1,1,0
31.7,55.4,2663,3004,2087,1051,1,1,0
31.7,55.4,2723,3253,2031,1057,1,1,0
31.7,55.4,2721,3382,2003,1055,1,1,0
31.7,55.4,2681,3414,1982,1070,1,1,0
31.7,55.4,2679,3408,1968,1057,1,1,0
31.7,55.4,2762,3963,1965,1047,1,1,0
31.7,55.4,2667,3866,1959,989,1,1,0
31.7,55.4,2733,3647,1955,1055,1,1,0
31.7,55.7,2727,3824,1947,1057,1,1,0
31.7,55.7,2709,3643,1923,1059,1,1,0
31.7,55.7,2682,3777,1915,1054,1,1,0
31.7,55.7,2756,3739,1917,1045,1,1,0
31.7,56.4,2755,3493,1920,1046,1,0,0
31.7,56.4,2663,3622,1911,1040,1,0,0
31.7,56.4,2736,3856,1907,1023,1,0,0
31.7,56.4,2704,3550,1904,1023,1,0,0
31.7,56.6,2702,3717,1904,1031,1,0,0
31.7,56.6,2688,3606,1903,1016,1,0,0
31.7,56.6,2746,3574,1905,1023,1,0,0
31.7,56.6,2659,3535,1882,1019,1,0,0
31.7,56.3,2657,3422,2026,1040,1,0,0
31.7,56.3,2745,3521,1891,1033,1,0,0
31.7,55.4,2763,3471,1783,1023,1,1,0
31.7,55.4,2671,3442,1780,1019,1,1,0
31.7,55.4,2747,3450,1795,1058,1,1,0
31.7,55.4,2736,3426,1793,1057,1,1,0
31.8,55.3,2733,3410,1796,1060,1,1,0
31.8,55.3,2707,3407,1795,1059,1,1,0
31.8,55.3,2770,3411,1795,1061,1,1,0
31.8,55.3,2683,3427,1792,1059,1,1,0
31.7,55.5,2681,3429,1786,1062,1,1,0
31.7,55.5,2766,3417,1791,1062,1,1,0
31.7,55.5,2704,3403,1790,1055,1,1,0
31.7,55.5,2725,3407,1790,1059,1,1,0
31.7,55.5,2730,3428,1786,1061,1,1,0
31.7,55.5,2751,3435,1791,1063,1,1,0
31.7,55.5,2691,3440,1787,1057,1,1,0
31.7,55.5,2773,3447,1783,1063,1,1,0
31.7,55.5,2773,3456,1790,1061,1,1,0
31.7,55.5,2685,3437,1787,1061,1,1,0
31.7,55.5,2750,3443,1789,1055,1,1,0
31.7,55.5,2733,3459,1792,1058,1,1,0
31.7,55.5,2723,3463,1781,1060,1,1,0
31.7,55.5,2713,3466,1783,1059,1,1,0
31.7,55.5,2768,3457,1789,1059,1,1,0
31.7,55.5,2682,3487,1781,1055,1,1,0
31.8,55.4,2681,3457,1783,1059,1,1,0
31.8,55.4,2771,3502,1782,1056,1,1,0
31.8,55.4,2699,3492,1782,1054,1,1,0
31.8,55.4,2736,3499,1785,1056,1,1,0
31.8,55.4,2741,3582,1778,1053,1,1,0
31.8,55.4,2739,3508,1789,1053,1,1,0
31.8,55.4,2701,3528,1779,1058,1,1,0
31.8,55.4,2770,3534,1777,1045,1,1,0
31.8,55.5,2768,3536,1778,1055,1,1,0
31.8,55.5,2676,3536,1777,1058,1,1,0
31.8,55.5,2765,3540,1779,1054,1,1,0
31.8,55.5,2709,3532,1776,1051,1,1,0
31.7,55.5,2703,3568,1777,1047,1,1,0
31.7,55.5,2724,3539,1776,1083,1,1,0
31.7,55.5,2691,3566,1777,1051,1,1,0
31.7,55.5,2608,3558,1776,1053,1,1,0
31.7,55.5,2679,3563,1777,1042,1,1,0
31.7,55.5,2773,3577,1776,1050,1,1,0
31.7,55.5,2686,3580,1776,1050,1,1,0
31.7,55.5,2765,3615,1776,1035,1,1,0
31.7,55.5,2760,3583,1771,1041,1,1,0
31.7,55.5,2703,3628,1775,1045,1,1,0
31.7,55.5,2719,3600,1776,1050,1,1,0
31.7,55.5,2755,3600,1776,1043,1,1,0
31.8,55.5,2751,3622,1773,1046,1,1,0
31.8,55.5,2694,3583,1773,1045,1,1,0
31.8,55.5,2775,3615,1772,1042,1,1,0
31.8,55.5,2686,3646,1773,1042,1,1,0
31.7,55.4,2687,3632,1770,1046,1,1,0
31.7,55.4,2755,3651,1771,1043,1,1,0
31.7,55.4,2725,3642,1774,1044,1,1,0
31.7,55.4,2718,3650,1773,1040,1,1,0
31.7,55.6,2723,3648,1771,1042,1,1,0
31.7,55.6,2768,3657,1773,1041,1,1,0
31.7,55.6,2688,3697,1773,1041,1,1,0
31.7,55.6,2775,3697,1776,1041,1,1,0
31.8,55.8,2778,3707,1764,1043,1,1,0
31.8,55.8,2690,3781,1757,1040,1,1,0
31.8,55.8,2746,3781,1773,1043,1,1,0
31.8,55.8,2737,3834,1761,1040,1,1,0
31.8,55.7,2735,3792,1760,1040,1,1,0
31.8,55.7,2709,3792,1759,1040,1,1,0
31.8,55.7,2773,3819,1758,1040,1,1,0
31.8,55.7,2681,3735,1760,1157,1,1,0
31.7,55.6,2678,3699,1760,1040,1,1,0
31.7,55.6,2768,3707,1760,1038,1,1,0
31.7,55.6,2700,3714,1761,1038,1,1,0
31.7,55.6,2725,3698,1761,1031,1,1,0
31.8,55.6,2734,3696,1753,1035,1,1,0
31.8,55.6,2738,3709,1759,1040,1,1,0
31.8,55.6,2693,3690,1775,1031,1,1,0
31.8,55.6,2768,3729,1750,1034,1,1,0
31.8,55.6,2768,3879,1751,1038,1,1,0
31.8,55.6,2676,3694,1755,1031,1,1,0
31.8,55.6,2759,3722,1755,1033,1,1,0
31.8,55.6,2702,3746,1742,1033,1,1,0
31.7,55.7,2449,3773,1365,1087,0,1,0
31.7,55.7,2423,3791,1365,1072,0,1,0
31.7,55.7,2431,3792,1371,1100,0,1,0
31.7,55.7,2503,3799,1369,1104,0,1,0
31.8,55.7,2498,3770,1367,1100,0,1,0
31.8,55.7,2383,3801,1367,1095,0,1,0
31.8,55.7,2523,3792,1367,1097,0,1,0
31.8,55.7,2415,3797,1370,1094,0,1,0
31.7,55.6,2407,3778,1367,1090,0,1,0
31.7,55.6,2467,3790,1367,1091,0,1,0
31.7,55.6,2496,3979,1366,1095,0,1,0
31.7,55.6,2429,3961,1366,1094,0,1,0
31.7,55.6,2451,3915,1363,1104,0,1,0
31.7,55.6,2595,3923,1363,1088,0,1,0
31.7,55.6,2480,3938,1362,1086,0,1,0
31.7,55.6,2559,3957,1370,1088,0,1,0
31.7,55.7,2590,3929,1360,1088,0,1,0
31.7,55.7,2593,4095,1362,1088,0,1,0
31.7,55.7,2608,3932,1360,1084,0,1,0
31.7,55.7,2719,3963,1362,1086,0,1,0
31.7,55.6,2718,3949,1357,1085,0,1,0
31.7,55.6,2646,4039,1360,1078,0,1,0
31.7,55.6,2736,3941,1360,1083,0,1,0
31.7,55.6,2698,3911,1361,1075,0,1,0
31.7,55.6,2697,3892,1359,1079,0,1,0
31.7,55.6,2690,3949,1349,1077,0,1,0
31.7,55.6,2742,3933,1357,1088,0,1,0
31.7,55.6,2641,3943,1357,1076,0,1,0
31.7,55.6,2643,3930,1353,1073,0,1,0
31.7,55.6,2729,3905,1358,1072,0,1,0
31.7,55.6,2678,3964,1353,1078,0,1,0
31.7,55.6,2544,4035,1347,1073,0,1,0
31.8,55.5,954,3888,1347,1071,0,1,1
31.8,55.5,818,3866,1349,1072,0,1,1
31.8,55.5,599,3830,1311,1089,0,1,1
31.8,55.5,662,3837,1353,1088,0,1,1
31.7,55.4,665,3823,1360,1087,0,1,1
31.7,55.4,631,3855,1355,1087,0,1,1
31.7,55.4,647,3846,1353,1081,0,1,1
31.7,55.4,2723,3874,1355,1079,0,1,0
31.7,55.4,2756,3830,1351,1070,0,1,0
31.7,55.4,2671,3843,1344,1065,0,1,0
31.7,55.4,2714,3856,1344,1066,0,1,0
31.7,55.4,2733,3857,1345,1061,0,1,0
31.7,55.4,2735,3869,1339,1068,0,1,0
31.7,55.4,2642,3870,1345,1065,0,1,0
31.7,55.4,2070,3867,1345,1062,0,1,0
31.7,55.4,838,3862,1342,1057,0,1,1
31.8,55.3,753,3870,1333,1066,0,1,1
31.8,55.3,801,3872,1353,1073,0,1,1
31.8,55.3,826,3883,1351,1072,0,1,1
31.8,55.3,785,3898,1347,1069,0,1,1
31.7,55.3,642,3879,1349,1073,0,1,1
31.7,55.3,720,3899,1344,1073,0,1,1
31.7,55.3,2535,3895,1346,1072,0,1,0
31.7,55.3,2493,3876,1366,1072,0,1,0
31.7,55.3,2470,3885,1335,1057,0,1,0
31.7,55.3,2559,3905,1331,1056,0,1,0
31.7,55.3,2435,3910,1335,1054,0,1,0
31.7,55.3,2533,3890,1333,1055,0,1,0
31.7,55.3,2526,4035,1331,1051,0,1,0
31.8,55.3,2691,4046,1195,1109,0,1,0
31.8,55.3,2756,4059,1191,995,0,1,0
31.8,55.3,2763,4055,1201,1010,0,1,0
31.8,55.3,2703,4048,1198,1007,0,1,0
31.7,55.3,2695,4062,1200,1010,0,1,0
31.7,55.3,2784,4095,1190,1002,0,1,0
31.7,55.3,2736,4077,1196,1008,0,1,0
31.7,55.3,2723,4073,1199,1008,0,1,0
31.7,55.3,2715,4076,1186,1008,0,1,0
31.7,55.3,2795,4067,1198,1009,0,1,0
31.7,55.3,2710,4056,1192,1006,0,1,0
31.7,55.3,2752,4090,1194,1002,0,1,0
31.8,55.4,2742,4058,1203,1008,0,1,0
31.8,55.4,2778,4057,1193,1003,0,1,0
31.8,55.4,2694,4095,1191,1015,0,1,0
31.8,55.4,2775,4048,1190,1002,0,1,0
31.7,55.3,2768,4071,1173,1001,0,1,0
31.7,55.3,2754,4061,1183,1018,0,1,0
31.7,55.3,2710,4080,1182,1002,0,1,0
31.7,55.3,2795,4092,1189,1008,0,1,0
31.7,55.3,2790,4013,1178,1005,0,1,0
31.7,55.3,2719,4095,1199,1003,0,1,0
31.7,55.3,2740,4021,1183,1003,0,1,0
31.7,55.3,2781,4037,1182,1009,0,1,0
31.7,55.3,2736,4095,1178,1010,0,1,0
31.7,55.3,683,4095,1179,1001,0,1,1
31.7,55.3,816,4095,1120,1003,0,1,1
31.7,55.3,866,4095,1195,1023,0,1,1
31.7,55.3,841,4095,1186,1008,0,1,1
31.7,55.3,1562,4095,1191,1013,0,1,1
31.7,55.3,2809,4095,1186,1011,0,1,0
31.7,55.3,2742,4095,1195,1011,0,1,0
31.7,55.3,2736,4095,1242,1002,0,1,0
31.7,55.3,2741,4095,1182,995,0,1,0
31.7,55.3,2497,4095,1175,998,0,1,0
31.7,55.3,783,4095,1178,992,0,1,1
31.7,55.3,720,4095,1172,989,0,1,1
31.7,55.3,778,4095,1180,1011,0,1,1
31.7,55.3,835,4095,1196,1014,0,1,1
31.7,55.3,793,4095,1185,1008,0,1,1
31.7,55.3,751,4095,1175,997,0,1,1
31.7,55.3,2782,4095,1182,1008,0,1,0
31.7,55.3,2757,4095,1184,1008,0,1,0
31.7,55.3,2736,4095,1173,991,0,1,0
31.7,55.4,2743,4095,1168,987,0,1,0
31.7,55.4,2811,4095,1167,986,0,1,0
31.7,55.4,2723,4095,1165,986,0,1,0
31.7,55.4,2780,4095,1167,991,0,1,0
31.8,55.4,2771,4095,1168,993,0,1,0
31.8,55.4,2799,4095,1213,991,0,1,0
31.8,55.4,2717,4095,1168,980,0,1,0
31.8,55.4,2800,4095,1167,989,0,1,0
31.8,55.4,2791,4095,1163,987,0,1,0
31.8,55.4,2771,4095,1168,987,0,1,0
31.8,55.4,2731,4095,1168,987,0,1,0
31.8,55.4,2814,4095,1152,987,0,1,0
31.8,55.4,2810,4095,1166,994,0,1,0
31.8,55.4,2755,4095,1163,992,0,1,0
31.8,55.4,2752,4095,1172,989,0,1,0
31.8,55.4,2813,4095,1168,994,0,1,0
31.8,55.3,2817,4003,1158,991,0,1,0
31.8,55.3,2736,4095,1163,990,0,1,0
31.8,55.3,2770,4095,1159,982,0,1,0
31.8,55.3,2800,4095,1154,991,0,1,0
31.7,55.3,2810,4095,1159,982,0,1,0
31.7,55.3,2725,4095,1159,990,0,1,0
31.7,55.3,2787,4095,1163,982,0,1,0
31.7,55.3,2800,4095,1164,978,0,1,0
31.8,55.3,2806,4095,1152,986,0,1,0
31.7,55.3,2813,4095,1163,830,0,1,0
31.7,55.3,2758,4002,1165,838,0,1,0
31.7,55.3,2750,4095,1177,871,0,1,0
31.7,55.3,2815,4095,1168,877,0,1,0
31.8,55.3,2806,4095,1171,890,0,1,0
31.8,55.3,2732,4095,1167,901,0,1,0
31.8,55.3,2736,4095,1159,907,0,1,0
31.8,55.3,2800,4095,1162,896,0,1,0
31.8,55.2,2799,4095,1152,917,0,1,0
31.8,55.2,2707,4095,1151,925,0,1,0
31.8,55.2,2735,4095,1153,934,0,1,0
31.8,55.2,2763,4095,1152,939,0,1,0
31.8,55.2,2732,4095,1143,944,0,1,0
31.8,55.2,2583,4095,1150,943,0,1,0
31.8,55.2,2633,4095,1145,947,0,1,0
31.8,55.2,2658,4095,1121,953,0,1,0
31.8,55.3,2756,3794,0,999,0,1,0
31.8,55.3,2807,3799,0,998,0,1,0
31.8,55.3,2731,3806,0,1023,0,1,0
31.8,55.3,2801,3810,0,1035,0,1,0
31.8,55.3,2798,3835,0,1040,0,1,0
31.8,55.3,2781,3859,0,1040,0,1,0
31.8,55.3,2752,3829,0,1040,0,1,0
31.9,54.8,2795,3450,1950,909,1,1,0
31.9,54.8,2701,3462,1955,902,1,1,0
31.9,54.8,2786,3469,1967,943,1,1,0
31.9,54.8,2731,3458,1962,944,1,1,0
31.9,54.8,2709,3466,1968,939,1,1,0
31.9,54.8,2725,3469,2007,941,1,1,0
31.9,54.8,2759,3475,1968,940,1,1,0
31.9,54.8,2704,3478,1963,947,1,1,0
31.9,54.8,2717,3463,1968,941,1,1,0
31.9,54.8,2810,3472,1961,927,1,1,0
31.9,54.8,2722,3475,1958,938,1,1,0
31.9,54.8,2770,3472,1841,930,1,1,0
31.9,54.8,2757,3472,1964,939,1,1,0
31.9,54.8,2717,3474,1965,935,1,1,0
31.9,54.8,2671,3473,1911,875,1,1,0
31.9,54.8,2727,3475,1959,930,1,1,0
31.9,54.8,2699,3478,1968,927,1,1,0
31.9,54.8,2599,3487,2000,931,1,1,0
31.9,54.8,2727,3483,1969,915,1,1,0
31.9,54.8,2690,3381,1856,915,1,1,0
31.9,54.8,2705,2415,1104,933,0,1,0
31.9,54.8,2747,2471,1185,927,0,1,0
31.9,54.8,2783,2471,1291,912,0,1,0
31.9,54.8,2720,2458,1322,912,0,1,0
31.9,54.8,2714,2417,1242,901,0,1,0
31.9,54.8,2803,2393,1317,907,0,1,0
31.9,54.8,2729,2384,1322,907,0,1,0
31.9,54.8,2768,2372,1262,908,0,1,0
31.9,54.8,2768,2390,1234,910,0,1,0
31.9,54.8,2774,2382,1325,913,0,1,0
31.9,54.8,2723,2382,1361,909,0,1,0
31.9,54.8,2816,2544,1616,911,1,1,0
31.9,54.8,2813,2540,1865,922,1,1,0
31.9,54.8,2739,2583,1890,913,1,1,0
31.9,54.8,2794,2559,1942,931,1,1,0
31.9,54.8,2788,2851,2016,913,1,1,0
31.9,54.8,2787,2191,1645,930,1,1,0
31.9,54.8,2750,2368,1589,936,1,1,0
31.9,54.8,2825,2384,1595,943,1,1,0
31.9,54.8,2741,2324,1474,922,0,1,0
32.0,54.8,2747,2318,1447,934,0,1,0
32.0,54.8,2789,2303,1429,912,0,1,0
32.0,54.8,2787,2283,1425,912,0,1,0
32.0,54.8,2738,2288,1338,905,0,1,0
32.0,54.8,2740,2256,1359,912,0,1,0
32.0,54.8,2817,2225,1685,912,1,1,0
32.0,54.8,2736,2226,1626,912,1,1,0
32.0,54.8,2785,2235,1598,926,1,1,0
31.9,54.8,2780,2238,1593,935,1,1,0
31.9,54.8,2802,2249,1501,926,0,1,0
31.9,54.8,2736,2245,1493,943,0,1,0
31.9,54.8,2809,2231,1471,909,0,1,0
32.0,54.8,2801,2226,1471,913,0,1,0
32.0,54.8,2755,2226,1471,903,0,1,0
32.0,54.8,2753,2220,1474,912,0,1,0
32.0,54.8,2786,2211,1463,903,0,1,0
32.0,54.8,2773,2207,1463,903,0,1,0
32.0,54.8,2672,2195,1456,899,0,1,0
32.0,54.8,2736,2192,1456,915,0,1,0
32.0,54.8,2691,2187,1456,848,0,1,0
32.0,54.8,2674,2181,1450,922,0,1,0
32.0,54.8,2595,2183,1439,912,0,1,0
32.0,54.8,2685,2176,1443,864,0,1,0
32.0,54.8,2584,2230,1466,908,0,1,0
32.0,54.7,2605,2192,1423,910,0,1,0
32.0,54.7,2647,2991,2162,892,1,1,0
32.0,54.7,2651,3040,2134,903,1,1,0
32.0,54.7,2559,2994,2128,933,1,1,0
32.0,54.8,2559,2906,2137,922,1,1,0
32.0,54.8,2671,2887,2139,913,1,1,0
32.0,54.8,2591,2869,2138,922,1,1,0
32.0,54.8,2559,2846,2143,915,1,1,0
32.0,54.8,2538,2832,2112,931,1,1,0
32.0,54.8,2625,2836,2143,924,1,1,0
32.0,54.8,2496,2835,2192,876,1,1,0
32.0,54.8,2595,2832,2133,922,1,1,0
31.9,54.7,2592,2816,2141,922,1,1,0
31.9,54.7,2579,2836,2146,914,1,1,0
31.9,54.7,2500,2851,2139,923,1,1,0
31.9,54.7,2623,2834,2138,924,1,1,0
31.9,54.7,2626,2853,2135,918,1,1,0
31.9,54.7,2527,2870,2141,923,1,1,0
31.9,54.7,2559,2862,2135,912,1,1,0
31.9,54.7,2608,2844,2144,918,1,1,0
32.0,54.7,2608,2869,2140,926,1,1,0
32.0,54.7,2486,2875,2141,917,1,1,0
32.0,54.7,2605,2869,2135,927,1,1,0
32.0,54.7,2538,2861,2144,912,1,1,0
31.9,54.6,2545,2885,2131,919,1,1,0
31.9,54.6,2512,2886,2142,916,1,1,0
31.9,54.6,2618,2966,2137,916,1,1,0
31.9,54.6,2490,1616,1142,910,0,1,0
32.0,54.6,2503,1680,1219,914,0,1,0
32.0,54.6,2559,1656,1214,891,0,1,0
32.0,54.6,2587,1665,1242,897,0,1,0
32.0,54.6,2502,1810,1312,896,0,1,0
32.0,54.6,2499,2000,1396,896,0,1,0
32.0,54.6,2624,2086,1435,910,0,1,0
32.0,54.6,2538,2122,1447,895,0,1,0
32.0,54.6,2543,2145,1456,907,0,1,0
32.0,54.6,2525,2174,1448,902,0,1,0
32.0,54.6,2613,2150,1446,898,0,1,0
32.0,54.6,2480,2160,1439,908,0,1,0
32.0,54.6,2559,2157,1430,899,0,1,0
32.0,54.6,2553,2151,1427,896,0,1,0
32.0,54.6,2555,2157,1419,898,0,1,0
32.0,54.6,2487,2147,1411,903,0,1,0
32.0,54.6,2609,2149,1402,903,0,1,0
32.0,54.6,2602,2150,1413,901,0,1,0
32.0,54.6,2499,2163,1393,899,0,1,0
32.0,54.6,2517,2131,1360,902,0,1,0
32.0,54.6,2557,2155,1328,896,0,1,0
32.0,54.6,2559,2155,1399,896,0,1,0
32.0,54.6,2437,2127,1598,895,1,1,0
32.0,54.6,2544,2126,1553,906,1,1,0
32.0,54.6,2527,2151,1521,917,0,1,0
32.0,54.6,2559,2158,1498,912,0,1,0
32.0,54.6,2489,2129,1491,909,0,1,0
32.0,54.6,2595,3174,2186,907,1,1,0
32.0,54.6,2485,1872,1109,893,0,1,0
32.0,54.6,2514,2208,1365,912,0,1,0
32.0,54.6,2534,2197,1360,891,0,1,0
32.0,54.6,2606,2176,1353,893,0,1,0
32.0,54.6,2491,2126,1354,895,0,1,0
32.0,54.6,2502,2158,1362,899,0,1,0
32.0,54.6,2559,2160,1335,895,0,1,0
32.0,54.6,2588,2155,1310,889,0,1,0
32.0,54.6,2544,2176,1238,899,0,1,0
31.9,53.8,2653,4041,0,890,0,1,0
31.8,53.8,2658,3995,0,891,0,1,0
31.8,53.8,2708,4016,0,902,0,1,0
31.8,53.8,2743,4017,0,898,0,1,0
31.8,53.8,2627,3984,0,902,0,1,0
31.9,53.8,2659,3984,0,899,0,1,0
31.9,53.8,2750,4010,0,902,0,1,0
31.9,53.8,2704,4019,0,909,0,1,0
31.9,53.8,2688,4018,0,901,0,1,0
31.9,53.8,2683,3990,0,910,0,1,0
31.9,53.8,2763,3947,0,907,0,1,0
31.9,53.8,2667,3987,0,896,0,1,0
31.9,53.8,2723,4001,0,891,0,1,0
31.9,53.8,2716,4038,0,902,0,1,0
31.9,53.8,2733,4016,0,895,0,1,0
31.9,53.8,2657,4045,0,894,0,1,0
31.9,53.8,2755,3920,0,907,0,1,0
31.9,53.8,2754,4030,0,901,0,1,0
31.9,53.8,2704,4043,0,894,0,1,0
31.9,53.8,2686,4001,0,897,0,1,0
31.9,53.8,2743,4037,0,893,0,1,0
31.8,53.8,2739,4016,0,896,0,1,0
31.8,53.8,2660,4027,0,854,0,1,0
31.8,53.8,2722,4053,0,885,0,1,0
31.8,53.8,2744,4050,0,895,0,1,0
31.9,53.8,2746,4067,0,887,0,1,0
31.9,53.8,2663,4017,0,894,0,1,0
31.9,53.8,2742,4014,0,892,0,1,0
31.9,53.8,2706,4030,0,893,0,1,0
31.9,53.8,2714,4016,0,891,0,1,0
31.9,53.8,2684,4023,0,886,0,1,0
31.9,53.8,2768,4042,0,895,0,1,0
31.9,53.8,2677,4032,0,890,0,1,0
31.9,53.8,2685,4013,0,894,0,1,0
31.9,53.8,2711,4013,0,880,0,1,0
31.9,53.8,2762,4042,0,894,0,1,0
31.9,53.8,2666,4071,0,887,0,1,0
31.9,56.6,2663,4059,0,891,0,0,0
31.9,56.6,2746,4010,0,881,0,0,0
31.9,56.6,2714,4043,0,873,0,0,0
31.9,56.6,2673,4081,0,860,0,0,0
32.0,61.4,2669,4029,0,854,0,0,0
32.0,61.4,2761,4055,0,897,0,0,0
32.0,61.4,2673,4021,0,867,0,0,0
32.0,61.4,2693,4083,0,865,0,0,0
32.0,65.2,2706,4066,0,867,0,0,0
32.0,65.2,2749,4029,0,865,0,0,0
32.0,65.2,2658,4018,0,862,0,0,0
32.0,65.2,2752,4052,0,863,0,0,0
32.1,68.0,2746,4079,0,880,0,0,0
32.1,68.0,2704,4045,0,858,0,0,0
32.1,68.0,2690,4091,0,881,0,0,0
32.1,68.0,2757,4068,0,869,0,0,0
32.3,70.4,2761,4045,0,870,0,0,0
32.3,70.4,2663,4057,0,879,0,0,0
32.3,70.4,2736,4055,0,859,0,0,0
32.3,70.4,2725,3875,0,867,0,0,0
32.4,72.0,2732,4051,0,887,0,0,0
32.4,72.0,2672,4050,0,876,0,0,0
32.4,72.0,2761,4066,0,871,0,0,0
32.4,72.0,2672,4049,0,863,0,0,0
32.5,72.6,2675,4016,0,868,0,0,0
32.5,72.6,2727,4048,0,870,0,0,0
32.5,72.6,2755,4049,0,875,0,0,0
32.5,72.6,2672,4049,0,872,0,0,0
32.6,67.9,2665,4083,0,869,0,0,0
32.6,67.9,2761,4075,0,880,0,0,0
32.6,67.9,2694,4078,0,880,0,0,0
32.6,67.9,2700,4077,0,870,0,0,0
32.7,63.2,2674,4063,0,874,0,0,0
32.7,63.2,2355,4066,0,877,0,0,0
32.7,63.2,706,4046,0,869,0,0,1
32.7,63.2,707,4095,0,874,0,0,1
32.8,59.7,739,4071,0,886,0,0,1
32.8,59.7,735,4084,0,893,0,0,1
32.8,59.7,711,4093,0,898,0,0,1
32.8,59.7,739,4074,0,879,0,0,1
32.9,57.3,775,4059,0,886,0,0,1
32.9,57.3,768,4048,0,882,0,0,1
32.9,57.3,747,4075,0,886,0,0,1
32.9,57.3,714,4073,0,869,0,0,1
32.9,55.8,2480,4083,0,875,0,1,0
32.9,55.8,2670,4072,0,877,0,1,0
32.9,55.8,2787,4077,0,878,0,1,0
32.9,55.8,2701,4048,0,879,0,1,0
33.0,54.6,2695,4071,0,881,0,1,0
33.0,54.6,2726,4071,0,879,0,1,0
33.0,54.6,2754,4079,0,885,0,1,0
33.0,54.6,2673,4095,0,878,0,1,0
33.1,53.9,2672,4095,0,873,0,1,0
33.1,53.9,2765,4075,0,880,0,1,0
33.1,53.9,2705,4070,0,877,0,1,0
33.1,53.9,2704,4031,0,880,0,1,0
33.1,53.4,2589,4035,0,881,0,1,0
33.1,53.4,1803,4067,0,880,0,1,1
33.1,53.4,702,4053,0,875,0,1,1
33.1,53.4,753,4051,0,895,0,1,1
33.1,52.9,751,4017,0,891,0,1,1
33.1,52.9,747,4050,0,887,0,1,1
33.1,52.9,721,4028,0,880,0,1,1
33.1,52.9,787,4053,0,882,0,1,1
33.2,52.7,732,4055,0,891,0,1,1
33.2,52.7,674,4054,0,889,0,1,1
33.2,52.7,720,4058,0,896,0,1,1
33.2,52.7,766,4032,0,893,0,1,1
33.1,52.5,705,4059,0,901,0,1,1
33.1,52.5,687,4034,0,890,0,1,1
33.1,52.5,775,4064,0,887,0,1,1
33.1,52.5,2707,4093,0,886,0,1,0
33.2,52.4,2715,4045,0,883,0,1,0
33.2,52.4,2715,4064,0,865,0,1,0
33.2,52.4,2768,4086,0,870,0,1,0
33.2,52.4,2672,4021,0,865,0,1,0
33.3,52.2,2673,4027,0,873,0,1,0
33.3,52.2,2759,4075,0,865,0,1,0
33.3,52.2,2721,4071,0,867,0,1,0
33.3,52.2,2703,4065,0,871,0,1,0
33.2,52.1,2693,4021,0,849,0,1,0
33.2,52.1,2776,4075,0,871,0,1,0
33.2,52.1,2678,4037,0,875,0,1,0
33.2,52.1,2748,4031,0,863,0,1,0
33.2,51.9,2738,4074,0,863,0,1,0
33.2,51.9,2736,4048,0,877,0,1,0
33.2,51.9,2683,4048,0,865,0,1,0
33.2,51.9,2762,4057,0,860,0,1,0
33.2,51.7,2768,4035,0,874,0,1,0
33.2,51.7,2691,4019,0,871,0,1,0
33.2,51.7,2721,4032,0,866,0,1,0
33.2,51.7,2759,4042,0,868,0,1,0
33.2,51.7,2765,4048,0,875,0,1,0
33.2,51.7,2688,4054,0,861,0,1,0
33.2,51.7,2766,4059,0,865,0,1,0
33.2,51.7,2721,4043,0,862,0,1,0
33.2,55.3,2726,4048,0,870,0,1,0
33.2,55.3,2704,4050,0,868,0,1,0
33.2,55.3,2774,4035,0,865,0,1,0
33.2,55.3,2672,4059,0,869,0,1,0
33.3,60.3,2679,4016,0,869,0,0,0
33.3,60.3,2747,4043,0,862,0,0,0
33.3,60.3,2737,4031,0,848,0,0,0
33.3,60.3,2673,4033,0,847,0,0,0
33.3,63.9,2672,4018,0,855,0,0,0
33.3,63.9,2765,3969,0,851,0,0,0
33.3,63.9,2694,4031,0,850,0,0,0
33.3,63.9,2711,4045,0,855,0,0,0
33.4,66.6,2704,4039,0,847,0,0,0
33.4,66.6,2763,4011,0,858,0,0,0
33.4,66.6,2668,4027,0,855,0,0,0
33.4,66.6,2739,4059,0,849,0,0,0
33.5,68.6,2736,4047,0,846,0,0,0
33.5,68.6,2727,4016,0,847,0,0,0
33.5,68.6,2687,4047,0,854,0,0,0
33.5,68.6,2771,4037,0,853,0,0,0
33.6,70.1,2768,4027,0,859,0,0,0
33.6,70.1,2679,4032,0,852,0,0,0
33.6,70.1,2717,4032,0,848,0,0,0
33.6,70.1,2742,4047,0,837,0,0,0
33.7,71.2,2747,4044,0,867,0,0,0
33.7,71.2,2671,4030,0,855,0,0,0
33.7,71.2,2766,4051,0,855,0,0,0
33.7,71.2,2703,4042,0,847,0,0,0
33.7,70.6,2704,4054,0,851,0,0,0
33.7,70.6,2704,4058,0,859,0,0,0
33.7,70.6,2758,4016,0,846,0,0,0
33.7,70.6,2663,4006,0,848,0,0,0
33.9,65.9,2658,4065,0,842,0,0,0
33.9,65.9,2747,4011,0,847,0,0,0
33.9,65.9,2719,4029,0,850,0,0,0
33.9,65.9,2687,4031,0,848,0,0,0
33.9,61.5,2685,4016,0,854,0,0,0
33.9,61.5,2767,4016,0,847,0,0,0
33.9,61.5,2675,4051,0,848,0,0,0
33.9,61.5,2724,4039,0,835,0,0,0
33.9,58.0,2715,4031,0,848,0,0,0
33.9,58.0,2746,4038,0,851,0,0,0
33.9,58.0,2669,4042,0,833,0,0,0
33.9,58.0,2755,4042,0,887,0,0,0
34.0,55.8,2751,4048,0,845,0,1,0
34.0,55.8,2715,4048,0,815,0,1,0
34.0,55.8,2730,4027,0,869,0,1,0
34.0,55.8,2773,4029,0,861,0,1,0
34.1,54.2,2771,4055,0,868,0,1,0
34.1,54.2,2688,4033,0,865,0,1,0
34.1,54.2,2726,4032,0,874,0,1,0
34.1,54.2,2763,4063,0,864,0,1,0
34.1,53.1,2767,4039,0,869,0,1,0
34.1,53.1,2670,4043,0,863,0,1,0
34.1,53.1,2751,4015,0,848,0,1,0
34.1,53.1,2734,4032,0,853,0,1,0
34.1,52.3,2739,4015,0,865,0,1,0
34.1,52.3,2686,4091,0,869,0,1,0
34.1,52.3,2768,4034,0,861,0,1,0
34.1,52.3,2698,4032,0,862,0,1,0
34.1,51.8,2705,4002,0,863,0,1,0
34.1,51.8,2709,3978,0,859,0,1,0
34.1,51.8,2769,4033,0,857,0,1,0
34.1,51.8,2673,4031,0,863,0,1,0
34.1,51.3,2674,4005,0,859,0,1,0
34.1,51.3,2715,4031,0,855,0,1,0
34.1,51.3,2736,4007,0,854,0,1,0
34.1,51.3,2680,4012,0,861,0,1,0
34.1,51.1,2677,4020,0,867,0,1,0
34.1,51.1,2768,4032,0,861,0,1,0
34.1,51.1,2698,3990,0,863,0,1,0
34.1,51.1,2711,4016,0,848,0,1,0
34.2,50.9,2709,4033,0,857,0,1,0
34.2,50.9,2768,4035,0,862,0,1,0
34.2,50.9,2669,4032,0,861,0,1,0
34.2,50.9,2752,4022,0,849,0,1,0
34.2,50.8,2746,4016,0,848,0,1,0
34.2,50.8,2730,4055,0,863,0,1,0
34.2,50.8,2690,4047,0,849,0,1,0
34.2,50.8,2769,4005,0,852,0,1,0
34.1,50.6,2771,4014,0,861,0,1,0
34.1,50.6,2679,4044,0,854,0,1,0
34.1,50.6,2729,4010,0,857,0,1,0
34.1,50.6,2742,4009,0,834,0,1,0
34.2,51.0,2739,4008,0,858,0,1,0
34.2,51.0,2674,4012,0,857,0,1,0
34.2,51.0,2768,3920,0,848,0,1,0
34.2,51.0,2691,4014,0,854,0,1,0
34.2,55.2,2695,4004,0,853,0,1,0
34.2,55.2,2714,4031,0,785,0,1,0
34.2,55.2,2751,3983,0,853,0,1,0
34.2,55.2,2663,4046,0,858,0,1,0
34.2,60.4,2663,4022,0,859,0,0,0
34.2,60.4,2758,4020,0,856,0,0,0
34.2,60.4,2694,4007,0,827,0,0,0
34.2,60.4,2697,4016,0,834,0,0,0
34.3,63.9,2701,4006,0,829,0,0,0
34.3,63.9,2757,4033,0,833,0,0,0
34.3,63.9,2657,4006,0,832,0,0,0
34.3,63.9,2736,4011,0,833,0,0,0
34.3,66.3,2736,4059,0,831,0,0,0
34.3,66.3,2706,4071,0,821,0,0,0
34.3,66.3,2685,4029,0,835,0,0,0
34.3,66.3,2757,4018,0,833,0,0,0
34.4,68.0,2753,4023,0,833,0,0,0
34.4,68.0,2654,4048,0,825,0,0,0
34.4,68.0,2736,4036,0,848,0,0,0
34.4,68.0,2717,4035,0,832,0,0,0
34.4,69.2,2725,3989,0,832,0,0,0
34.4,69.2,2672,3989,0,827,0,0,0
34.4,69.2,2765,4021,0,829,0,0,0
34.4,69.2,2674,3998,0,807,0,0,0
34.5,65.6,2670,3984,0,830,0,0,0
34.5,65.6,2706,3954,0,834,0,0,0
34.5,65.6,2724,3960,0,848,0,0,0
34.5,65.6,2657,3969,0,831,0,0,0
34.6,65.3,2657,3968,0,838,0,0,0
34.6,65.3,2756,3966,0,832,0,0,0
34.6,65.3,2681,3981,0,837,0,0,0
34.6,65.3,2704,3993,0,834,0,0,0
34.7,66.7,2702,3937,0,832,0,0,0
34.7,66.7,2731,3982,0,822,0,0,0
34.7,66.7,2654,4048,0,830,0,0,0
34.7,66.7,2752,3947,0,831,0,0,0
34.8,68.1,2756,3977,0,836,0,0,0
34.8,68.1,2703,3982,0,832,0,0,0
34.8,68.1,2703,3979,0,843,0,0,0
34.8,68.1,2746,3990,0,826,0,0,0
34.8,69.2,2736,3950,0,835,0,0,0
34.8,69.2,2657,3978,0,842,0,0,0
34.8,69.2,2753,3979,0,828,0,0,0
34.8,69.2,2706,3973,0,834,0,0,0
34.9,70.0,2707,3967,0,849,0,0,0
34.9,70.0,2704,4001,0,831,0,0,0
34.9,70.0,2763,3977,0,834,0,0,0
34.9,70.0,2667,3982,0,829,0,0,0
35.0,70.6,2663,3984,0,829,0,0,0
35.0,70.6,2747,3994,0,823,0,0,0
35.0,70.6,2711,4013,0,831,0,0,0
35.0,70.6,2702,3999,0,829,0,0,0
35.0,71.0,2703,4015,0,837,0,0,0
35.0,71.0,2767,3998,0,832,0,0,0
35.0,71.0,2672,4016,0,832,0,0,0
35.0,71.0,2755,4021,0,822,0,0,0
35.1,71.3,2742,4023,0,827,0,0,0
35.1,71.3,2714,4016,0,832,0,0,0
35.1,71.3,2693,4031,0,831,0,0,0
35.1,71.3,2764,4038,0,831,0,0,0
35.2,68.4,2767,4035,0,833,0,0,0
35.2,68.4,2672,4029,0,830,0,0,0
35.2,68.4,2745,4050,0,832,0,0,0
35.2,68.4,2722,4038,0,824,0,0,0
35.2,65.2,2721,4055,0,831,0,0,0
35.2,65.2,2678,4033,0,858,0,0,0
35.2,65.2,2761,4045,0,827,0,0,0
35.2,65.2,2666,4048,0,826,0,0,0
35.2,61.1,2670,4070,0,832,0,0,0
35.2,61.1,2735,4074,0,828,0,0,0
35.2,61.1,2730,4059,0,827,0,0,0
35.2,61.1,2678,4048,0,845,0,0,0
35.3,56.9,2678,4035,0,821,0,0,0
35.3,56.9,2764,4077,0,828,0,0,0
35.3,56.9,2674,4051,0,823,0,0,0
35.3,56.9,2722,4086,0,832,0,0,0
35.3,54.9,2688,4093,0,860,0,1,0
35.3,54.9,2711,4089,0,777,0,1,0
35.3,54.9,2645,4071,0,848,0,1,0
35.3,54.9,2746,4079,0,848,0,1,0
35.3,54.2,2741,4061,0,847,0,1,0
35.3,54.2,2664,4080,0,848,0,1,0
35.3,54.2,2689,4095,0,847,0,1,0
35.3,54.2,2726,4079,0,834,0,1,0
35.3,57.8,2729,4095,0,847,0,0,0
35.3,57.8,2639,4095,0,838,0,0,0
35.3,57.8,2725,4080,0,826,0,0,0
35.3,57.8,2654,4087,0,826,0,0,0
35.3,61.1,2655,4095,0,826,0,0,0
35.3,61.1,2672,4095,0,784,0,0,0
35.3,61.1,2717,4095,0,827,0,0,0
35.3,61.1,2624,4095,0,819,0,0,0
35.3,63.5,2622,4089,0,829,0,0,0
35.3,63.5,2722,4095,0,827,0,0,0
35.3,63.5,2649,4093,0,829,0,0,0
35.3,63.5,2663,4095,0,816,0,0,0
35.4,65.1,2666,4095,0,831,0,0,0
35.4,65.1,2714,4095,0,829,0,0,0
35.4,65.1,2615,4095,0,817,0,0,0
35.4,65.1,2719,4083,0,815,0,0,0
35.4,66.3,2717,4095,0,816,0,0,0
35.4,66.3,2643,4095,0,815,0,0,0
35.4,66.3,2663,4095,0,819,0,0,0
35.4,66.3,2713,4095,0,813,0,0,0
35.5,67.2,2721,4095,0,827,0,0,0
35.5,67.2,2618,4095,0,823,0,0,0
35.5,67.2,2752,4095,0,817,0,0,0
35.5,67.2,2684,4095,0,817,0,0,0
35.5,63.9,2672,4086,0,821,0,0,0
35.5,63.9,2707,3987,0,819,0,0,0
35.5,63.9,2741,4095,0,825,0,0,0
35.5,63.9,2662,4095,0,817,0,0,0
35.5,58.1,2662,4095,0,816,0,0,0
35.5,58.1,2759,4090,0,820,0,0,0
35.5,58.1,2683,4074,0,816,0,0,0
35.5,58.1,2709,4061,0,819,0,0,0
35.5,54.4,2704,4080,0,821,0,1,0
35.5,54.4,2736,4089,0,814,0,1,0
35.5,54.4,2672,4066,0,846,0,1,0
35.5,54.4,2767,4085,0,843,0,1,0
35.5,52.3,2767,4093,0,832,0,1,0
35.5,52.3,2675,4080,0,833,0,1,0
35.5,52.3,2732,4055,0,816,0,1,0
35.5,52.3,2733,4077,0,831,0,1,0
35.5,51.0,2722,4085,0,844,0,1,0
35.5,51.0,2688,4085,0,834,0,1,0
35.5,51.0,2768,4069,0,831,0,1,0
35.5,51.0,2670,4062,0,832,0,1,0
35.5,50.1,2669,4069,0,842,0,1,0
35.5,50.1,2757,4070,0,833,0,1,0
35.5,50.1,2706,4080,0,833,0,1,0
35.5,50.1,2713,4078,0,841,0,1,0
35.5,49.6,2717,4051,0,832,0,1,0
35.5,49.6,2749,4067,0,837,0,1,0
35.5,49.6,2677,4059,0,829,0,1,0
35.5,49.6,2769,4075,0,833,0,1,0
35.4,49.4,2768,4080,0,832,0,1,0
35.4,49.4,2671,4070,0,825,0,1,0
35.4,49.4,2746,4069,0,829,0,1,0
35.4,49.4,2703,4086,0,834,0,1,0
35.4,49.2,1925,4088,0,821,0,1,0
35.4,49.2,704,4095,0,829,0,1,1
35.4,49.2,710,4095,0,834,0,1,1
35.4,49.2,696,4095,0,850,0,1,1
35.4,49.0,734,4093,0,845,0,1,1
35.4,49.0,2768,4095,0,848,0,1,0
35.4,49.0,2684,4095,0,887,0,1,0
35.4,49.0,2758,4095,0,827,0,1,0
35.4,48.9,2762,4095,0,827,0,1,0
35.4,48.9,2695,4095,0,823,0,1,0
35.4,48.9,2736,4095,0,823,0,1,0
35.4,48.9,2741,4095,0,823,0,1,0
35.3,48.9,2731,4095,0,823,0,1,0
35.3,48.9,2699,4095,0,826,0,1,0
35.3,48.9,2767,4095,0,823,0,1,0
35.3,48.9,2673,4095,0,830,0,1,0
35.3,48.7,2675,4095,0,823,0,1,0
35.3,48.7,2769,4095,0,828,0,1,0
35.3,48.7,2677,4095,0,836,0,1,0
35.3,48.7,2745,4095,0,827,0,1,0
35.3,48.6,2750,4095,0,833,0,1,0
35.3,48.6,2709,4095,0,825,0,1,0
35.3,48.6,2717,4095,0,823,0,1,0
35.3,48.6,2749,4095,0,831,0,1,0
35.2,48.6,2749,4095,0,820,0,1,0
35.2,48.6,2686,4095,0,814,0,1,0
35.2,48.6,2768,4095,0,829,0,1,0
35.2,48.6,2669,4095,0,833,0,1,0
35.2,48.7,2666,4095,0,832,0,1,0
35.2,48.7,2752,4095,0,819,0,1,0
35.2,48.7,2659,4095,0,821,0,1,0
35.2,48.7,2699,4095,0,834,0,1,0
35.1,48.7,2695,4095,0,821,0,1,0
35.1,48.7,2655,4095,0,834,0,1,0
35.1,48.7,2654,4095,0,823,0,1,0
35.1,48.7,2715,4095,0,816,0,1,0
35.1,48.7,2719,4095,0,821,0,1,0
35.1,48.7,2678,4095,0,822,0,1,0
35.1,48.7,2759,4095,0,822,0,1,0
35.1,48.7,2659,4095,0,828,0,1,0
35.0,48.7,2662,4095,0,816,0,1,0
35.0,48.7,2757,4095,0,822,0,1,0
35.0,48.7,2657,4095,0,879,0,1,0
35.0,48.7,2739,4095,0,832,0,1,0
35.0,48.7,2753,4095,0,829,0,1,0
35.0,48.7,2677,4095,0,847,0,1,0
35.0,48.7,2719,4095,0,825,0,1,0
35.0,48.7,2704,4095,0,826,0,1,0
34.9,48.8,2688,4095,0,831,0,1,0
34.9,48.8,2715,4095,0,827,0,1,0
34.9,48.8,2735,4095,0,822,0,1,0
34.9,48.8,2698,4095,0,826,0,1,0
34.9,48.8,2714,4095,0,826,0,1,0
34.9,48.8,2753,4095,0,818,0,1,0
34.9,48.8,2688,4095,0,816,0,1,0
34.9,48.8,2768,4095,0,828,0,1,0
34.9,48.8,2766,4095,0,831,0,1,0
34.9,48.8,2683,4095,0,821,0,1,0
34.9,48.8,2774,4095,0,820,0,1,0
34.9,48.8,2673,4095,0,829,0,1,0
34.9,48.9,2675,4095,0,820,0,1,0
34.9,48.9,2775,4095,0,819,0,1,0
34.9,48.9,2679,4095,0,832,0,1,0
34.9,48.9,2767,4095,0,805,0,1,0
34.8,48.9,2775,4095,0,830,0,1,0
34.8,48.9,2684,4095,0,821,0,1,0
34.8,48.9,2763,4095,0,816,0,1,0
34.8,48.9,2702,4095,0,827,0,1,0
34.8,48.6,2682,4095,0,814,0,1,0
34.8,48.6,2752,4095,0,815,0,1,0
34.8,48.6,2704,4095,0,816,0,1,0
34.8,48.6,2737,4095,0,758,0,1,0
34.7,48.4,2752,4095,0,823,0,1,0
34.7,48.4,2704,4095,0,817,0,1,0
34.7,48.4,2736,3974,0,827,0,1,0
34.7,48.4,2726,4082,0,816,0,1,0
34.6,48.2,2703,4095,0,821,0,1,0
34.6,48.2,2741,4095,0,815,0,1,0
34.6,48.2,2731,4087,0,814,0,1,0
34.6,48.2,2719,4094,0,822,0,1,0
34.6,48.2,2737,4095,0,818,0,1,0
34.6,48.2,2723,4095,0,816,0,1,0
34.6,48.2,2722,4095,0,817,0,1,0
34.6,48.2,2742,4095,0,818,0,1,0
34.5,48.4,2715,4095,0,820,0,1,0
34.5,48.4,2726,4095,0,823,0,1,0
34.5,48.4,2736,4095,0,820,0,1,0
34.5,48.4,2706,4081,0,816,0,1,0
34.5,48.5,2727,4083,0,816,0,1,0
34.5,48.5,2727,4095,0,816,0,1,0
34.5,48.5,2710,4095,0,816,0,1,0
34.5,48.5,2737,4095,0,816,0,1,0
34.4,48.6,2719,4095,0,815,0,1,0
34.4,48.6,2719,4095,0,814,0,1,0
34.4,48.6,2728,4095,0,827,0,1,0
34.4,48.6,2704,4095,0,825,0,1,0
34.4,48.9,2723,4086,0,828,0,1,0
34.4,48.9,2703,4095,0,811,0,1,0
34.4,48.9,2703,4095,0,818,0,1,0
34.4,48.9,2689,4095,0,801,0,1,0
34.4,49.1,2658,4093,0,807,0,1,0
34.4,49.1,2694,4095,0,819,0,1,0
34.4,49.1,2653,4095,0,816,0,1,0
34.4,49.1,2667,4095,0,815,0,1,0
34.3,49.3,2685,4095,0,816,0,1,0
34.3,49.3,2622,4095,0,816,0,1,0
34.3,49.3,2687,4095,0,819,0,1,0
34.3,49.3,2630,4095,0,819,0,1,0
34.3,49.4,2559,4095,0,823,0,1,0
34.3,49.4,2640,4095,0,818,0,1,0
34.3,49.4,2505,4095,0,818,0,1,0
34.3,49.4,2583,4095,0,813,0,1,0
34.2,49.5,2596,4095,0,816,0,1,0
34.2,49.5,2437,4095,0,816,0,1,0
34.2,49.5,2559,4095,0,810,0,1,0
34.2,49.5,2437,4095,0,816,0,1,0
34.2,49.6,2443,4095,0,817,0,1,0
34.2,49.6,2599,4095,0,813,0,1,0
34.2,49.6,2462,4095,0,817,0,1,0
34.2,49.6,2618,4095,0,816,0,1,0
34.2,49.7,2619,4095,0,816,0,1,0
34.2,49.7,2530,4095,0,816,0,1,0
34.2,49.7,2681,4095,0,814,0,1,0
34.2,49.7,2606,4095,0,816,0,1,0
34.1,49.7,2651,4095,0,815,0,1,0
34.1,49.7,2742,4095,0,815,0,1,0
34.1,49.7,2680,4095,0,814,0,1,0
34.1,49.7,2768,4095,0,808,0,1,0
34.1,50.0,2739,4095,0,818,0,1,0
34.1,50.0,2703,4095,0,817,0,1,0
34.1,50.0,2755,4095,0,816,0,1,0
34.1,50.0,2701,4095,0,817,0,1,0
34.1,53.9,2722,4095,0,815,0,1,0
34.1,53.9,2742,4095,0,815,0,1,0
34.1,53.9,2714,4095,0,817,0,1,0
34.1,53.9,2748,4095,0,803,0,1,0
34.1,57.9,2718,4095,0,816,0,0,0
34.1,57.9,2735,4095,0,820,0,0,0
34.1,57.9,2715,4095,0,804,0,0,0
34.1,57.9,2719,4095,0,788,0,0,0
34.1,56.5,2742,3999,0,799,0,0,0
34.1,56.5,2697,4095,0,801,0,0,0
34.1,56.5,2739,4095,0,793,0,0,0
34.1,56.5,2703,4095,0,806,0,0,0
34.1,54.3,2672,4095,0,806,0,1,0
34.1,54.3,2754,4095,0,799,0,1,0
34.1,54.3,2686,4095,0,815,0,1,0
34.1,54.3,2754,4095,0,816,0,1,0
34.1,52.8,2768,4095,0,831,0,1,0
34.1,52.8,2672,4095,0,821,0,1,0
34.1,52.8,2766,4095,0,815,0,1,0
34.1,52.8,2669,4095,0,817,0,1,0
34.1,51.8,2665,4095,0,809,0,1,0
34.1,51.8,2768,4095,0,816,0,1,0
34.1,51.8,2660,4095,0,818,0,1,0
34.1,51.8,2759,4095,0,814,0,1,0
34.1,51.2,2752,4095,0,771,0,1,0
34.1,51.2,2654,4095,0,817,0,1,0
34.1,51.2,2747,4095,0,813,0,1,0
34.1,51.2,2642,4095,0,802,0,1,0
34.1,50.8,2643,4095,0,816,0,1,0
34.1,50.8,2704,4095,0,819,0,1,0
34.1,50.8,2608,4095,0,778,0,1,0
34.1,50.8,2695,4095,0,816,0,1,0
34.1,50.5,2671,4095,0,816,0,1,0
34.1,50.5,2630,4084,0,767,0,1,0
34.1,50.5,2697,4095,0,816,0,1,0
34.1,50.5,2671,4095,0,814,0,1,0
34.0,50.3,2707,4095,0,816,0,1,0
34.0,50.3,2715,4095,0,812,0,1,0
34.0,50.3,2706,4095,0,811,0,1,0
34.0,50.3,2722,4095,0,838,0,1,0
34.0,50.2,2687,4095,0,814,0,1,0
34.0,50.2,2729,4095,0,816,0,1,0
34.0,50.2,2698,4095,0,822,0,1,0
34.0,50.2,2723,4095,0,806,0,1,0
34.0,50.2,2743,4095,0,816,0,1,0
34.0,50.2,2675,4095,0,829,0,1,0
34.0,50.2,2738,4095,0,811,0,1,0
34.0,50.2,2683,4095,0,807,0,1,0
34.0,50.1,2661,4095,0,816,0,1,0
34.0,50.1,2755,4095,0,814,0,1,0
34.0,50.1,2667,4095,0,814,0,1,0
34.0,50.1,2747,4095,0,837,0,1,0
34.0,50.1,2755,4095,0,805,0,1,0
34.0,50.1,2659,4095,0,815,0,1,0
34.0,50.1,2759,4095,0,811,0,1,0
34.0,50.1,2666,4095,0,786,0,1,0
33.9,49.9,2672,4095,0,811,0,1,0
33.9,49.9,2764,4095,0,810,0,1,0
33.9,49.9,2661,4095,0,813,0,1,0
33.9,49.9,2762,4095,0,805,0,1,0
33.9,50.0,2762,4095,0,805,0,1,0
33.9,50.0,2652,4016,0,806,0,1,0
33.9,50.0,2751,4014,0,777,0,1,0
33.9,50.0,2638,4032,0,807,0,1,0
33.9,50.0,2647,4010,0,816,0,1,0
33.9,50.0,2753,4016,0,777,0,1,0
33.9,50.0,2662,4054,0,805,0,1,0
33.9,50.0,2768,4051,0,804,0,1,0
33.9,50.1,2759,4042,0,803,0,1,0
33.9,50.1,2676,4047,0,810,0,1,0
33.9,50.1,2766,4047,0,802,0,1,0
33.9,50.1,2699,4059,0,805,0,1,0
33.8,50.2,2693,4027,0,814,0,1,0
33.8,50.2,2755,4065,0,810,0,1,0
33.8,50.2,2669,4045,0,801,0,1,0
33.8,50.2,2765,4031,0,810,0,1,0
33.8,50.2,2752,4053,0,813,0,1,0
33.8,50.2,2675,4025,0,809,0,1,0
33.8,50.2,2761,4055,0,806,0,1,0
33.8,50.2,2669,4038,0,810,0,1,0
33.8,50.3,2675,4056,0,813,0,1,0
33.8,50.3,2752,4070,0,807,0,1,0
33.8,50.3,2666,4057,0,811,0,1,0
33.8,50.3,2765,4035,0,802,0,1,0
33.8,50.4,2754,4059,0,810,0,1,0
33.8,50.4,2672,4048,0,814,0,1,0
33.8,50.4,2761,4095,0,811,0,1,0
33.8,50.4,2660,4049,0,801,0,1,0
33.7,50.4,2672,4041,0,806,0,1,0
33.7,50.4,2763,4063,0,804,0,1,0
33.7,50.4,2670,4052,0,805,0,1,0
33.7,50.4,2775,4063,0,815,0,1,0
33.7,50.5,2763,4066,0,802,0,1,0
33.7,50.5,2677,4073,0,809,0,1,0
33.7,50.5,2766,4095,0,800,0,1,0
33.7,50.5,2662,4066,0,806,0,1,0
33.7,50.5,2671,4013,0,805,0,1,0
33.7,50.5,2756,4077,0,805,0,1,0
33.7,50.5,2672,4087,0,806,0,1,0
33.7,50.5,2768,4087,0,802,0,1,0
33.7,50.6,2759,4095,0,814,0,1,0
33.7,50.6,2682,4095,0,803,0,1,0
33.7,50.6,2761,4095,0,805,0,1,0
33.7,50.6,2659,4095,0,814,0,1,0
33.6,50.6,2671,4095,0,805,0,1,0
33.6,50.6,2750,4095,0,807,0,1,0
33.6,50.6,2687,4095,0,806,0,1,0
33.6,50.6,2766,4095,0,806,0,1,0
33.6,50.6,2752,4095,0,805,0,1,0
33.6,50.6,2701,4095,0,805,0,1,0
33.6,50.6,2743,4095,0,812,0,1,0
33.6,50.6,2687,4095,0,800,0,1,0
33.6,50.6,2709,4095,0,808,0,1,0
33.6,50.6,2736,4095,0,809,0,1,0
33.6,50.6,2711,4095,0,806,0,1,0
33.6,50.6,2749,4095,0,803,0,1,0
33.5,50.7,2715,4029,0,809,0,1,0
33.5,50.7,2726,4095,0,809,0,1,0
33.5,50.7,2727,4095,0,807,0,1,0
33.5,50.7,2723,4095,0,812,0,1,0
33.5,50.7,2749,4095,0,810,0,1,0
33.5,50.7,2707,4095,0,803,0,1,0
33.5,50.7,2736,4095,0,803,0,1,0
33.5,50.7,2713,4095,0,804,0,1,0
33.4,50.8,2689,4095,0,802,0,1,0
33.4,50.8,2786,4095,0,805,0,1,0
33.4,50.8,2693,4095,0,805,0,1,0
33.4,50.8,2754,4095,0,800,0,1,0
33.5,50.8,2773,4095,0,793,0,1,0
33.5,50.8,2679,4095,0,803,0,1,0
33.5,50.8,2767,4095,0,799,0,1,0
33.5,50.8,2681,4095,0,788,0,1,0
33.4,50.9,2675,4095,0,807,0,1,0
33.4,50.9,2770,4095,0,805,0,1,0
33.4,50.9,2673,4095,0,800,0,1,0
33.4,50.9,2769,4051,0,799,0,1,0
33.4,50.9,2769,4095,0,799,0,1,0
33.4,50.9,2672,4095,0,803,0,1,0
33.4,50.9,2771,4095,0,797,0,1,0
33.4,50.9,2672,4095,0,801,0,1,0
33.3,50.9,2685,4095,0,805,0,1,0
33.3,50.9,2769,4095,0,789,0,1,0
33.3,50.9,2681,4095,0,806,0,1,0
33.3,50.9,2770,4095,0,805,0,1,0
33.3,51.0,2755,4095,0,804,0,1,0
33.3,51.0,2690,4095,0,802,0,1,0
33.3,51.0,2767,4095,0,798,0,1,0
33.3,51.0,2686,4095,0,798,0,1,0
33.3,51.0,2707,4095,0,809,0,1,0
33.3,51.0,2751,4095,0,802,0,1,0
33.3,51.0,2699,4095,0,800,0,1,0
33.3,51.0,2763,4095,0,794,0,1,0
33.3,51.0,2731,4095,0,803,0,1,0
33.3,51.0,2717,4095,0,804,0,1,0
33.3,51.0,2737,4095,0,801,0,1,0
33.3,51.0,2710,4095,0,805,0,1,0
33.2,51.0,2736,4095,0,802,0,1,0
33.2,51.0,2715,4095,0,800,0,1,0
33.2,51.0,2730,4095,0,801,0,1,0
33.2,51.0,2715,4095,0,800,0,1,0
33.3,50.8,2687,4095,0,803,0,1,0
33.3,50.8,2753,4095,0,798,0,1,0
33.3,50.8,2694,4095,0,802,0,1,0
33.3,50.8,2752,4095,0,797,0,1,0
33.2,50.6,2768,4095,0,794,0,1,0
33.2,50.6,2672,4095,0,798,0,1,0
33.2,50.6,2789,4095,0,796,0,1,0
33.2,50.6,2677,4095,0,784,0,1,0
33.2,50.4,2673,4095,0,791,0,1,0
33.2,50.4,2775,4095,0,794,0,1,0
33.2,50.4,2675,4095,0,791,0,1,0
33.2,50.4,2771,4095,0,798,0,1,0
33.2,50.3,2766,4095,0,801,0,1,0
33.2,50.3,2685,4095,0,798,0,1,0
33.2,50.3,2768,4095,0,791,0,1,0
33.2,50.3,2669,4095,0,800,0,1,0
33.2,50.3,2702,4095,0,796,0,1,0
33.2,50.3,2746,4095,0,793,0,1,0
33.2,50.3,2702,4095,0,793,0,1,0
33.2,50.3,2759,4095,0,796,0,1,0
33.1,50.3,2727,4095,0,795,0,1,0
33.1,50.3,2715,4095,0,797,0,1,0
33.1,50.3,2736,4095,0,798,0,1,0
33.1,50.3,2709,4095,0,796,0,1,0
33.1,50.3,2736,4095,0,798,0,1,0
33.1,50.3,2711,4095,0,791,0,1,0
33.1,50.3,2729,4095,0,784,0,1,0
33.1,50.3,2721,4095,0,791,0,1,0
33.1,50.4,2693,4095,0,786,0,1,0
33.1,50.4,2749,4095,0,798,0,1,0
33.1,50.4,2704,4095,0,794,0,1,0
33.1,50.4,2741,4095,0,789,0,1,0
33.1,50.5,2761,4095,0,794,0,1,0
33.1,50.5,2683,4095,0,793,0,1,0
33.1,50.5,2750,4095,0,794,0,1,0
33.1,50.5,2691,4095,0,799,0,1,0
33.1,50.6,2671,4095,0,797,0,1,0
33.1,50.6,2762,4095,0,798,0,1,0
33.1,50.6,2673,4095,0,791,0,1,0
33.1,50.6,2762,4095,0,767,0,1,0
33.0,50.8,2768,4095,0,803,0,1,0
33.0,50.8,2672,4095,0,791,0,1,0
33.0,50.8,2768,4095,0,794,0,1,0
33.0,50.8,2673,4095,0,798,0,1,0
33.0,51.1,2672,4095,0,801,0,1,0
33.0,51.1,2770,4095,0,797,0,1,0
33.0,51.1,2672,4095,0,798,0,1,0
33.0,51.1,2768,4095,0,800,0,1,0
33.0,51.2,2769,4095,0,792,0,1,0
33.0,51.2,2671,4027,0,795,0,1,0
33.0,51.2,2768,4095,0,787,0,1,0
33.0,51.2,2671,4095,0,793,0,1,0
33.0,51.3,2669,4095,0,793,0,1,0
33.0,51.3,2768,4095,0,799,0,1,0
33.0,51.3,2671,4095,0,789,0,1,0
33.0,51.3,2768,4095,0,790,0,1,0
32.9,51.5,2768,4095,0,795,0,1,0
32.9,51.5,2671,4095,0,785,0,1,0
32.9,51.5,2768,4095,0,794,0,1,0
32.9,51.5,2677,4095,0,790,0,1,0
32.9,51.5,2672,4095,0,795,0,1,0
32.9,51.5,2768,4095,0,789,0,1,0
32.9,51.5,2675,4095,0,785,0,1,0
32.9,51.5,2754,4095,0,793,0,1,0
32.9,51.6,2766,4095,0,831,0,1,0
32.9,51.6,2674,4095,0,787,0,1,0
32.9,51.6,2756,4095,0,714,0,1,0
32.9,51.6,2691,4095,0,785,0,1,0
32.9,51.6,2678,4095,0,795,0,1,0
32.9,51.6,2739,4095,0,785,0,1,0
32.9,51.6,2682,4095,0,791,0,1,0
32.9,51.6,2735,4095,0,797,0,1,0
32.9,51.6,2743,4095,0,800,0,1,0
32.9,51.6,2692,4095,0,788,0,1,0
32.9,51.6,2736,4095,0,791,0,1,0
32.9,51.6,2715,4095,0,795,0,1,0
32.9,51.6,2704,4095,0,799,0,1,0
32.9,51.6,2737,4095,0,787,0,1,0
32.9,51.6,2720,4095,0,794,0,1,0
32.9,51.6,2718,4095,0,789,0,1,0
32.8,51.6,2727,4095,0,796,0,1,0
32.8,51.6,2718,4095,0,791,0,1,0
32.8,51.6,2711,4095,0,794,0,1,0
32.8,51.6,2738,4095,0,786,0,1,0
32.8,51.7,2731,4095,0,794,0,1,0
32.8,51.7,2709,4095,0,791,0,1,0
32.8,51.7,2743,4095,0,798,0,1,0
32.8,51.7,2690,4095,0,862,0,1,0
32.8,51.7,2700,4095,0,784,0,1,0
32.8,51.7,2750,4095,0,792,0,1,0
32.8,51.7,2688,4095,0,785,0,1,0
32.8,51.7,2768,4095,0,793,0,1,0
32.8,51.7,2760,4095,0,785,0,1,0
32.8,51.7,2691,4095,0,799,0,1,0
32.8,51.7,2768,4095,0,787,0,1,0
32.8,51.7,2673,4095,0,786,0,1,0
32.8,51.8,2678,4095,0,801,0,1,0
32.8,51.8,2769,4095,0,758,0,1,0
32.8,51.8,2672,4095,0,790,0,1,0
32.8,51.8,2768,4095,0,799,0,1,0
32.8,51.7,2769,4095,0,786,0,1,0
32.8,51.7,2670,4095,0,791,0,1,0
32.8,51.7,2765,4095,0,794,0,1,0
32.8,51.7,2672,4095,0,752,0,1,0
32.8,51.8,2671,4095,0,790,0,1,0
32.8,51.8,2764,4095,0,787,0,1,0
32.8,51.8,2674,4095,0,786,0,1,0
32.8,51.8,2755,4095,0,788,0,1,0
32.8,51.7,2756,4095,0,800,0,1,0
32.8,51.7,2672,4095,0,783,0,1,0
32.8,51.7,2747,4095,0,784,0,1,0
32.8,51.7,2696,4095,0,789,0,1,0
32.7,51.7,2675,4095,0,789,0,1,0
32.7,51.7,2738,4095,0,784,0,1,0
32.7,51.7,2703,4095,0,784,0,1,0
32.7,51.7,2710,4095,0,782,0,1,0
32.7,51.7,2723,4095,0,784,0,1,0
32.7,51.7,2714,4095,0,784,0,1,0
32.7,51.7,2704,4095,0,718,0,1,0
32.7,51.7,2746,4095,0,793,0,1,0
32.7,51.8,2734,4095,0,790,0,1,0
32.7,51.8,2688,4095,0,793,0,1,0
32.7,51.8,2755,4095,0,786,0,1,0
32.7,51.8,2669,4095,0,784,0,1,0
32.7,51.9,2672,4095,0,784,0,1,0
32.7,51.9,2768,4095,0,788,0,1,0
32.7,51.9,2659,4095,0,799,0,1,0
32.7,51.9,2763,4095,0,909,0,1,0
32.7,51.9,2767,4095,0,710,0,1,0
32.7,51.9,2658,4095,0,784,0,1,0
32.7,51.9,2738,4095,0,785,0,1,0
32.7,51.9,2684,4095,0,789,0,1,0
32.7,52.0,2681,4095,0,783,0,1,0
32.7,52.0,2736,4095,0,784,0,1,0
32.7,52.0,2713,4095,0,789,0,1,0
32.7,52.0,2694,4095,0,787,0,1,0
32.7,52.1,2706,3894,0,785,0,1,0
32.7,52.1,2732,4095,0,795,0,1,0
32.7,52.1,2676,4095,0,784,0,1,0
32.7,52.1,2752,4095,0,786,0,1,0
32.7,52.1,2749,4095,0,790,0,1,0
32.7,52.1,2658,4095,0,786,0,1,0
32.7,52.1,2763,4095,0,785,0,1,0
32.7,52.1,2663,4095,0,797,0,1,0
32.6,52.1,2670,4095,0,773,0,1,0
32.6,52.1,2756,4095,0,782,0,1,0
32.6,52.1,2676,4095,0,784,0,1,0
32.6,52.1,2714,4095,0,791,0,1,0
32.6,52.1,2722,4095,0,787,0,1,0
32.6,52.1,2709,4095,0,786,0,1,0
32.6,52.1,2703,4095,0,786,0,1,0
32.6,52.1,2753,4095,0,788,0,1,0
32.6,52.1,2750,4095,0,789,0,1,0
32.6,52.1,2674,4095,0,790,0,1,0
32.6,52.1,2755,4095,0,792,0,1,0
32.6,52.1,2650,4095,0,763,0,1,0
32.6,52.2,2651,4095,0,789,0,1,0
32.6,52.2,2754,4095,0,786,0,1,0
32.6,52.2,2682,4095,0,848,0,1,0
32.6,52.2,2734,4095,0,784,0,1,0
32.6,52.2,2736,4095,0,746,0,1,0
32.6,52.2,2709,4095,0,784,0,1,0
32.6,52.2,2704,4095,0,784,0,1,0
32.6,52.2,2750,4095,0,781,0,1,0
32.6,52.2,2743,4095,0,795,0,1,0
32.6,52.2,2672,4095,0,784,0,1,0
32.6,52.2,2753,4095,0,788,0,1,0
32.6,52.2,2657,4095,0,778,0,1,0
32.6,52.3,2650,4095,0,787,0,1,0
32.6,52.3,2752,4095,0,786,0,1,0
32.6,52.3,2675,4095,0,784,0,1,0
32.6,52.3,2731,4095,0,790,0,1,0
32.5,52.3,2736,4095,0,785,0,1,0
32.5,52.3,2709,4095,0,787,0,1,0
32.5,52.3,2704,4095,0,787,0,1,0
32.5,52.3,2746,4095,0,785,0,1,0
32.5,52.4,2738,4095,0,775,0,1,0
32.5,52.4,2670,4095,0,782,0,1,0
32.5,52.4,2758,4095,0,788,0,1,0
32.5,52.4,2657,4095,0,784,0,1,0
32.5,52.4,2659,4095,0,781,0,1,0
32.5,52.4,2749,4095,0,784,0,1,0
32.5,52.4,2683,4095,0,778,0,1,0
32.5,52.4,2729,4095,0,787,0,1,0
32.5,52.4,2733,4095,0,787,0,1,0
32.5,52.4,2721,4095,0,784,0,1,0
32.5,52.4,2698,4095,0,797,0,1,0
32.5,52.4,2748,4095,0,781,0,1,0
32.5,52.4,2741,4095,0,791,0,1,0
32.5,52.4,2667,4095,0,784,0,1,0
32.5,52.4,2758,4095,0,780,0,1,0
32.5,52.4,2663,4095,0,784,0,1,0
32.4,52.4,2654,4095,0,786,0,1,0
32.4,52.4,2752,4095,0,777,0,1,0
32.4,52.4,2682,4095,0,784,0,1,0
32.4,52.4,2723,4095,0,787,0,1,0
32.5,52.4,2730,4095,0,783,0,1,0
32.5,52.4,2705,4095,0,784,0,1,0
32.5,52.4,2703,4095,0,784,0,1,0
32.5,52.4,2754,4095,0,785,0,1,0
32.4,52.4,2749,4095,0,782,0,1,0
32.4,52.4,2679,4095,0,784,0,1,0
32.4,52.4,2768,4095,0,785,0,1,0
32.4,52.4,2669,4095,0,783,0,1,0
32.4,52.3,2666,4095,0,784,0,1,0
32.4,52.3,2763,4095,0,782,0,1,0
32.4,52.3,2689,4095,0,782,0,1,0
32.4,52.3,2729,4095,0,784,0,1,0
32.4,52.1,2729,4095,0,795,0,1,0
32.4,52.1,2718,4095,0,773,0,1,0
32.4,52.1,2700,4095,0,780,0,1,0
32.4,52.1,2757,4095,0,781,0,1,0
32.4,52.0,2751,4095,0,784,0,1,0
32.4,52.0,2672,4095,0,827,0,1,0
32.4,52.0,2768,4095,0,783,0,1,0
32.4,52.0,2669,4095,0,778,0,1,0
32.4,51.8,2664,4095,0,779,0,1,0
32.4,51.8,2753,4095,0,790,0,1,0
32.4,51.8,2695,4095,0,781,0,1,0
32.4,51.8,2714,4095,0,781,0,1,0
32.4,51.9,2719,4095,0,784,0,1,0
32.4,51.9,2734,4095,0,770,0,1,0
32.4,51.9,2682,4095,0,774,0,1,0
32.4,51.9,2763,4095,0,779,0,1,0
32.3,51.9,2759,4095,0,779,0,1,0
32.3,51.9,2662,4095,0,781,0,1,0
32.3,51.9,2758,4095,0,782,0,1,0
32.3,51.9,2674,4095,0,779,0,1,0
32.4,51.8,2675,4095,0,771,0,1,0
32.4,51.8,2733,4095,0,783,0,1,0
32.4,51.8,2719,4095,0,773,0,1,0
32.4,51.8,2692,4095,0,784,0,1,0
32.4,51.7,2693,4095,0,783,0,1,0
32.4,51.7,2753,4095,0,778,0,1,0
32.4,51.7,2669,4095,0,784,0,1,0
32.4,51.7,2766,4095,0,781,0,1,0
32.4,51.7,2765,4095,0,784,0,1,0
32.4,51.7,2667,4095,0,773,0,1,0
32.4,51.7,2746,4095,0,773,0,1,0
32.4,51.7,2705,4095,0,769,0,1,0
32.3,51.9,2704,4095,0,782,0,1,0
32.3,51.9,2710,4095,0,774,0,1,0
32.3,51.9,2739,4095,0,772,0,1,0
32.3,51.9,2673,4095,0,781,0,1,0
32.4,52.0,2673,4095,0,775,0,1,0
32.4,52.0,2765,4095,0,784,0,1,0
32.4,52.0,2657,4095,0,780,0,1,0
32.4,52.0,2754,4095,0,783,0,1,0
32.3,52.0,2752,4095,0,782,0,1,0
32.3,52.0,2673,4095,0,779,0,1,0
32.3,52.0,2725,4095,0,778,0,1,0
32.3,52.0,2722,4095,0,775,0,1,0
32.3,52.1,2710,4095,0,784,0,1,0
32.3,52.1,2690,4095,0,775,0,1,0
32.3,52.1,2746,4095,0,770,0,1,0
32.3,52.1,2661,4095,0,765,0,1,0
32.3,52.0,2662,4095,0,777,0,1,0
32.3,52.0,2767,4095,0,770,0,1,0
32.3,52.0,2653,4095,0,769,0,1,0
32.3,52.0,2756,4095,0,782,0,1,0
32.3,52.0,2736,4095,0,773,0,1,0
32.3,52.0,2702,4095,0,772,0,1,0
32.3,52.0,2706,4095,0,741,0,1,0
32.3,52.0,2745,4095,0,771,0,1,0
32.3,52.1,2735,4095,0,771,0,1,0
32.3,52.1,2672,4095,0,677,0,1,0
32.3,52.1,2755,4095,0,771,0,1,0
32.3,52.1,2659,4095,0,783,0,1,0
32.3,52.3,2655,4095,0,765,0,1,0
32.3,52.3,2767,4095,0,779,0,1,0
32.3,52.3,2683,4095,0,763,0,1,0
32.3,52.3,2718,4095,0,770,0,1,0
32.3,52.4,2707,4095,0,768,0,1,0
32.3,52.4,2720,4095,0,767,0,1,0
32.3,52.4,2672,4095,0,784,0,1,0
32.3,52.4,2754,4095,0,779,0,1,0
32.3,52.5,2751,4095,0,784,0,1,0
32.3,52.5,2657,4095,0,770,0,1,0
32.3,52.5,2768,4095,0,783,0,1,0
32.3,52.5,2672,4095,0,784,0,1,0
32.3,52.6,2670,4095,0,781,0,1,0
32.3,52.6,2723,4095,0,769,0,1,0
32.3,52.6,2705,4095,0,758,0,1,0
32.3,52.6,2686,4095,0,777,0,1,0
32.3,52.7,2691,4095,0,774,0,1,0
32.3,52.7,2745,4095,0,784,0,1,0
32.3,52.7,2665,4095,0,774,0,1,0
32.3,52.7,2759,4095,0,782,0,1,0
32.3,52.7,2755,4095,0,777,0,1,0
32.3,52.7,2663,4095,0,760,0,1,0
32.3,52.7,2736,4095,0,766,0,1,0
32.3,52.7,2704,4095,0,782,0,1,0
32.2,52.7,2701,4095,0,770,0,1,0
32.2,52.7,2705,4095,0,770,0,1,0
32.2,52.7,2742,4095,0,772,0,1,0
32.2,52.7,2673,4095,0,778,0,1,0
32.2,52.5,2672,4095,0,772,0,1,0
32.2,52.5,2756,4095,0,779,0,1,0
32.2,52.5,2653,4095,0,774,0,1,0
32.2,52.5,2738,4095,0,771,0,1,0
32.2,52.2,2711,4095,0,767,0,1,0
32.2,52.2,2680,4095,0,769,0,1,0
32.2,52.2,2705,4095,0,770,0,1,0
32.2,52.2,2727,4095,0,775,0,1,0
32.3,52.0,2723,4095,0,769,0,1,0
32.3,52.0,2682,4095,0,767,0,1,0
32.3,52.0,2757,4095,0,780,0,1,0
32.3,52.0,2663,4095,0,758,0,1,0
32.2,51.9,2661,4095,0,768,0,1,0
32.2,51.9,2755,4095,0,769,0,1,0
32.2,51.9,2685,4095,0,763,0,1,0
32.2,51.9,2720,4095,0,769,0,1,0
32.2,52.0,2717,4095,0,757,0,1,0
32.2,52.0,2729,4095,0,762,0,1,0
32.2,52.0,2683,4095,0,784,0,1,0
32.2,52.0,2755,4095,0,772,0,1,0
32.2,52.1,2763,4095,0,775,0,1,0
32.2,52.1,2662,4095,0,758,0,1,0
32.2,52.1,2763,4095,0,761,0,1,0
32.2,52.1,2679,4095,0,764,0,1,0
32.2,52.3,2677,4048,0,768,0,1,0
32.2,52.3,2721,4095,0,771,0,1,0
32.2,52.3,2709,4095,0,764,0,1,0
32.2,52.3,2683,4095,0,770,0,1,0
32.2,52.4,2714,4095,0,772,0,1,0
32.2,52.4,2743,4095,0,766,0,1,0
32.2,52.4,2667,4095,0,767,0,1,0
32.2,52.4,2753,4095,0,773,0,1,0
32.2,52.5,2751,4095,0,771,0,1,0
32.2,52.5,2659,4095,0,772,0,1,0
32.2,52.5,2736,4095,0,763,0,1,0
32.2,52.5,2691,4095,0,779,0,1,0
32.2,52.5,2657,4095,0,770,0,1,0
32.2,52.5,2643,4095,0,768,0,1,0
32.2,52.5,2691,4095,0,772,0,1,0
32.2,52.5,2651,4095,0,766,0,1,0
32.2,52.5,2666,4095,0,777,0,1,0
32.2,52.5,2757,4095,0,759,0,1,0
32.2,52.5,2661,4095,0,763,0,1,0
32.2,52.5,2751,4095,0,766,0,1,0
32.2,52.3,2743,4095,0,657,0,1,0
32.2,52.3,2682,4095,0,763,0,1,0
32.2,52.3,2704,4095,0,759,0,1,0
32.2,52.3,2717,4095,0,764,0,1,0
32.1,52.3,2713,4095,0,767,0,1,0
32.1,52.3,2670,4095,0,767,0,1,0
32.1,52.3,2750,4095,0,768,0,1,0
32.1,52.3,2642,4095,0,779,0,1,0
32.1,52.4,2645,4095,0,773,0,1,0
32.1,52.4,2747,4095,0,766,0,1,0
32.1,52.4,2638,4095,0,758,0,1,0
32.1,52.4,2700,4048,0,765,0,1,0
32.2,52.5,2701,4095,0,768,0,1,0
32.2,52.5,2670,4095,0,762,0,1,0
32.2,52.5,2682,4095,0,768,0,1,0
32.2,52.5,2720,4095,0,770,0,1,0
32.1,52.6,2701,4095,0,771,0,1,0
32.1,52.6,2623,4095,0,768,0,1,0
32.1,52.6,2689,4095,0,767,0,1,0
32.1,52.6,2559,4095,0,768,0,1,0
32.1,52.7,2559,4095,0,762,0,1,0
32.1,52.7,2669,4095,0,770,0,1,0
32.1,52.7,2529,4095,0,772,0,1,0
32.1,52.7,2591,4095,0,765,0,1,0
32.1,52.8,2595,4095,0,778,0,1,0
32.1,52.8,2556,4095,0,766,0,1,0
32.1,52.8,2554,4095,0,770,0,1,0
32.1,52.8,2591,4095,0,773,0,1,0
32.1,52.9,2559,4095,0,769,0,1,0
32.1,52.9,2485,4095,0,830,0,1,0
32.1,52.9,2599,4095,0,771,0,1,0
32.1,52.9,2459,4095,0,766,0,1,0
32.1,53.0,2454,4095,0,771,0,1,0
32.1,53.0,2593,4095,0,771,0,1,0
32.1,53.0,2475,4095,0,769,0,1,0
32.1,53.0,2546,4095,0,767,0,1,0
32.1,53.0,2549,4095,0,755,0,1,0
32.1,53.0,2517,4095,0,763,0,1,0
32.1,53.0,2502,4095,0,766,0,1,0
32.1,53.0,2559,4095,0,762,0,1,0
32.1,53.0,2559,4095,0,755,0,1,0
32.1,53.0,2459,4095,0,763,0,1,0
32.1,53.0,2595,4095,0,775,0,1,0
32.1,53.0,2446,4095,0,759,0,1,0
32.1,53.1,2438,4090,0,774,0,1,0
32.1,53.1,2559,4095,0,758,0,1,0
32.1,53.1,2474,4095,0,767,0,1,0
32.1,53.1,2500,4095,0,770,0,1,0
32.1,53.1,2506,4095,0,766,0,1,0
32.1,53.1,2526,4095,0,770,0,1,0
32.1,53.1,2448,4095,0,770,0,1,0
32.1,53.1,2559,4095,0,767,0,1,0
32.1,53.1,2559,4095,0,768,0,1,0
32.1,53.1,2427,4095,0,767,0,1,0
32.1,53.1,2559,4095,0,764,0,1,0
32.1,53.1,2453,4095,0,766,0,1,0
32.1,53.1,2445,4095,0,765,0,1,0
32.1,53.1,2515,4095,0,777,0,1,0
32.1,53.1,2501,4095,0,752,0,1,0
32.1,53.1,2454,4095,0,759,0,1,0
32.1,53.1,2461,4095,0,757,0,1,0
32.1,53.1,2546,4095,0,754,0,1,0
32.1,53.1,2416,4095,0,774,0,1,0
32.1,53.1,2557,4095,0,764,0,1,0
32.1,53.2,2558,4095,0,769,0,1,0
32.1,53.2,2427,4095,0,778,0,1,0
32.1,53.2,2514,4095,0,759,0,1,0
32.1,53.2,2494,4095,0,779,0,1,0
32.1,53.2,2495,4095,0,765,0,1,0
32.1,53.2,2467,4095,0,772,0,1,0
32.1,53.2,2544,4095,0,752,0,1,0
32.1,53.2,2416,4095,0,767,0,1,0
32.1,53.2,2415,4095,0,767,0,1,0
32.1,53.2,2559,4095,0,765,0,1,0
32.1,53.2,2433,4095,0,766,0,1,0
32.1,53.2,2542,4095,0,768,0,1,0
32.1,53.2,2544,4095,0,758,0,1,0
32.1,53.2,2481,4095,0,769,0,1,0
32.1,53.2,2501,4095,0,765,0,1,0
32.1,53.2,2544,4095,0,773,0,1,0
32.1,53.2,2544,4095,0,754,0,1,0
32.1,53.2,2460,4095,0,765,0,1,0
32.1,53.2,2583,4095,0,755,0,1,0
32.1,53.2,2441,4095,0,762,0,1,0
32.1,53.2,2459,4095,0,767,0,1,0
32.1,53.2,2624,4095,0,768,0,1,0
32.1,53.2,2533,4095,0,759,0,1,0
32.1,53.2,2610,4095,0,761,0,1,0
32.1,53.2,2633,4095,0,771,0,1,0
32.1,53.2,2636,4095,0,775,0,1,0
32.1,53.2,2640,4095,0,763,0,1,0
32.1,53.2,2699,4095,0,765,0,1,0
32.1,53.2,2693,4095,0,754,0,1,0
32.1,53.2,2611,4095,0,763,0,1,0
32.1,53.2,2713,4095,0,767,0,1,0
32.1,53.2,2597,4095,0,771,0,1,0
32.1,53.2,2595,4095,0,741,0,1,0
32.1,53.2,2704,4095,0,757,0,1,0
32.1,53.2,2652,4095,0,773,0,1,0
32.1,53.2,2704,4095,0,757,0,1,0
32.0,53.2,2695,4095,0,762,0,1,0
32.0,53.2,2703,4095,0,755,0,1,0
32.0,53.2,2672,4095,0,762,0,1,0
32.0,53.2,2727,4095,0,758,0,1,0
32.1,53.3,2721,4095,0,763,0,1,0
32.1,53.3,2642,4095,0,713,0,1,0
32.1,53.3,2759,4095,0,762,0,1,0
32.1,53.3,2660,4095,0,766,0,1,0
32.1,53.3,2659,4095,0,766,0,1,0
32.1,53.3,2743,4095,0,763,0,1,0
32.1,53.3,2679,4095,0,752,0,1,0
32.1,53.3,2689,4095,0,766,0,1,0
32.0,53.3,2673,4095,0,761,0,1,0
32.0,53.3,2688,4095,0,759,0,1,0
32.0,53.3,2637,4095,0,833,0,1,0
32.0,53.3,2726,4095,0,769,0,1,0
32.1,53.3,2726,4095,0,674,0,1,0
32.1,53.3,2611,4095,0,757,0,1,0
32.1,53.3,2707,4095,0,651,0,1,0
32.1,53.3,2615,4095,0,769,0,1,0
32.0,53.3,2609,4095,0,761,0,1,0
32.0,53.3,2667,4095,0,763,0,1,0
32.0,53.3,2640,4095,0,759,0,1,0
32.0,53.3,2587,4095,0,743,0,1,0
32.0,53.2,2559,4095,0,843,0,1,0
32.0,53.2,2625,4095,0,768,0,1,0
32.0,53.2,2487,4095,0,776,0,1,0
32.0,53.2,2599,4095,0,767,0,1,0
32.0,53.2,2594,4095,0,770,0,1,0
32.0,53.2,2454,4095,0,753,0,1,0
32.0,53.2,2559,4095,0,764,0,1,0
32.0,53.2,2521,4095,0,767,0,1,0
32.0,53.3,2517,4095,0,759,0,1,0
32.0,53.3,2527,4095,0,757,0,1,0
32.0,53.3,2593,4095,0,757,0,1,0
32.0,53.3,2541,4095,0,773,0,1,0
32.0,53.3,2585,4095,0,769,0,1,0
32.0,53.3,2711,4095,0,766,0,1,0
32.4,48.5,2531,4095,0,966,0,1,0
32.4,48.5,2616,4095,0,970,0,1,0
32.4,48.5,2591,4095,0,990,0,1,0
32.4,48.5,2501,4095,0,1008,0,1,0
32.4,48.5,2535,4095,0,1001,0,1,0
32.4,48.5,2519,4095,0,996,0,1,0
32.4,48.5,2609,4095,0,1004,0,1,0
32.4,48.5,2612,4095,0,1015,0,1,0
32.4,48.5,2637,4095,0,1001,0,1,0
32.4,48.5,2559,4095,0,1005,0,1,0
32.4,48.5,2512,4095,0,1001,0,1,0
32.4,48.5,2603,4095,0,1011,0,1,0
32.4,48.4,2544,4095,0,1010,0,1,0
32.4,48.4,2636,4095,0,1013,0,1,0
32.4,48.4,2598,4095,0,1013,0,1,0
32.4,48.4,2510,4095,0,1004,0,1,0
32.4,48.4,2547,4095,0,1009,0,1,0
32.4,48.4,2522,4095,0,1031,0,1,0
32.4,48.4,2622,4095,0,1019,0,1,0
32.4,48.4,2623,4095,0,1023,0,1,0
32.4,48.4,2641,4095,0,1021,0,1,0
32.4,48.4,2559,4095,0,1023,0,1,0
32.4,48.4,2509,4095,0,1022,0,1,0
32.4,48.4,2590,4095,0,1023,0,1,0
32.4,48.3,2532,4095,0,1023,0,1,0
32.4,48.3,2629,4095,0,1032,0,1,0
32.4,48.3,2608,4095,0,1023,0,1,0
32.4,48.3,2507,4095,0,1023,0,1,0
32.4,48.4,2496,4095,0,1018,0,1,0
32.4,48.4,593,4095,0,1035,0,1,1
32.4,48.4,661,4095,0,1033,0,1,1
32.4,48.4,751,4095,0,1053,0,1,1
32.4,48.4,663,4095,0,1047,0,1,1
32.4,48.4,656,4095,0,1062,0,1,1
32.4,48.4,633,4095,0,1045,0,1,1
32.4,48.4,640,4095,0,1040,0,1,1
32.4,48.3,1116,4095,0,1049,0,1,1
32.4,48.3,2599,4095,0,1045,0,1,0
32.4,48.3,2614,4095,0,1040,0,1,0
32.4,48.3,2507,4095,0,1023,0,1,0
32.4,48.3,2559,4095,0,1040,0,1,0
32.4,48.3,2483,4095,0,1023,0,1,0
32.4,48.3,2555,4095,0,1023,0,1,0
32.4,48.3,2618,4095,0,1023,0,1,0
32.4,48.3,2596,4095,0,1039,0,1,0
32.4,48.3,2594,4095,0,1001,0,1,0
32.4,48.3,2494,4095,0,1038,0,1,0
32.4,48.3,2520,4095,0,1023,0,1,0
32.4,48.4,2483,4095,0,1037,0,1,0
32.4,48.4,2559,4095,0,1038,0,1,0
32.4,48.4,2615,4095,0,1035,0,1,0
32.4,48.4,2526,4095,0,1036,0,1,0
32.4,48.4,2587,4095,0,1023,0,1,0
32.4,48.4,2494,4095,0,1023,0,1,0
32.4,48.4,2559,4095,0,1034,0,1,0
32.4,48.4,2624,4095,0,1039,0,1,0
32.4,48.4,2559,4095,0,1042,0,1,0
32.4,48.4,2607,4095,0,1040,0,1,0
32.4,48.4,2510,4095,0,1036,0,1,0
32.5,50.3,2496,4095,0,764,0,1,0
32.5,50.3,2421,4095,0,785,0,1,0
32.5,50.3,2355,4095,0,838,0,1,0
32.5,50.3,2432,4095,0,848,0,1,0
32.6,50.3,2378,4095,0,885,0,1,0
32.6,50.3,2466,4095,0,896,0,1,0
32.6,50.3,2505,4095,0,912,0,1,0
32.6,50.3,2416,4095,0,927,0,1,0
32.5,50.2,2481,4095,0,944,0,1,0
32.5,50.2,2381,4095,0,953,0,1,0
32.5,50.2,2388,4095,0,976,0,1,0
32.5,50.2,2481,4095,0,987,0,1,0
32.6,50.2,2419,4095,0,1008,0,1,0
32.6,50.2,2502,4095,0,1014,0,1,0
32.6,50.2,2468,4095,0,1010,0,1,0
32.6,50.2,2363,4095,0,1031,0,1,0
32.6,50.2,948,4095,0,1040,0,1,1
32.6,50.2,454,4095,0,1044,0,1,1
32.6,50.2,550,4095,0,1073,0,1,1
32.6,50.2,644,4095,0,1082,0,1,1
32.6,50.2,563,4095,0,1087,0,1,1
32.6,50.2,497,4095,0,1085,0,1,1
32.6,50.2,496,4095,0,1095,0,1,1
32.6,50.2,2387,4095,0,1087,0,1,0
32.6,50.2,2417,4095,0,1104,0,1,0
32.6,50.2,2401,4095,0,1088,0,1,0
32.6,50.2,2490,4095,0,1097,0,1,0
32.6,50.2,2526,4095,0,1101,0,1,0
32.6,50.2,2512,4095,0,1104,0,1,0
32.6,50.2,2502,4095,0,1096,0,1,0
32.6,50.2,2398,4095,0,1104,0,1,0
32.6,50.2,2401,4095,0,1106,0,1,0
32.6,50.3,2381,4095,0,1110,0,1,0
32.6,50.3,2437,4095,0,1110,0,1,0
32.6,50.3,2519,4095,0,1115,0,1,0
32.6,50.3,2491,4095,0,1118,0,1,0
32.6,50.3,2527,4095,0,1115,0,1,0
32.6,50.3,2460,4095,0,1130,0,1,0
32.6,50.3,2378,4095,0,1125,0,1,0
32.6,50.3,2444,4095,0,1126,0,1,0
32.6,50.3,2385,4095,0,1146,0,1,0
32.6,50.3,2494,4095,0,1133,0,1,0
32.6,50.3,2533,4095,0,1123,0,1,0
32.6,50.3,2451,4095,0,1122,0,1,0
32.6,50.3,2512,4095,0,1128,0,1,0
32.6,50.3,2416,4095,0,1134,0,1,0
32.6,50.3,2397,4095,0,1134,0,1,0
32.6,50.3,2491,4095,0,1130,0,1,0
32.5,50.3,2430,4095,0,1133,0,1,0
32.5,50.3,2514,4095,0,1104,0,1,0
32.5,50.3,2506,4095,0,1133,0,1,0
32.5,50.3,2403,4095,0,1131,0,1,0
32.6,50.3,2470,4095,0,1141,0,1,0
32.6,50.3,2371,4095,0,1136,0,1,0
32.6,50.3,2432,4095,0,1135,0,1,0
32.6,50.3,2523,4095,0,1167,0,1,0
32.6,50.3,2469,4095,0,1131,0,1,0
32.6,50.3,2531,4095,0,1134,0,1,0
32.6,50.3,2465,4095,0,1137,0,1,0
32.6,50.3,2380,4095,0,1137,0,1,0
32.6,50.3,2422,4095,0,1133,0,1,0
32.6,50.3,2381,4095,0,1136,0,1,0
32.6,50.3,2466,4095,0,1136,0,1,0
32.6,50.3,2528,4095,0,1133,0,1,0
32.6,50.3,2524,4095,0,1136,0,1,0
32.6,50.3,2517,4095,0,1136,0,1,0
32.6,50.3,2427,4095,0,1131,0,1,0
32.6,50.3,2384,4095,0,1136,0,1,0
32.6,50.3,2393,4095,0,1104,0,1,0
32.6,50.3,2403,4095,0,1136,0,1,0
32.6,50.3,2495,4095,0,1135,0,1,0
32.6,50.3,2517,4095,0,1136,0,1,0
32.6,50.3,2512,4095,0,1135,0,1,0
32.6,50.3,2498,4095,0,1130,0,1,0
32.6,50.3,2399,4095,0,1130,0,1,0
32.6,50.3,2397,4095,0,1136,0,1,0
32.6,50.3,2381,4095,0,1136,0,1,0
32.6,50.3,2416,4095,0,1126,0,1,0
32.6,50.3,2507,4095,0,1131,0,1,0
32.6,50.3,2512,4095,0,1166,0,1,0
32.6,50.4,2517,4095,0,1127,0,1,0
32.6,50.4,2493,4095,0,1127,0,1,0
32.6,50.4,2390,4095,0,1129,0,1,0
32.6,50.4,2399,4095,0,1122,0,1,0
32.6,50.4,2381,4095,0,1129,0,1,0
32.6,50.4,2422,4095,0,1134,0,1,0
32.6,50.4,2510,4095,0,1131,0,1,0
32.6,50.4,2512,4095,0,1114,0,1,0
32.6,50.4,2530,4095,0,1126,0,1,0
32.6,50.4,2509,4095,0,1131,0,1,0
32.6,50.4,2384,4095,0,1127,0,1,0
32.6,50.4,2391,4095,0,1133,0,1,0
32.6,50.3,1767,4095,0,1133,0,1,1
32.6,50.3,496,4095,0,1129,0,1,1
32.6,50.3,598,4095,0,1136,0,1,1
32.6,50.3,576,4095,0,1142,0,1,1
32.6,50.3,639,4095,0,1137,0,1,1
32.6,50.3,2482,4095,0,1141,0,1,0
32.6,50.3,2411,4095,0,1132,0,1,0
32.6,50.3,2435,4095,0,1117,0,1,0
32.6,50.3,2371,4095,0,1115,0,1,0
32.6,50.3,2459,4095,0,1116,0,1,0
32.6,50.3,2539,4095,0,1118,0,1,0
32.6,50.3,2499,4095,0,1122,0,1,0
32.6,50.3,2543,4095,0,1120,0,1,0
32.6,50.3,2477,4095,0,1117,0,1,0
32.6,50.3,2397,4095,0,1119,0,1,0
32.6,50.3,2448,4095,0,1118,0,1,0
32.6,50.3,2394,4095,0,1108,0,1,0
32.6,50.3,2471,4095,0,1114,0,1,0
32.6,50.3,2541,4095,0,1118,0,1,0
32.6,50.3,2483,4095,0,1110,0,1,0
32.6,50.3,2541,4095,0,1113,0,1,0
32.6,50.3,2476,4095,0,1117,0,1,0
32.6,50.3,2389,4095,0,1109,0,1,0
32.6,50.3,2451,4095,0,1113,0,1,0
32.6,50.3,2399,4095,0,1114,0,1,0
32.6,50.3,2465,4095,0,1117,0,1,0
32.6,50.3,2538,4095,0,1111,0,1,0
32.6,50.3,2494,4095,0,1104,0,1,0
32.6,50.3,2541,4095,0,1102,0,1,0
32.6,50.3,2475,4095,0,1113,0,1,0
32.6,50.3,2386,4095,0,1114,0,1,0
32.6,50.3,2443,4095,0,1104,0,1,0
32.6,50.3,2391,4095,0,1109,0,1,0
32.6,50.3,2464,4095,0,1109,0,1,0
32.6,50.3,2541,4095,0,1104,0,1,0
32.6,50.3,2492,4095,0,1102,0,1,0
32.6,50.3,2535,4095,0,1104,0,1,0
32.6,50.3,2461,4095,0,1101,0,1,0
32.6,50.3,2389,4095,0,1104,0,1,0
32.6,50.3,2463,4095,0,1104,0,1,0
32.6,50.3,2413,4095,0,1102,0,1,0
32.6,50.3,2495,4095,0,1095,0,1,0
32.6,50.3,2538,4095,0,1098,0,1,0
32.6,50.3,2448,4095,0,1108,0,1,0
32.6,50.4,2516,4095,0,1104,0,1,0
32.6,50.4,2411,4095,0,1104,0,1,0
32.6,50.4,2416,4095,0,1099,0,1,0
32.6,50.4,2512,4095,0,1108,0,1,0
32.6,50.4,2445,4095,0,1101,0,1,0
32.6,50.4,2533,4095,0,1103,0,1,0
32.6,50.4,2495,4095,0,1084,0,1,0
32.6,50.4,2391,4095,0,1103,0,1,0
32.6,50.4,2463,4095,0,1092,0,1,0
32.6,50.4,2390,4095,0,1093,0,1,0
32.6,50.4,2475,4095,0,1099,0,1,0
32.6,50.4,2543,4095,0,1091,0,1,0
32.6,50.3,2510,4095,0,1089,0,1,0
32.6,50.3,2532,4095,0,1093,0,1,0
32.6,50.3,2434,4095,0,1098,0,1,0
32.6,50.3,2407,4095,0,1102,0,1,0
32.6,50.3,2390,4095,0,1094,0,1,0
32.6,50.3,2432,4095,0,1085,0,1,0
32.6,50.3,2525,4095,0,1089,0,1,0
32.6,50.3,2512,4095,0,1088,0,1,0
32.6,50.3,2543,4095,0,1089,0,1,0
32.6,50.3,2482,4095,0,1087,0,1,0
32.6,50.3,2394,4095,0,1091,0,1,0
32.6,50.3,2454,4095,0,1088,0,1,0
32.6,50.5,2398,4095,0,1093,0,1,0
32.6,50.5,2486,4095,0,1093,0,1,0
32.6,50.5,2544,4095,0,1087,0,1,0
32.6,50.5,2460,4095,0,1091,0,1,0
32.6,50.5,2529,4095,0,1089,0,1,0
32.6,50.5,2429,4095,0,1084,0,1,0
32.6,50.5,2409,4095,0,1085,0,1,0
32.6,50.5,2496,4095,0,1081,0,1,0
32.6,50.4,2429,4095,0,1079,0,1,0
32.6,50.4,2530,4095,0,1088,0,1,0
32.6,50.4,2518,4095,0,1086,0,1,0
32.6,50.4,2416,4095,0,1081,0,1,0
32.6,50.4,2494,4095,0,1089,0,1,0
32.6,50.4,2391,4095,0,1081,0,1,0
32.6,50.4,2437,4095,0,1079,0,1,0
32.6,50.4,2527,4095,0,1079,0,1,0
32.6,50.4,2458,4095,0,1088,0,1,0
32.6,50.4,2542,4095,0,1075,0,1,0
32.6,50.4,2490,4095,0,1074,0,1,0
32.6,50.4,2393,4095,0,1079,0,1,0
32.6,50.4,2467,4095,0,1077,0,1,0
32.6,50.4,2390,4095,0,1083,0,1,0
32.6,50.4,2457,4095,0,1077,0,1,0
32.6,50.4,2535,4095,0,1088,0,1,0
32.6,50.5,2473,4095,0,1081,0,1,0
32.6,50.5,2542,4095,0,1072,0,1,0
32.6,50.5,2475,4095,0,1075,0,1,0
32.6,50.5,2385,4095,0,1075,0,1,0
32.6,50.5,2449,4095,0,1082,0,1,0
32.6,50.5,2389,4095,0,1075,0,1,0
32.6,50.5,2459,4095,0,1079,0,1,0
32.6,50.5,2535,4095,0,1073,0,1,0
32.6,50.5,2478,4095,0,1072,0,1,0
32.6,50.5,2534,4095,0,1072,0,1,0
32.6,50.5,2465,4095,0,1076,0,1,0
32.6,50.5,2381,4095,0,1069,0,1,0
32.6,50.4,2439,4095,0,1076,0,1,0
32.6,50.4,2386,4095,0,1046,0,1,0
32.6,50.4,2464,4095,0,1072,0,1,0
32.6,50.4,2531,4095,0,1075,0,1,0
32.6,50.4,2443,4095,0,1069,0,1,0
32.6,50.4,2529,4095,0,1072,0,1,0
32.6,50.4,2448,4095,0,1068,0,1,0
32.6,50.4,2383,4095,0,1071,0,1,0
32.6,50.5,2421,4095,0,1073,0,1,0
32.6,50.5,2387,4095,0,1061,0,1,0
32.6,50.5,2480,4095,0,1071,0,1,0
32.6,50.5,2539,4095,0,1054,0,1,0
32.6,50.5,2497,4095,0,1063,0,1,0
32.6,50.5,2537,4095,0,1072,0,1,0
32.6,50.5,2448,4095,0,1068,0,1,0
32.6,50.5,2389,4095,0,1066,0,1,0
32.6,50.5,2429,4095,0,1071,0,1,0
32.6,50.5,2403,4095,0,1068,0,1,0
32.6,50.5,2486,4095,0,1070,0,1,0
32.6,50.5,2544,4095,0,1043,0,1,0
32.6,50.5,2503,4095,0,1063,0,1,0
32.6,50.5,2543,4095,0,1056,0,1,0
32.6,50.5,2459,4095,0,1061,0,1,0
32.6,50.5,2394,4095,0,1056,0,1,0
32.6,50.4,2444,4095,0,1060,0,1,0
32.6,50.4,2405,4095,0,1064,0,1,0
32.6,50.4,2506,4095,0,1058,0,1,0
32.6,50.4,2539,4095,0,1054,0,1,0
32.6,50.4,1882,4095,0,1055,0,1,1
32.6,50.4,1342,4095,0,1047,0,1,1
32.6,50.4,1051,4095,0,1079,0,1,1
32.6,50.4,969,4095,0,1075,0,1,1
32.6,50.4,1020,4095,0,1076,0,1,1
32.6,50.4,2347,4095,0,1065,0,1,0
32.6,50.4,2482,4095,0,1072,0,1,0
32.6,50.4,2541,4095,0,1045,0,1,0
32.6,50.3,2493,4095,0,1054,0,1,0
32.6,50.3,2537,4095,0,1046,0,1,0
32.6,50.3,2475,4095,0,1033,0,1,0
32.6,50.3,2396,4095,0,1047,0,1,0
32.7,50.4,2460,4095,0,1045,0,1,0
32.7,50.4,2396,4095,0,1043,0,1,0
32.7,50.4,2465,4095,0,1047,0,1,0
32.7,50.4,2539,4095,0,1051,0,1,0
32.7,50.4,2479,4095,0,1045,0,1,0
32.7,50.4,2545,4095,0,1043,0,1,0
32.7,50.4,2487,4095,0,1037,0,1,0
32.7,50.4,2399,4095,0,1049,0,1,0
32.6,50.4,2476,4095,0,1051,0,1,0
32.6,50.4,2398,4095,0,1083,0,1,0
32.6,50.4,2457,4095,0,1044,0,1,0
32.6,50.4,2539,4095,0,1039,0,1,0
32.7,50.4,2475,4095,0,1039,0,1,0
32.7,50.4,2544,4095,0,1050,0,1,0
32.7,50.4,2495,4095,0,1049,0,1,0
32.7,50.4,2410,4095,0,1042,0,1,0
32.7,50.4,2480,4095,0,1044,0,1,0
32.7,50.4,2401,4095,0,1040,0,1,0
32.7,50.4,2448,4095,0,1036,0,1,0
32.7,50.4,2535,4095,0,936,0,1,0
32.7,50.4,2465,4095,0,1047,0,1,0
32.7,50.4,2544,4095,0,1040,0,1,0
32.7,50.4,2517,4095,0,1045,0,1,0
32.7,50.4,2423,4095,0,1038,0,1,0
32.7,50.4,2507,4095,0,1040,0,1,0
32.7,50.4,2415,4095,0,1040,0,1,0
32.7,50.4,2432,4095,0,1040,0,1,0
32.7,50.4,2514,4095,0,1041,0,1,0
32.6,50.4,2438,4095,0,1041,0,1,0
32.6,50.4,2529,4095,0,1039,0,1,0
32.6,50.4,2544,4095,0,1040,0,1,0
32.6,50.4,2455,4095,0,1040,0,1,0
32.6,50.4,2539,4095,0,1040,0,1,0
32.6,50.4,2445,4095,0,1040,0,1,0
32.6,50.4,2416,4095,0,1023,0,1,0
32.6,50.4,2492,4095,0,1032,0,1,0
32.7,50.3,2421,4095,0,1038,0,1,0
32.7,50.3,2509,4095,0,1023,0,1,0
32.7,50.3,2549,4095,0,1032,0,1,0
32.7,50.3,2489,4095,0,1035,0,1,0
32.7,50.3,2547,4095,0,1037,0,1,0
32.7,50.3,2475,4095,0,1040,0,1,0
32.7,50.3,2406,4095,0,1034,0,1,0
32.7,50.3,2463,4095,0,1039,0,1,0
32.7,50.4,2405,4095,0,1031,0,1,0
32.7,50.4,2478,4095,0,1023,0,1,0
32.7,50.4,2549,4095,0,1041,0,1,0
32.7,50.4,2517,4095,0,1023,0,1,0
32.7,50.5,2551,4095,0,1034,0,1,0
32.7,50.5,2499,4095,0,1033,0,1,0
32.7,50.5,2416,4095,0,1021,0,1,0
32.7,50.5,2448,4095,0,1019,0,1,0
32.7,50.5,2413,4095,0,1034,0,1,0
32.7,50.5,2459,4095,0,1023,0,1,0
32.7,50.5,2544,4095,0,1023,0,1,0
32.7,50.5,2542,4095,0,1023,0,1,0
32.7,50.5,2550,4095,0,1019,0,1,0
32.7,50.5,2534,4095,0,1034,0,1,0
32.7,50.5,2442,4095,0,1033,0,1,0
32.7,50.5,2426,4095,0,1020,0,1,0
32.7,50.4,2436,4095,0,1021,0,1,0
32.7,50.4,2430,4095,0,1013,0,1,0
32.7,50.4,2511,4095,0,1022,0,1,0
32.7,50.4,2559,4095,0,1014,0,1,0
32.7,50.4,2512,4095,0,1023,0,1,0
32.7,50.4,2555,4095,0,1052,0,1,0
32.7,50.4,2495,4095,0,1013,0,1,0
32.7,50.4,2423,4095,0,1014,0,1,0
32.7,50.4,2494,4095,0,1017,0,1,0
32.7,50.4,2418,4095,0,1019,0,1,0
32.7,50.4,2451,4095,0,1011,0,1,0
32.7,50.4,2529,4095,0,1023,0,1,0
32.7,50.5,2453,4095,0,1015,0,1,0
32.7,50.5,2535,4095,0,1019,0,1,0
32.7,50.5,2533,4095,0,982,0,1,0
32.7,50.5,2455,4095,0,1015,0,1,0
32.6,50.4,2525,4095,0,1017,0,1,0
32.6,50.4,2449,4095,0,1019,0,1,0
32.6,50.4,2423,4095,0,1013,0,1,0
32.6,50.4,2499,4095,0,1023,0,1,0
32.7,50.5,2431,4095,0,1018,0,1,0
32.7,50.5,2505,4095,0,1010,0,1,0
32.7,50.5,2544,4095,0,1014,0,1,0
32.7,50.5,2507,4095,0,1014,0,1,0
32.7,50.5,2559,4095,0,1018,0,1,0
32.7,50.5,2496,4095,0,1017,0,1,0
32.7,50.5,2418,4095,0,1008,0,1,0
32.7,50.5,2463,4095,0,1009,0,1,0
32.7,50.5,2414,4095,0,1008,0,1,0
32.7,50.5,2468,4095,0,1013,0,1,0
32.7,50.5,2546,4095,0,1008,0,1,0
32.7,50.5,2533,4095,0,1007,0,1,0
32.7,50.5,2558,4095,0,1005,0,1,0
32.7,50.5,2512,4095,0,1008,0,1,0
32.7,50.5,2437,4095,0,1011,0,1,0
32.7,50.5,2439,4095,0,1014,0,1,0
32.7,50.5,2427,4095,0,1008,0,1,0
32.7,50.5,2450,4095,0,1003,0,1,0
32.7,50.5,2535,4095,0,1008,0,1,0
32.7,50.5,2559,4095,0,1014,0,1,0
32.7,50.5,2542,4095,0,1007,0,1,0
32.7,50.5,2550,4095,0,1001,0,1,0
32.7,50.5,2466,4095,0,1008,0,1,0
32.7,50.5,2424,4095,0,1003,0,1,0
32.7,50.5,2448,4095,0,1002,0,1,0
32.7,50.5,2431,4095,0,1004,0,1,0
32.7,50.5,2522,4095,0,1008,0,1,0
32.7,50.5,2559,4095,0,1003,0,1,0
32.7,50.7,2519,4095,0,1006,0,1,0
32.7,50.7,2559,4095,0,998,0,1,0
32.7,50.7,2493,4095,0,1007,0,1,0
32.7,50.7,2418,4095,0,1006,0,1,0
32.7,50.7,2471,4095,0,1006,0,1,0
32.7,50.7,2417,4095,0,1007,0,1,0
32.7,50.7,2487,4095,0,996,0,1,0
32.7,50.7,2558,4095,0,1007,0,1,0
32.7,50.6,2497,4095,0,1007,0,1,0
32.7,50.6,2555,4095,0,1005,0,1,0
32.7,50.6,2506,4095,0,972,0,1,0
32.7,50.6,2422,4095,0,997,0,1,0
32.7,50.6,2491,4095,0,993,0,1,0
32.7,50.6,2416,4095,0,1003,0,1,0
32.7,50.6,2467,4095,0,991,0,1,0
32.7,50.6,2544,4095,0,995,0,1,0
32.7,50.5,2477,4095,0,1000,0,1,0
32.7,50.5,2553,4095,0,991,0,1,0
32.7,50.5,2525,4095,0,981,0,1,0
32.7,50.5,2433,4095,0,989,0,1,0
32.7,50.5,2513,4095,0,1001,0,1,0
32.7,50.5,2426,4095,0,1000,0,1,0
32.7,50.5,2448,4095,0,999,0,1,0
32.7,50.5,2533,4095,0,995,0,1,0
32.8,50.4,2451,4095,0,1001,0,1,0
32.8,50.4,2544,4095,0,988,0,1,0
32.8,50.4,2547,4095,0,981,0,1,0
32.8,50.4,2482,4095,0,990,0,1,0
32.7,50.4,2538,4095,0,993,0,1,0
32.7,50.4,2448,4095,0,981,0,1,0
32.7,50.4,2431,4095,0,996,0,1,0
32.7,50.4,2507,4095,0,992,0,1,0
32.8,50.4,2436,4095,0,987,0,1,0
32.8,50.4,2523,4095,0,988,0,1,0
32.8,50.4,2559,4095,0,980,0,1,0
32.8,50.4,2494,4095,0,985,0,1,0
32.7,50.5,2554,4095,0,986,0,1,0
32.7,50.5,2475,4095,0,989,0,1,0
32.7,50.5,2421,4095,0,985,0,1,0
32.7,50.5,2482,4095,0,993,0,1,0
32.8,50.5,2429,4095,0,991,0,1,0
32.8,50.5,2500,4095,0,991,0,1,0
32.8,50.5,2559,4095,0,990,0,1,0
32.8,50.5,2516,4095,0,986,0,1,0
32.7,50.5,2559,4095,0,991,0,1,0
32.7,50.5,2500,4095,0,989,0,1,0
32.7,50.5,2416,4095,0,990,0,1,0
32.7,50.5,2462,4095,0,944,0,1,0
32.8,50.6,2421,4095,0,985,0,1,0
32.8,50.6,2482,4095,0,983,0,1,0
32.8,50.6,2556,4095,0,982,0,1,0
32.8,50.6,2537,4095,0,980,0,1,0
32.8,50.6,2559,4095,0,983,0,1,0
32.8,50.6,2515,4095,0,981,0,1,0
32.8,50.6,2421,4095,0,979,0,1,0
32.8,50.6,2442,4095,0,989,0,1,0
32.8,50.5,2420,4095,0,978,0,1,0
32.8,50.5,2462,4095,0,976,0,1,0
32.8,50.5,2546,4095,0,989,0,1,0
32.8,50.5,2551,4095,0,977,0,1,0
32.8,50.6,2551,4095,0,987,0,1,0
32.8,50.6,2543,4095,0,976,0,1,0
32.8,50.6,2448,4095,0,976,0,1,0
32.8,50.6,2430,4095,0,982,0,1,0
32.8,50.5,2439,4095,0,982,0,1,0
32.8,50.5,2433,4095,0,983,0,1,0
32.8,50.5,2522,4095,0,981,0,1,0
32.8,50.5,2559,4095,0,976,0,1,0
32.8,50.5,2538,4095,0,976,0,1,0
32.8,50.5,2559,4095,0,973,0,1,0
32.8,50.5,2483,4095,0,983,0,1,0
32.8,50.5,2427,4095,0,974,0,1,0
32.8,50.5,2476,4095,0,986,0,1,0
32.8,50.5,2425,4095,0,975,0,1,0
32.8,50.5,2493,4095,0,972,0,1,0
32.8,50.5,2559,4095,0,976,0,1,0
32.8,50.5,2496,4095,0,976,0,1,0
32.8,50.5,2559,4095,0,979,0,1,0
32.8,50.5,2515,4095,0,976,0,1,0
32.8,50.5,2443,4095,0,978,0,1,0
32.8,50.5,2523,4095,0,979,0,1,0
32.8,50.5,2441,4095,0,962,0,1,0
32.8,50.5,2448,4095,0,973,0,1,0
32.8,50.5,2519,4095,0,976,0,1,0
32.8,50.6,2447,4095,0,974,0,1,0
32.8,50.6,2526,4095,0,977,0,1,0
32.8,50.6,2559,4095,0,971,0,1,0
32.8,50.6,2512,4095,0,912,0,1,0
32.8,50.6,2559,4095,0,976,0,1,0
32.8,50.6,2510,4095,0,969,0,1,0
32.8,50.6,2431,4095,0,976,0,1,0
32.8,50.6,2467,4095,0,976,0,1,0
32.8,50.7,2432,4095,0,971,0,1,0
32.8,50.7,2471,4095,0,976,0,1,0
32.8,50.7,2548,4095,0,961,0,1,0
32.8,50.7,2559,4095,0,961,0,1,0
32.8,50.7,2544,4095,0,963,0,1,0
32.8,50.7,2559,4095,0,973,0,1,0
32.8,50.7,2485,4095,0,963,0,1,0
32.8,50.7,2434,4095,0,969,0,1,0
32.8,50.6,2480,4095,0,971,0,1,0
32.8,50.6,2437,4095,0,974,0,1,0
32.8,50.6,2496,4095,0,956,0,1,0
32.8,50.6,2559,4095,0,967,0,1,0
32.8,50.6,2502,4095,0,967,0,1,0
32.8,50.6,2559,4095,0,969,0,1,0
32.8,50.6,2537,4095,0,975,0,1,0
32.8,50.6,2450,4095,0,958,0,1,0
32.8,50.6,2535,4095,0,972,0,1,0
32.8,50.6,2446,4095,0,972,0,1,0
32.8,50.6,2455,4095,0,965,0,1,0
32.8,50.6,2530,4095,0,963,0,1,0
32.8,50.6,2457,4095,0,961,0,1,0
32.8,50.6,2538,4095,0,965,0,1,0
32.8,50.6,2559,4095,0,955,0,1,0
32.8,50.6,2507,4095,0,963,0,1,0
32.8,50.6,2559,4095,0,964,0,1,0
32.8,50.6,2519,4095,0,960,0,1,0
32.8,50.6,2433,4095,0,954,0,1,0
32.8,50.6,2480,4095,0,966,0,1,0
32.8,50.6,2434,4095,0,960,0,1,0
32.8,50.6,2483,4095,0,918,0,1,0
32.8,50.6,2558,4095,0,959,0,1,0
32.8,50.6,2559,4095,0,961,0,1,0
32.8,50.5,2559,4095,0,976,0,1,0
32.8,50.5,2539,4095,0,969,0,1,0
32.8,50.5,2480,4095,0,921,0,1,0
32.8,50.5,2438,4095,0,960,0,1,0
32.8,50.5,2480,4095,0,965,0,1,0
32.8,50.5,2442,4095,0,959,0,1,0
32.8,50.5,2508,4095,0,960,0,1,0
32.8,50.5,2559,4095,0,962,0,1,0
32.8,50.5,2505,4095,0,963,0,1,0
32.8,50.5,2547,4095,0,958,0,1,0
32.8,50.5,2544,4095,0,953,0,1,0
32.8,50.5,2461,4095,0,959,0,1,0
32.9,50.5,2542,4095,0,957,0,1,0
32.9,50.5,2455,4095,0,955,0,1,0
32.9,50.5,2455,4095,0,960,0,1,0
32.9,50.5,2527,4095,0,973,0,1,0
32.8,50.5,2452,4095,0,954,0,1,0
32.8,50.5,2524,4095,0,960,0,1,0
32.8,50.5,2583,4095,0,961,0,1,0
32.8,50.5,2532,4095,0,953,0,1,0
32.9,50.5,2583,4095,0,962,0,1,0
32.9,50.5,2531,4095,0,954,0,1,0
32.9,50.5,2449,4095,0,957,0,1,0
32.9,50.5,2463,4095,0,950,0,1,0
32.8,50.4,2462,4095,0,955,0,1,0
32.8,50.4,2460,4095,0,953,0,1,0
32.8,50.4,2523,4095,0,958,0,1,0
32.8,50.4,2583,4095,0,943,0,1,0
32.9,50.4,2516,4095,0,960,0,1,0
32.9,50.4,2581,4095,0,951,0,1,0
32.9,50.4,2550,4095,0,954,0,1,0
32.9,50.4,2474,4095,0,958,0,1,0
32.9,50.4,2558,4095,0,957,0,1,0
32.9,50.4,2480,4095,0,976,0,1,0
32.9,50.4,2446,4095,0,955,0,1,0
32.9,50.4,2503,4095,0,951,0,1,0
32.9,50.4,2445,4095,0,954,0,1,0
32.9,50.4,2497,4095,0,954,0,1,0
32.9,50.4,2559,4095,0,959,0,1,0
32.9,50.4,2579,4095,0,946,0,1,0
32.9,50.3,2559,4095,0,976,0,1,0
32.9,50.3,2585,4095,0,959,0,1,0
32.9,50.3,2517,4095,0,946,0,1,0
32.9,50.3,2448,4095,0,948,0,1,0
32.8,50.3,2529,4095,0,959,0,1,0
32.8,50.3,2450,4095,0,949,0,1,0
32.8,50.3,2465,4095,0,945,0,1,0
32.8,50.3,2529,4095,0,946,0,1,0
32.9,50.4,2453,4095,0,945,0,1,0
32.9,50.4,2521,4095,0,952,0,1,0
32.9,50.4,2582,4095,0,951,0,1,0
32.9,50.4,2559,4095,0,945,0,1,0
32.9,50.3,2559,4095,0,949,0,1,0
32.9,50.3,2559,4095,0,944,0,1,0
32.9,50.3,2497,4095,0,949,0,1,0
32.9,50.3,2445,4095,0,947,0,1,0
32.9,50.4,2511,4095,0,954,0,1,0
32.9,50.4,2448,4095,0,946,0,1,0
32.9,50.4,2471,4095,0,941,0,1,0
32.9,50.4,2542,4095,0,942,0,1,0
32.9,50.3,2459,4095,0,955,0,1,0
32.9,50.3,2527,4095,0,944,0,1,0
32.9,50.3,2590,4095,0,946,0,1,0
32.9,50.3,2558,4095,0,944,0,1,0
32.9,50.3,2579,4095,0,943,0,1,0
32.9,50.3,2559,4095,0,944,0,1,0
32.9,50.3,2493,4095,0,944,0,1,0
32.9,50.3,2446,4095,0,944,0,1,0
32.9,50.3,2499,4095,0,941,0,1,0
32.9,50.3,2442,4095,0,935,0,1,0
32.9,50.3,2487,4095,0,944,0,1,0
32.9,50.3,2559,4095,0,946,0,1,0
32.9,50.3,2480,4095,0,939,0,1,0
32.9,50.3,2535,4095,0,944,0,1,0
32.9,50.3,2587,4095,0,939,0,1,0
32.9,50.3,2515,4095,0,944,0,1,0
32.9,50.3,2585,4095,0,941,0,1,0
32.9,50.3,2498,4095,0,944,0,1,0
32.9,50.3,2447,4095,0,940,0,1,0
32.9,50.3,2484,4095,0,942,0,1,0
32.9,50.3,2448,4095,0,934,0,1,0
32.9,50.3,2487,4095,0,943,0,1,0
32.9,50.3,2559,4095,0,937,0,1,0
32.9,50.3,2580,4095,0,944,0,1,0
32.9,50.3,2559,4095,0,943,0,1,0
32.9,50.3,2559,4095,0,944,0,1,0
32.9,50.3,2496,4095,0,942,0,1,0
32.9,50.3,2448,4095,0,939,0,1,0
32.9,50.3,2494,4095,0,945,0,1,0
32.9,50.3,2451,4095,0,937,0,1,0
32.9,50.3,2514,4095,0,944,0,1,0
32.9,50.3,2586,4095,0,941,0,1,0
32.9,50.4,2513,4095,0,937,0,1,0
32.9,50.4,2585,4095,0,938,0,1,0
32.9,50.4,2557,4095,0,935,0,1,0
32.9,50.4,2471,4095,0,942,0,1,0
32.9,50.6,2549,4095,0,942,0,1,0
32.9,50.6,2468,4095,0,934,0,1,0
32.9,50.6,2455,4095,0,940,0,1,0
32.9,50.6,2525,4095,0,944,0,1,0
32.9,50.6,2455,4095,0,940,0,1,0
32.9,50.6,2525,4095,0,941,0,1,0
32.9,50.6,2587,4095,0,925,0,1,0
32.9,50.6,2549,4095,0,942,0,1,0
32.9,50.6,2581,4095,0,930,0,1,0
32.9,50.6,2547,4095,0,939,0,1,0
32.9,50.6,2462,4095,0,938,0,1,0
32.9,50.6,2447,4095,0,933,0,1,0
32.9,50.6,2466,4095,0,934,0,1,0
32.9,50.6,2448,4095,0,943,0,1,0
32.9,50.6,2512,4095,0,928,0,1,0
32.9,50.6,2581,4095,0,934,0,1,0
32.9,50.5,2506,4095,0,933,0,1,0
32.9,50.5,2559,4095,0,915,0,1,0
32.9,50.5,2559,4095,0,940,0,1,0
32.9,50.5,2481,4095,0,933,0,1,0
32.9,50.4,2559,4095,0,931,0,1,0
32.9,50.4,2489,4095,0,929,0,1,0
32.9,50.4,2443,4095,0,930,0,1,0
32.9,50.4,2491,4095,0,931,0,1,0
32.9,50.4,2445,4095,0,933,0,1,0
32.9,50.4,2487,4095,0,933,0,1,0
32.9,50.4,2559,4095,0,928,0,1,0
32.9,50.4,2588,4095,0,935,0,1,0
32.9,50.4,2551,4095,0,929,0,1,0
32.9,50.4,2589,4095,0,930,0,1,0
32.9,50.4,2525,4095,0,922,0,1,0
32.9,50.4,2447,4095,0,923,0,1,0
32.9,50.4,2527,4095,0,925,0,1,0
32.9,50.4,2448,4095,0,923,0,1,0
32.9,50.4,2452,4095,0,922,0,1,0
32.9,50.4,2526,4095,0,934,0,1,0
32.9,50.4,2458,4095,0,934,0,1,0
32.9,50.4,2523,4095,0,931,0,1,0
32.9,50.4,2590,4095,0,921,0,1,0
32.9,50.4,2546,4095,0,921,0,1,0
32.9,50.4,2559,4095,0,927,0,1,0
32.9,50.4,2549,4095,0,930,0,1,0
32.9,50.4,2477,4095,0,923,0,1,0
32.9,50.4,2443,4095,0,926,0,1,0
32.9,50.5,2491,4095,0,929,0,1,0
32.9,50.5,2448,4095,0,919,0,1,0
32.9,50.5,2494,4095,0,922,0,1,0
32.9,50.5,2559,4095,0,880,0,1,0
32.9,50.5,2480,4095,0,932,0,1,0
32.9,50.5,2544,4095,0,922,0,1,0
32.9,50.5,2559,4095,0,933,0,1,0
32.7,51.7,2589,4095,0,876,0,1,0
32.7,51.7,2545,4095,0,874,0,1,0
32.7,51.7,2471,4095,0,912,0,1,0
32.7,51.7,2551,4095,0,921,0,1,0
32.8,51.7,2508,4095,0,938,0,1,0
32.8,51.7,2608,4095,0,938,0,1,0
32.8,51.7,2530,4095,0,939,0,1,0
32.8,51.7,2480,4095,0,944,0,1,0
32.8,51.7,2474,4095,0,953,0,1,0
32.8,51.7,2541,4095,0,956,0,1,0
32.8,51.7,2607,4095,0,954,0,1,0
32.8,51.7,2508,4095,0,965,0,1,0
32.8,51.6,2554,4095,0,966,0,1,0
32.8,51.6,2475,4095,0,975,0,1,0
32.8,51.6,2559,4095,0,966,0,1,0
32.8,51.6,2593,4095,0,967,0,1,0
32.8,51.6,2608,4095,0,976,0,1,0
32.8,51.6,2518,4095,0,976,0,1,0
32.8,51.6,2485,4095,0,989,0,1,0
32.8,51.6,2593,4095,0,983,0,1,0
32.8,51.6,2543,4095,0,979,0,1,0
32.8,51.6,2602,4095,0,991,0,1,0
32.8,51.6,2493,4095,0,992,0,1,0
32.8,51.6,2509,4095,0,993,0,1,0
32.7,51.6,2477,4095,0,985,0,1,0
32.7,51.6,2559,4095,0,981,0,1,0
32.7,51.6,2583,4095,0,991,0,1,0
32.7,51.6,2460,4095,0,987,0,1,0
32.8,51.6,2516,4095,0,990,0,1,0
32.8,51.6,2493,4095,0,987,0,1,0
32.8,51.6,2597,4095,0,994,0,1,0
32.8,51.6,2559,4095,0,979,0,1,0
32.8,51.6,2595,4095,0,991,0,1,0
32.8,51.6,2478,4095,0,986,0,1,0
32.8,51.6,2499,4095,0,999,0,1,0
32.8,51.6,2592,4095,0,992,0,1,0
32.8,51.6,2555,4095,0,990,0,1,0
32.8,51.6,2559,4095,0,994,0,1,0
32.8,51.6,2465,4095,0,998,0,1,0
32.8,51.6,2514,4095,0,991,0,1,0
32.8,51.6,2470,4095,0,994,0,1,0
32.8,51.6,2559,4095,0,983,0,1,0
32.8,51.6,2557,4095,0,990,0,1,0
32.8,51.6,2470,4095,0,1003,0,1,0
32.8,51.6,2496,4095,0,981,0,1,0
32.8,51.6,2496,4095,0,992,0,1,0
32.8,51.6,2594,4095,0,983,0,1,0
32.8,51.6,2543,4095,0,991,0,1,0
32.8,51.5,2587,4095,0,997,0,1,0
32.8,51.5,2477,4095,0,992,0,1,0
32.8,51.5,2512,4095,0,991,0,1,0
32.8,51.5,2608,4095,0,995,0,1,0
32.8,51.6,2559,4095,0,986,0,1,0
32.8,51.6,2559,4095,0,982,0,1,0
32.8,51.6,2467,4095,0,990,0,1,0
32.8,51.6,2526,4095,0,993,0,1,0
32.8,51.7,2480,4095,0,991,0,1,0
32.8,51.7,2595,4095,0,985,0,1,0
32.8,51.7,2559,4095,0,988,0,1,0
32.8,51.7,2470,4095,0,980,0,1,0
32.8,52.1,2499,4095,0,990,0,1,0
32.8,52.1,2498,4095,0,977,0,1,0
32.8,52.1,2582,4095,0,988,0,1,0
32.8,52.1,2550,4095,0,985,0,1,0
32.8,52.1,2599,4095,0,979,0,1,0
32.8,52.1,2480,4095,0,993,0,1,0
32.8,52.1,2512,4095,0,985,0,1,0
32.8,52.1,2607,4095,0,979,0,1,0
32.8,51.9,2559,4095,0,978,0,1,0
32.8,51.9,2582,4095,0,975,0,1,0
32.8,51.9,2474,4095,0,981,0,1,0
32.8,51.9,2529,4095,0,974,0,1,0
32.8,51.8,2482,4095,0,976,0,1,0
32.8,51.8,2597,4095,0,976,0,1,0
32.8,51.8,2558,4095,0,989,0,1,0
32.8,51.8,2468,4095,0,976,0,1,0
32.8,51.8,2487,4095,0,989,0,1,0
32.8,51.8,2512,4095,0,975,0,1,0
32.8,51.8,2608,4095,0,978,0,1,0
32.8,51.8,2528,4095,0,976,0,1,0
32.8,51.7,2589,4095,0,973,0,1,0
32.8,51.7,2473,4095,0,977,0,1,0
32.8,51.7,2546,4095,0,981,0,1,0
32.8,51.7,2608,4095,0,983,0,1,0
32.8,51.7,2605,4095,0,979,0,1,0
32.8,51.7,2538,4095,0,981,0,1,0
32.8,51.7,2481,4095,0,976,0,1,0
32.8,51.7,2579,4095,0,976,0,1,0
32.8,51.7,2527,4095,0,969,0,1,0
32.8,51.7,2608,4095,0,969,0,1,0
32.8,51.7,2501,4095,0,967,0,1,0
32.8,51.7,2502,4095,0,966,0,1,0
32.8,51.6,2474,4095,0,974,0,1,0
32.8,51.6,2559,4095,0,970,0,1,0
32.8,51.6,2559,4095,0,970,0,1,0
32.8,51.6,2470,4095,0,971,0,1,0
32.8,51.7,2512,4095,0,967,0,1,0
32.8,51.7,2495,4095,0,968,0,1,0
32.8,51.7,2591,4095,0,969,0,1,0
32.8,51.7,2543,4095,0,971,0,1,0
32.8,51.6,2586,4095,0,967,0,1,0
32.8,51.6,2465,4095,0,976,0,1,0
32.8,51.6,2525,4095,0,967,0,1,0
32.8,51.6,2601,4095,0,974,0,1,0
32.8,51.6,2588,4095,0,969,0,1,0
32.8,51.6,2533,4095,0,961,0,1,0
32.8,51.6,2464,4095,0,955,0,1,0
32.8,51.6,2559,4095,0,971,0,1,0
32.8,51.7,2516,4095,0,973,0,1,0
32.8,51.7,2599,4095,0,967,0,1,0
32.8,51.7,2486,4095,0,960,0,1,0
32.8,51.7,2515,4095,0,960,0,1,0
32.8,51.6,2469,4095,0,969,0,1,0
32.8,51.6,2582,4095,0,989,0,1,0
32.8,51.6,2553,4095,0,959,0,1,0
32.8,51.6,2458,4095,0,964,0,1,0
32.8,51.6,2477,4095,0,963,0,1,0
32.8,51.6,2518,4095,0,971,0,1,0
32.8,51.6,2599,4095,0,960,0,1,0
32.8,51.6,2495,4095,0,962,0,1,0
32.8,51.6,2543,4095,0,966,0,1,0
32.8,51.6,2465,4095,0,963,0,1,0
32.8,51.6,2559,4095,0,963,0,1,0
32.8,51.6,2559,4095,0,967,0,1,0
32.8,51.7,2594,4095,0,946,0,1,0
32.8,51.7,2473,4095,0,961,0,1,0
32.8,51.7,2517,4095,0,954,0,1,0
32.8,51.7,2608,4095,0,957,0,1,0
32.8,51.8,2585,4095,0,915,0,1,0
32.8,51.8,2537,4095,0,913,0,1,0
32.8,51.8,2466,4095,0,963,0,1,0
32.8,51.8,2559,4095,0,951,0,1,0
32.8,51.8,2525,4095,0,961,0,1,0
32.8,51.8,2598,4095,0,957,0,1,0
32.8,51.8,2480,4095,0,957,0,1,0
32.8,51.8,2517,4095,0,960,0,1,0
32.8,51.8,2479,4095,0,957,0,1,0
32.8,51.8,2597,4095,0,949,0,1,0
32.8,51.8,2547,4095,0,962,0,1,0
32.8,51.8,2471,4095,0,957,0,1,0
32.8,51.9,2473,4095,0,962,0,1,0
32.8,51.9,2535,4095,0,966,0,1,0
32.8,51.9,2602,4095,0,955,0,1,0
32.8,51.9,2490,4095,0,951,0,1,0
32.8,51.9,2529,4095,0,956,0,1,0
32.8,51.9,2485,4095,0,960,0,1,0
32.8,51.9,2593,4095,0,956,0,1,0
32.8,51.9,2547,4095,0,957,0,1,0
32.8,51.8,2594,4095,0,959,0,1,0
32.8,51.8,2475,4095,0,951,0,1,0
32.8,51.8,2543,4095,0,957,0,1,0
32.8,51.8,2597,4095,0,956,0,1,0
32.8,51.8,2607,4095,0,979,0,1,0
32.8,51.8,2512,4095,0,958,0,1,0
32.8,51.8,2495,4095,0,944,0,1,0
32.8,51.8,2603,4095,0,944,0,1,0
32.8,51.8,2559,4095,0,951,0,1,0
32.8,51.8,2559,4095,0,951,0,1,0
32.8,51.8,2467,4095,0,945,0,1,0
32.8,51.8,2559,4095,0,947,0,1,0
32.8,51.7,2522,4095,0,944,0,1,0
32.8,51.7,2608,4095,0,947,0,1,0
32.8,51.7,2495,4095,0,944,0,1,0
32.8,51.7,2511,4095,0,957,0,1,0
32.8,51.7,2480,4095,0,944,0,1,0
32.8,51.7,2596,4095,0,945,0,1,0
32.8,51.7,2549,4095,0,950,0,1,0
32.8,51.7,2471,4095,0,947,0,1,0
32.8,51.7,2475,4095,0,945,0,1,0
32.8,51.7,2546,4095,0,948,0,1,0
32.8,51.7,2601,4095,0,944,0,1,0
32.8,51.7,2480,4095,0,941,0,1,0
32.8,51.7,2517,4095,0,947,0,1,0
32.8,51.7,2499,4095,0,941,0,1,0
32.8,51.7,2605,4095,0,944,0,1,0
32.8,51.7,2543,4095,0,950,0,1,0
32.8,51.6,2559,4095,0,943,0,1,0
32.8,51.6,2466,4095,0,943,0,1,0
32.8,51.6,2559,4095,0,941,0,1,0
32.8,51.6,2578,4095,0,940,0,1,0
32.8,51.6,2595,4095,0,954,0,1,0
32.8,51.6,2477,4095,0,943,0,1,0
32.8,51.6,2515,4095,0,943,0,1,0
32.8,51.6,2583,4095,0,944,0,1,0
32.8,51.6,2597,4095,0,933,0,1,0
32.8,51.6,2521,4095,0,954,0,1,0
32.8,51.6,2482,4095,0,947,0,1,0
32.8,51.6,2591,4095,0,944,0,1,0
32.8,51.6,2551,4095,0,944,0,1,0
32.8,51.6,2559,4095,0,942,0,1,0
32.8,51.6,2459,4095,0,940,0,1,0
32.8,51.6,2555,4095,0,942,0,1,0
32.8,51.6,2501,4095,0,934,0,1,0
32.8,51.6,2590,4095,0,936,0,1,0
32.8,51.6,2480,4095,0,941,0,1,0
32.8,51.6,2511,4095,0,940,0,1,0
32.8,51.6,2480,4095,0,944,0,1,0
32.8,51.6,2585,4095,0,930,0,1,0
32.8,51.6,2527,4095,0,935,0,1,0
32.8,51.6,2469,4095,0,941,0,1,0
32.8,51.7,2453,4095,0,937,0,1,0
32.8,51.7,2551,4095,0,938,0,1,0
32.8,51.7,2559,4095,0,943,0,1,0
32.8,51.7,2448,4095,0,942,0,1,0
32.8,51.7,2480,4095,0,931,0,1,0
32.8,51.7,2499,4095,0,941,0,1,0
32.8,51.7,2583,4095,0,936,0,1,0
32.8,51.7,2468,4095,0,933,0,1,0
32.8,51.7,2535,4095,0,927,0,1,0
32.8,51.7,2480,4095,0,938,0,1,0
32.8,51.7,2586,4095,0,926,0,1,0
32.8,51.7,2556,4095,0,939,0,1,0
32.8,51.7,2596,4095,0,895,0,1,0
32.8,51.7,2480,4095,0,944,0,1,0
32.8,51.7,2538,4095,0,925,0,1,0
32.8,51.7,2615,4095,0,930,0,1,0
32.8,51.8,2598,4095,0,934,0,1,0
32.8,51.8,2533,4095,0,926,0,1,0
32.8,51.8,2483,4095,0,924,0,1,0
32.8,51.8,2595,4095,0,931,0,1,0
32.8,51.9,2547,4095,0,928,0,1,0
32.8,51.9,2593,4095,0,933,0,1,0
32.8,51.9,2471,4095,0,940,0,1,0
32.8,51.9,2531,4095,0,933,0,1,0
32.8,52.0,2486,4095,0,928,0,1,0
32.8,52.0,2603,4095,0,927,0,1,0
32.8,52.0,2538,4095,0,963,0,1,0
32.8,52.0,2477,4095,0,928,0,1,0
32.8,51.9,2465,4095,0,926,0,1,0
32.8,51.9,2546,4095,0,923,0,1,0
32.8,51.9,2603,4095,0,934,0,1,0
32.8,51.9,2484,4095,0,934,0,1,0
32.8,51.8,2531,4095,0,928,0,1,0
32.8,51.8,2483,4095,0,938,0,1,0
32.8,51.8,2591,4095,0,951,0,1,0
32.8,51.8,2556,4095,0,925,0,1,0
32.8,51.7,2599,4095,0,926,0,1,0
32.8,51.7,2480,4095,0,922,0,1,0
32.8,51.7,2522,4095,0,923,0,1,0
32.8,51.7,2612,4095,0,929,0,1,0
32.8,51.7,2586,4095,0,925,0,1,0
32.8,51.7,2559,4095,0,918,0,1,0
32.8,51.7,2463,4095,0,929,0,1,0
32.8,51.7,2550,4095,0,928,0,1,0
32.8,51.7,2508,4095,0,925,0,1,0
32.8,51.7,2609,4095,0,928,0,1,0
32.8,51.7,2534,4095,0,925,0,1,0
32.8,51.7,2480,4095,0,929,0,1,0
32.8,51.6,2471,4095,0,925,0,1,0
32.8,51.6,2531,4095,0,924,0,1,0
32.8,51.6,2608,4095,0,918,0,1,0
32.8,51.6,2507,4095,0,917,0,1,0
32.8,51.6,2559,4095,0,915,0,1,0
32.8,51.6,2463,4095,0,925,0,1,0
32.8,51.6,2547,4095,0,919,0,1,0
32.8,51.6,2607,4095,0,931,0,1,0
32.9,51.6,2595,4095,0,929,0,1,0
32.9,51.6,2542,4095,0,913,0,1,0
32.9,51.6,2465,4095,0,914,0,1,0
32.9,51.6,2559,4095,0,918,0,1,0
32.8,51.6,2511,4095,0,927,0,1,0
32.8,51.6,2604,4095,0,914,0,1,0
32.8,51.6,2515,4095,0,918,0,1,0
32.8,51.6,2480,4095,0,912,0,1,0
32.8,51.6,2473,4095,0,925,0,1,0
32.8,51.6,2542,4095,0,912,0,1,0
32.8,51.6,2605,4095,0,913,0,1,0
32.8,51.6,2502,4095,0,915,0,1,0
32.8,51.6,2558,4095,0,916,0,1,0
32.8,51.6,2465,4095,0,919,0,1,0
32.8,51.6,2544,4095,0,912,0,1,0
32.8,51.6,2592,4095,0,914,0,1,0
32.8,51.6,2597,4095,0,950,0,1,0
32.8,51.6,2522,4095,0,924,0,1,0
32.8,51.6,2461,4095,0,910,0,1,0
32.8,51.6,2547,4095,0,912,0,1,0
32.8,51.6,2497,4095,0,923,0,1,0
32.8,51.6,2583,4095,0,926,0,1,0
32.8,51.6,2496,4095,0,914,0,1,0
32.8,51.6,2476,4095,0,921,0,1,0
32.8,51.6,2461,4095,0,907,0,1,0
32.8,51.6,2542,4095,0,921,0,1,0
32.8,51.6,2595,4095,0,926,0,1,0
32.8,51.6,2487,4095,0,913,0,1,0
32.8,51.6,2544,4095,0,912,0,1,0
32.8,51.6,2467,4095,0,912,0,1,0
32.8,51.6,2557,4095,0,918,0,1,0
32.8,51.6,2595,4095,0,910,0,1,0
32.9,51.7,2608,4095,0,918,0,1,0
32.9,51.7,2527,4095,0,931,0,1,0
32.9,51.7,2478,4095,0,903,0,1,0
32.9,51.7,2559,4095,0,912,0,1,0
32.8,51.7,2516,4095,0,909,0,1,0
32.8,51.7,2608,4095,0,913,0,1,0
32.8,51.7,2512,4095,0,919,0,1,0
32.8,51.7,2481,4095,0,911,0,1,0
32.8,51.7,2466,4095,0,912,0,1,0
32.8,51.7,2544,4095,0,912,0,1,0
32.8,51.7,2599,4095,0,906,0,1,0
32.8,51.7,2493,4095,0,916,0,1,0
32.8,51.6,2541,4095,0,916,0,1,0
32.8,51.6,2470,4095,0,907,0,1,0
32.8,51.6,2559,4095,0,907,0,1,0
32.8,51.6,2587,4095,0,913,0,1,0
32.8,51.6,2608,4095,0,909,0,1,0
32.8,51.6,2506,4095,0,912,0,1,0
32.8,51.6,2490,4095,0,905,0,1,0
32.8,51.6,2591,4095,0,913,0,1,0
32.8,51.6,2547,4095,0,911,0,1,0
32.8,51.6,2592,4095,0,912,0,1,0
32.8,51.6,2475,4095,0,912,0,1,0
32.8,51.6,2515,4095,0,912,0,1,0
32.8,51.6,2475,4095,0,905,0,1,0
32.8,51.6,2591,4095,0,899,0,1,0
32.8,51.6,2551,4095,0,909,0,1,0
32.8,51.6,2460,4095,0,908,0,1,0
32.8,51.6,2477,4095,0,976,0,1,0
32.8,51.6,2509,4095,0,912,0,1,0
32.8,51.6,2605,4095,0,909,0,1,0
32.8,51.6,2512,4095,0,897,0,1,0
32.8,51.6,2559,4095,0,912,0,1,0
32.8,51.6,2461,4095,0,895,0,1,0
32.8,51.6,2544,4095,0,912,0,1,0
32.8,51.6,2592,4095,0,905,0,1,0
32.8,51.6,2599,4095,0,901,0,1,0
32.8,51.6,2516,4095,0,893,0,1,0
32.8,51.6,2471,4095,0,910,0,1,0
32.8,51.6,2559,4095,0,905,0,1,0
32.8,51.6,2511,4095,0,901,0,1,0
32.8,51.6,2583,4095,0,912,0,1,0
32.8,51.6,2478,4095,0,900,0,1,0
32.8,51.6,2496,4095,0,878,0,1,0
32.8,51.6,2465,4095,0,903,0,1,0
32.8,51.6,2559,4095,0,912,0,1,0
32.8,51.6,2581,4095,0,859,0,1,0
32.8,51.6,2457,4095,0,897,0,1,0
32.8,51.6,2493,4095,0,903,0,1,0
32.8,51.6,2467,4095,0,902,0,1,0
32.8,51.6,2589,4095,0,890,0,1,0
32.8,51.6,2559,4095,0,891,0,1,0
32.8,51.6,2604,4095,0,902,0,1,0
32.8,51.6,2487,4095,0,898,0,1,0
32.8,51.6,2506,4095,0,907,0,1,0
32.8,51.6,2608,4095,0,903,0,1,0
32.8,51.6,2559,4095,0,910,0,1,0
32.8,51.6,2579,4095,0,912,0,1,0
32.8,51.6,2477,4095,0,912,0,1,0
32.8,51.6,2526,4095,0,893,0,1,0
32.8,51.6,2483,4095,0,898,0,1,0
32.8,51.6,2594,4095,0,816,0,1,0
32.8,51.6,2557,4095,0,896,0,1,0
32.8,51.6,2469,4095,0,895,0,1,0
32.8,51.7,2495,4095,0,907,0,1,0
32.8,51.7,2509,4095,0,911,0,1,0
32.8,51.7,2606,4095,0,894,0,1,0
32.8,51.7,2535,4095,0,899,0,1,0
32.8,51.7,2589,4095,0,903,0,1,0
32.8,51.7,2468,4095,0,897,0,1,0
32.8,51.7,2517,4095,0,895,0,1,0
32.8,51.7,2608,4095,0,890,0,1,0
32.8,51.7,2559,4095,0,905,0,1,0
32.8,51.7,2559,4095,0,901,0,1,0
32.8,51.7,2464,4095,0,884,0,1,0
32.8,51.7,2526,4095,0,895,0,1,0
32.8,51.7,2480,4095,0,902,0,1,0
32.8,51.7,2590,4095,0,897,0,1,0
32.8,51.7,2559,4095,0,902,0,1,0
32.8,51.7,2465,4095,0,887,0,1,0
32.8,51.7,2503,4095,0,894,0,1,0
32.8,51.7,2492,4095,0,896,0,1,0
32.8,51.7,2593,4095,0,896,0,1,0
32.8,51.7,2559,4095,0,899,0,1,0
32.8,51.7,2603,4095,0,891,0,1,0
32.8,51.7,2485,4095,0,907,0,1,0
32.8,51.7,2495,4095,0,893,0,1,0
32.8,51.7,2601,4095,0,899,0,1,0
32.8,51.7,2545,4095,0,892,0,1,0
32.8,51.7,2597,4095,0,893,0,1,0
32.8,51.7,2480,4095,0,895,0,1,0
32.8,51.7,2496,4095,0,893,0,1,0
32.8,51.7,2458,4095,0,896,0,1,0
32.8,51.7,2559,4095,0,890,0,1,0
32.8,51.7,2586,4095,0,891,0,1,0
32.8,51.7,2478,4095,0,895,0,1,0
32.8,51.7,2537,4095,0,880,0,1,0
32.8,51.7,2471,4095,0,896,0,1,0
32.8,51.7,2559,4095,0,885,0,1,0
32.8,51.7,2583,4095,0,887,0,1,0
32.8,51.7,2603,4095,0,905,0,1,0
32.8,51.7,2511,4095,0,883,0,1,0
32.8,51.7,2474,4095,0,895,0,1,0
32.8,51.7,2559,4095,0,912,0,1,0
32.8,51.7,2524,4095,0,900,0,1,0
32.8,51.7,2606,4095,0,896,0,1,0
32.8,51.7,2498,4095,0,883,0,1,0
32.8,51.7,2486,4095,0,894,0,1,0
32.8,51.7,2460,4095,0,889,0,1,0
32.8,51.7,2551,4095,0,895,0,1,0
32.8,51.7,2593,4095,0,900,0,1,0
32.8,51.7,2480,4095,0,893,0,1,0
32.8,51.7,2544,4095,0,886,0,1,0
32.8,51.7,2468,4095,0,897,0,1,0
32.8,51.7,2559,4095,0,894,0,1,0
32.8,51.7,2580,4095,0,885,0,1,0
32.8,51.7,2607,4095,0,890,0,1,0
32.8,51.7,2510,4095,0,894,0,1,0
32.8,51.7,2479,4095,0,893,0,1,0
32.8,51.7,2585,4095,0,896,0,1,0
32.8,51.7,2529,4095,0,883,0,1,0
32.8,51.7,2604,4095,0,891,0,1,0
32.8,51.7,2491,4095,0,896,0,1,0
32.8,51.7,2490,4095,0,893,0,1,0
32.8,51.7,2461,4095,0,890,0,1,0
32.8,51.7,2550,4095,0,887,0,1,0
32.8,51.7,2592,4095,0,889,0,1,0
32.8,51.7,2479,4095,0,886,0,1,0
32.8,51.7,2539,4095,0,895,0,1,0
32.8,51.7,2459,4095,0,891,0,1,0
32.8,51.7,2555,4095,0,895,0,1,0
32.8,51.7,2586,4095,0,889,0,1,0
32.8,51.7,2599,4095,0,893,0,1,0
32.8,51.7,2518,4095,0,904,0,1,0
32.8,51.7,2467,4095,0,886,0,1,0
32.8,51.7,2559,4095,0,895,0,1,0
32.8,51.7,2511,4095,0,882,0,1,0
32.8,51.7,2602,4095,0,894,0,1,0
32.8,51.7,2515,4095,0,879,0,1,0
32.8,51.7,2473,4095,0,884,0,1,0
32.8,51.7,2464,4095,0,884,0,1,0
32.8,51.7,2525,4095,0,873,0,1,0
32.8,51.7,2600,4095,0,883,0,1,0
32.8,51.7,2512,4095,0,894,0,1,0
32.9,51.7,2559,4095,0,891,0,1,0
32.9,51.7,2459,4095,0,884,0,1,0
32.9,51.7,2523,4095,0,896,0,1,0
32.9,51.7,2597,4095,0,879,0,1,0
32.8,51.7,2559,4095,0,880,0,1,0
32.8,51.7,2547,4095,0,826,0,1,0
32.8,51.7,2448,4095,0,888,0,1,0
32.8,51.7,2503,4095,0,879,0,1,0
32.8,51.7,2468,4095,0,883,0,1,0
32.8,51.7,2374,4095,0,887,0,1,0
32.8,51.7,2304,4095,0,882,0,1,0
32.8,51.7,2287,4095,0,883,0,1,0
32.8,51.7,2177,4095,0,880,0,1,0
32.8,51.7,2359,4095,0,882,0,1,0
32.8,51.7,2474,4095,0,887,0,1,0
32.8,51.7,2452,4095,0,867,0,1,0
32.8,51.7,2489,4095,0,880,0,1,0
32.5,51.9,2310,4095,0,990,0,1,0
32.5,51.9,2342,4095,0,987,0,1,0
32.5,51.9,2468,4095,0,997,0,1,0
32.5,51.9,2377,4095,0,1003,0,1,0
32.5,51.8,2431,4095,0,991,0,1,0
32.5,51.8,2303,4095,0,1002,0,1,0
32.5,51.8,2401,4095,0,985,0,1,0
32.5,51.8,2459,4095,0,1004,0,1,0
32.5,51.9,2470,4095,0,997,0,1,0
32.5,51.9,2381,4095,0,991,0,1,0
32.5,51.9,2317,4095,0,997,0,1,0
32.5,51.9,2445,4095,0,987,0,1,0
32.5,51.9,2394,4095,0,993,0,1,0
32.5,51.9,2462,4095,0,999,0,1,0
32.5,51.9,2326,4095,0,993,0,1,0
32.5,51.9,2352,4095,0,983,0,1,0
32.5,51.8,2309,4095,0,991,0,1,0
32.5,51.8,2435,4095,0,981,0,1,0
32.5,51.8,2431,4095,0,954,0,1,0
32.5,51.8,2303,4095,0,985,0,1,0
32.5,51.9,2335,4095,0,1002,0,1,0
32.5,51.9,2335,4095,0,979,0,1,0
32.5,51.9,1074,4095,0,988,0,1,1
32.5,51.9,493,4095,0,979,0,1,1
32.5,51.8,542,4095,0,1003,0,1,1
32.5,51.8,494,4095,0,1005,0,1,1
32.5,51.8,483,4095,0,1008,0,1,1
32.5,51.8,534,4095,0,991,0,1,1
32.5,51.8,2480,4095,0,1008,0,1,0
32.5,51.8,2402,4095,0,987,0,1,0
32.5,51.8,2306,4095,0,990,0,1,0
32.5,51.8,2423,4095,0,975,0,1,0
32.5,51.8,2370,4095,0,971,0,1,0
32.5,51.8,2467,4095,0,983,0,1,0
32.5,51.8,2343,4095,0,976,0,1,0
32.5,51.8,2336,4095,0,977,0,1,0
32.5,51.9,2283,4095,0,976,0,1,0
32.5,51.9,2419,4095,0,982,0,1,0
32.5,51.9,2443,4095,0,974,0,1,0
32.5,51.9,2307,4095,0,935,0,1,0
32.5,51.9,2355,4095,0,976,0,1,0
32.5,51.9,2322,4095,0,974,0,1,0
32.5,51.9,2446,4095,0,983,0,1,0
32.5,51.9,2416,4095,0,975,0,1,0
32.5,52.0,2461,4095,0,971,0,1,0
32.5,52.0,2325,4095,0,964,0,1,0
32.5,52.0,2326,4095,0,975,0,1,0
32.5,52.0,2191,4095,0,974,0,1,1
32.5,52.0,457,4095,0,977,0,1,1
32.5,52.0,505,4095,0,998,0,1,1
32.5,52.0,483,4095,0,982,0,1,1
32.5,52.0,1989,4095,0,997,0,1,1
32.6,51.9,2315,4095,0,993,0,1,0
32.6,51.9,2448,4095,0,1013,0,1,0
32.6,51.9,2432,4095,0,970,0,1,0
32.6,51.9,2304,4095,0,973,0,1,0
32.5,51.9,2352,4095,0,971,0,1,0
32.5,51.9,2322,4095,0,961,0,1,0
32.5,51.9,2448,4095,0,969,0,1,0
32.5,51.9,2419,4095,0,973,0,1,0
32.6,51.9,2460,4095,0,962,0,1,0
32.6,51.9,2330,4095,0,963,0,1,0
32.6,51.9,2343,4095,0,960,0,1,0
32.6,51.9,2462,4095,0,961,0,1,0
32.5,51.9,2441,4095,0,965,0,1,0
32.5,51.9,2453,4095,0,965,0,1,0
32.5,51.9,2319,4095,0,957,0,1,0
32.5,51.9,2368,4095,0,979,0,1,0
32.5,51.9,2325,4095,0,976,0,1,0
32.5,51.9,2448,4095,0,976,0,1,0
32.5,51.9,2423,4095,0,957,0,1,0
32.5,51.9,2304,4095,0,976,0,1,0
32.5,51.8,2329,4095,0,959,0,1,0
32.5,51.8,2355,4095,0,970,0,1,0
32.5,51.8,2473,4095,0,960,0,1,0
32.5,51.8,2378,4095,0,968,0,1,0
32.6,51.8,2429,4095,0,960,0,1,0
32.6,51.8,2302,4095,0,962,0,1,0
32.6,51.8,2387,4095,0,975,0,1,0
32.6,51.8,2465,4095,0,960,0,1,0
32.6,51.8,2467,4095,0,960,0,1,0
32.6,51.8,2395,4095,0,963,0,1,0
32.6,51.8,2313,4095,0,976,0,1,0
32.6,51.8,2433,4095,0,962,0,1,0
32.5,51.8,2387,4095,0,955,0,1,0
32.5,51.8,2479,4095,0,957,0,1,0
32.5,51.8,2363,4095,0,946,0,1,0
32.5,51.8,2324,4095,0,972,0,1,0
32.5,51.8,2304,4095,0,970,0,1,0
32.5,51.8,2401,4095,0,956,0,1,0
32.5,51.8,2464,4095,0,969,0,1,0
32.5,51.8,2343,4095,0,971,0,1,0
32.6,51.8,2402,4095,0,944,0,1,0
32.6,51.8,2307,4095,0,951,0,1,0
32.6,51.8,2416,4095,0,957,0,1,0
32.6,51.8,2457,4095,0,944,0,1,0
32.6,51.7,2471,4095,0,951,0,1,0
32.6,51.7,2384,4095,0,949,0,1,0
32.6,51.7,2316,4095,0,962,0,1,0
32.6,51.7,2432,4095,0,944,0,1,0
32.6,51.8,2377,4095,0,956,0,1,0
32.6,51.8,2479,4095,0,959,0,1,0
32.6,51.8,2368,4095,0,947,0,1,0
32.6,51.8,2319,4095,0,958,0,1,0
32.6,51.8,2304,4095,0,953,0,1,0
32.6,51.8,2385,4095,0,953,0,1,0
32.6,51.8,2477,4095,0,945,0,1,0
32.6,51.8,2361,4095,0,944,0,1,0
32.6,51.7,2423,4095,0,954,0,1,0
32.6,51.7,2304,4095,0,952,0,1,0
32.6,51.7,2394,4095,0,950,0,1,0
32.6,51.7,2471,4095,0,952,0,1,0
32.5,51.8,2449,4095,0,951,0,1,0
32.5,51.8,2416,4095,0,955,0,1,0
32.5,51.8,2304,4095,0,944,0,1,0
32.5,51.8,2398,4095,0,946,0,1,0
32.6,51.7,2332,4095,0,949,0,1,0
32.6,51.7,2465,4095,0,959,0,1,0
32.6,51.7,2419,4095,0,944,0,1,0
32.6,51.7,2303,4095,0,1034,0,1,0
32.6,51.7,2352,4095,0,944,0,1,0
32.6,51.7,2336,4095,0,951,0,1,0
32.6,51.7,2464,4095,0,943,0,1,0
32.6,51.7,2426,4095,0,937,0,1,0
32.6,51.7,2466,4095,0,944,0,1,0
32.6,51.7,2341,4095,0,950,0,1,0
32.6,51.7,2335,4095,0,944,0,1,0
32.6,51.7,2458,4095,0,946,0,1,0
32.6,51.7,2401,4095,0,946,0,1,0
32.6,51.7,2473,4095,0,954,0,1,0
32.6,51.7,2346,4095,0,942,0,1,0
32.6,51.7,2343,4095,0,942,0,1,0
32.6,51.8,2295,4095,0,944,0,1,0
32.6,51.8,2401,4095,0,947,0,1,0
32.6,51.8,2464,4095,0,944,0,1,0
32.6,51.8,2338,4095,0,939,0,1,0
32.6,51.7,2413,4095,0,961,0,1,0
32.6,51.7,2297,4095,0,944,0,1,0
32.6,51.7,2395,4095,0,939,0,1,0
32.6,51.7,2466,4095,0,951,0,1,0
32.6,51.7,2448,4095,0,945,0,1,0
32.6,51.7,2416,4095,0,945,0,1,0
32.6,51.7,2299,4095,0,944,0,1,0
32.6,51.7,2389,4095,0,944,0,1,0
32.6,51.7,2321,4095,0,944,0,1,0
32.6,51.7,2449,4095,0,935,0,1,0
32.6,51.7,2420,4095,0,942,0,1,0
32.6,51.7,2301,4095,0,944,0,1,0
32.6,51.7,2354,4095,0,944,0,1,0
32.6,51.7,2320,4095,0,942,0,1,0
32.6,51.7,2443,4095,0,935,0,1,0
32.6,51.7,2436,4095,0,944,0,1,0
32.6,51.7,2469,4095,0,938,0,1,0
32.6,51.7,2369,4095,0,938,0,1,0
32.6,51.7,2309,4095,0,943,0,1,0
32.6,51.7,2417,4095,0,934,0,1,0
32.6,51.6,2347,4095,0,941,0,1,0
32.6,51.6,2466,4095,0,941,0,1,0
32.6,51.6,2398,4095,0,933,0,1,0
32.6,51.6,2292,4095,0,931,0,1,0
32.6,51.6,2338,4095,0,946,0,1,0
32.6,51.6,2333,4095,0,938,0,1,0
32.6,51.6,2445,4095,0,943,0,1,0
32.6,51.6,2432,4095,0,935,0,1,0
32.6,51.6,2467,4095,0,937,0,1,0
32.6,51.6,2369,4095,0,931,0,1,0
32.6,51.6,2307,4095,0,930,0,1,0
32.6,51.6,2414,4095,0,942,0,1,0
32.6,51.6,2342,4095,0,945,0,1,0
32.6,51.6,2460,4095,0,927,0,1,0
32.6,51.6,2407,4095,0,939,0,1,0
32.6,51.6,2297,4095,0,938,0,1,0
32.6,51.6,2352,4095,0,927,0,1,0
32.6,51.6,2320,4095,0,944,0,1,0
32.6,51.6,2434,4095,0,927,0,1,0
32.6,51.6,2446,4095,0,926,0,1,0
32.6,51.6,2465,4095,0,933,0,1,0
32.6,51.6,2384,4095,0,935,0,1,0
32.6,51.6,2299,4095,0,921,0,1,0
32.6,51.6,2397,4095,0,932,0,1,0
32.6,51.6,2322,4095,0,939,0,1,0
32.6,51.6,2447,4095,0,926,0,1,0
32.6,51.6,2421,4095,0,930,0,1,0
32.6,51.6,2295,4095,0,930,0,1,0
32.6,51.6,2365,4095,0,928,0,1,0
32.6,51.6,2314,4095,0,932,0,1,0
32.6,51.6,2426,4095,0,939,0,1,0
32.6,51.6,2448,4095,0,928,0,1,0
32.6,51.6,2463,4095,0,931,0,1,0
32.6,51.6,2387,4095,0,932,0,1,0
32.6,51.6,2289,4095,0,929,0,1,0
32.6,51.6,2384,4095,0,929,0,1,0
32.6,51.6,2339,4095,0,935,0,1,0
32.6,51.6,2448,4095,0,931,0,1,0
32.6,51.6,2429,4095,0,924,0,1,0
32.6,51.6,2300,4095,0,930,0,1,0
32.6,51.6,2367,4095,0,930,0,1,0
32.6,51.6,2306,4095,0,922,0,1,0
32.6,51.6,2417,4095,0,930,0,1,0
32.6,51.6,2449,4095,0,926,0,1,0
32.6,51.6,2461,4095,0,921,0,1,0
32.6,51.6,2399,4095,0,935,0,1,0
32.6,51.6,2293,4095,0,917,0,1,0
32.6,51.6,2389,4095,0,930,0,1,0
32.6,51.6,2320,4095,0,919,0,1,0
32.6,51.6,2448,4095,0,930,0,1,0
32.6,51.6,2423,4095,0,921,0,1,0
32.6,51.6,2298,4095,0,922,0,1,0
32.6,51.6,2357,4095,0,923,0,1,0
32.6,51.6,2318,4095,0,927,0,1,0
32.6,51.6,2434,4095,0,923,0,1,0
32.6,51.6,2439,4095,0,918,0,1,0
32.6,51.6,2467,4095,0,927,0,1,0
32.6,51.6,2370,4095,0,917,0,1,0
32.6,51.6,2303,4095,0,923,0,1,0
32.6,51.6,2396,4095,0,926,0,1,0
32.6,51.6,2343,4095,0,930,0,1,0
32.6,51.6,2462,4095,0,931,0,1,0
32.6,51.6,2416,4095,0,927,0,1,0
32.6,51.6,2299,4095,0,917,0,1,0
32.6,51.6,2329,4095,0,925,0,1,0
32.6,51.6,2327,4095,0,917,0,1,0
32.6,51.6,2450,4095,0,852,0,1,0
32.6,51.6,2413,4095,0,919,0,1,0
32.6,51.6,2465,4095,0,918,0,1,0
32.6,51.6,2337,4095,0,915,0,1,0
32.6,51.6,2320,4095,0,918,0,1,0
32.6,51.6,2445,4095,0,915,0,1,0
32.6,51.5,2368,4095,0,911,0,1,0
32.6,51.5,2467,4095,0,919,0,1,0
32.6,51.5,2354,4095,0,915,0,1,0
32.6,51.5,2309,4095,0,916,0,1,0
32.6,51.5,2300,4095,0,915,0,1,0
32.6,51.5,2375,4095,0,923,0,1,0
32.6,51.5,2466,4095,0,917,0,1,0
32.6,51.5,2368,4095,0,911,0,1,0
32.6,51.5,2436,4095,0,918,0,1,0
32.6,51.5,2300,4095,0,921,0,1,0
32.6,51.5,2362,4095,0,915,0,1,0
32.6,51.5,2467,4095,0,915,0,1,0
32.6,51.5,2421,4095,0,918,0,1,0
32.6,51.5,2439,4095,0,922,0,1,0
32.6,51.5,2309,4095,0,918,0,1,0
32.6,51.5,2352,4095,0,912,0,1,0
32.6,51.5,2304,4095,0,914,0,1,0
32.6,51.5,2422,4095,0,921,0,1,0
32.6,51.5,2444,4095,0,912,0,1,0
32.6,51.5,2314,4095,0,912,0,1,0
32.6,51.5,2384,4095,0,915,0,1,0
32.6,51.5,2303,4095,0,913,0,1,0
32.6,51.5,2416,4095,0,912,0,1,0
32.6,51.5,2452,4095,0,943,0,1,0
32.6,51.5,2461,4095,0,917,0,1,0
32.6,51.5,2385,4095,0,912,0,1,0
32.6,51.5,2299,4095,0,885,0,1,0
32.6,51.5,2404,4095,0,910,0,1,0
32.6,51.5,2337,4095,0,912,0,1,0
32.6,51.5,2458,4095,0,914,0,1,0
32.6,51.5,2387,4095,0,914,0,1,0
32.6,51.5,2295,4095,0,912,0,1,0
32.6,51.5,2318,4095,0,912,0,1,0
32.6,51.5,2343,4095,0,913,0,1,0
32.6,51.5,2462,4095,0,910,0,1,0
32.6,51.5,2399,4095,0,917,0,1,0
32.6,51.5,2458,4095,0,906,0,1,0
32.6,51.5,2320,4095,0,912,0,1,0
32.6,51.5,2331,4095,0,912,0,1,0
32.6,51.5,2449,4095,0,908,0,1,0
32.6,51.5,2390,4095,0,912,0,1,0
32.6,51.5,2454,4095,0,899,0,1,0
32.6,51.5,2327,4095,0,907,0,1,0
32.6,51.5,2320,4095,0,901,0,1,0
32.6,51.5,2288,4095,0,917,0,1,0
32.6,51.5,2389,4095,0,911,0,1,0
32.6,51.5,2461,4095,0,895,0,1,0
32.6,51.5,2331,4095,0,906,0,1,0
32.6,51.5,2407,4095,0,914,0,1,0
32.6,51.5,2287,4095,0,909,0,1,0
32.6,51.5,2387,4095,0,901,0,1,0
32.6,51.5,2454,4095,0,907,0,1,0
32.6,51.5,2447,4095,0,906,0,1,0
32.6,51.5,2399,4095,0,907,0,1,0
32.6,51.5,2289,4095,0,901,0,1,0
32.6,51.5,2388,4095,0,905,0,1,0
32.6,51.5,2320,4095,0,897,0,1,0
32.6,51.5,2454,4095,0,897,0,1,0
32.6,51.5,2405,4095,0,907,0,1,0
32.6,51.5,2289,4095,0,901,0,1,0
32.6,51.5,2325,4095,0,906,0,1,0
32.6,51.5,2327,4095,0,903,0,1,0
32.6,51.5,2448,4095,0,901,0,1,0
32.6,51.5,2406,4095,0,908,0,1,0
32.6,51.5,2460,4095,0,911,0,1,0
32.6,51.5,2338,4095,0,903,0,1,0
32.6,51.5,2320,4095,0,901,0,1,0
32.6,51.5,2446,4095,0,900,0,1,0
32.6,51.5,2379,4095,0,905,0,1,0
32.6,51.5,2461,4095,0,919,0,1,0
32.6,51.5,2342,4095,0,907,0,1,0
32.6,51.5,2315,4095,0,906,0,1,0
32.6,51.4,2274,4095,0,903,0,1,0
32.6,51.4,2373,4095,0,895,0,1,0
32.6,51.4,2447,4095,0,893,0,1,0
32.6,51.4,2363,4095,0,897,0,1,0
32.6,51.4,2433,4095,0,895,0,1,0
32.6,51.4,2288,4095,0,899,0,1,0
32.6,51.4,2361,4095,0,913,0,1,0
32.6,51.4,2463,4095,0,901,0,1,0
32.6,51.5,2416,4095,0,901,0,1,0
32.6,51.5,2438,4095,0,951,0,1,0
32.6,51.5,2304,4095,0,898,0,1,0
32.6,51.5,2339,4095,0,899,0,1,0
32.6,51.5,2289,4095,0,900,0,1,0
32.6,51.5,2403,4095,0,901,0,1,0
32.6,51.5,2451,4095,0,898,0,1,0
32.6,51.5,2325,4095,0,902,0,1,0
32.6,51.5,2405,4095,0,900,0,1,0
32.6,51.5,2288,4095,0,895,0,1,0
32.6,51.5,2378,4095,0,859,0,1,0
32.6,51.5,2463,4095,0,896,0,1,0
32.6,51.5,2430,4095,0,899,0,1,0
32.6,51.5,2429,4095,0,896,0,1,0
32.6,51.5,2300,4095,0,900,0,1,0
32.6,51.5,2349,4095,0,897,0,1,0
32.6,51.5,2291,4095,0,905,0,1,0
32.6,51.5,2403,4095,0,896,0,1,0
32.6,51.5,2454,4095,0,897,0,1,0
32.6,51.5,2340,4095,0,895,0,1,0
32.6,51.5,2418,4095,0,896,0,1,0
32.6,51.5,2293,4095,0,898,0,1,0
32.6,51.5,2357,4095,0,892,0,1,0
32.6,51.5,2457,4095,0,896,0,1,0
32.6,51.5,2399,4095,0,922,0,1,0
32.6,51.5,2452,4095,0,897,0,1,0
32.6,51.5,2322,4095,0,897,0,1,0
32.6,51.5,2320,4095,0,892,0,1,0
32.6,51.5,2290,4095,0,897,0,1,0
32.6,51.5,2367,4095,0,889,0,1,0
32.6,51.5,2458,4095,0,890,0,1,0
32.6,51.5,2375,4095,0,898,0,1,0
32.6,51.6,2442,4095,0,896,0,1,0
32.6,51.6,2320,4095,0,896,0,1,0
32.6,51.6,2326,4095,0,896,0,1,0
32.6,51.6,2443,4095,0,892,0,1,0
32.6,51.6,2368,4095,0,896,0,1,0
32.6,51.6,2465,4095,0,883,0,1,0
32.6,51.6,2380,4095,0,881,0,1,0
32.6,51.6,2291,4095,0,895,0,1,0
32.6,51.6,2325,4095,0,895,0,1,0
32.6,51.6,2322,4095,0,885,0,1,0
32.6,51.6,2440,4095,0,891,0,1,0
32.6,51.6,2433,4095,0,885,0,1,0
32.6,51.6,2465,4095,0,894,0,1,0
32.6,51.6,2374,4095,0,890,0,1,0
32.6,51.6,2299,4095,0,895,0,1,0
32.6,51.6,2401,4095,0,890,0,1,0
32.6,51.9,2329,4095,0,891,0,1,0
32.6,51.9,2449,4095,0,888,0,1,0
32.6,51.9,2417,4095,0,890,0,1,0
32.6,51.9,2295,4095,0,890,0,1,0
32.6,51.8,2355,4095,0,887,0,1,0
32.6,51.8,2308,4095,0,884,0,1,0
32.6,51.8,2421,4095,0,887,0,1,0
32.6,51.8,2449,4095,0,887,0,1,0
32.6,51.7,2458,4095,0,891,0,1,0
32.6,51.7,2391,4095,0,895,0,1,0
32.6,51.7,2287,4095,0,887,0,1,0
32.6,51.7,2374,4095,0,890,0,1,0
32.6,51.7,2317,4095,0,894,0,1,0
32.6,51.7,2437,4095,0,885,0,1,0
32.6,51.7,2430,4095,0,893,0,1,0
32.6,51.7,2302,4095,0,882,0,1,0
32.6,51.6,2374,4095,0,885,0,1,0
32.6,51.6,2299,4095,0,883,0,1,0
32.6,51.6,2414,4095,0,880,0,1,0
32.6,51.6,2452,4095,0,893,0,1,0
32.6,51.6,2450,4095,0,887,0,1,0
32.6,51.6,2399,4095,0,887,0,1,0
32.6,51.6,2293,4095,0,881,0,1,0
32.6,51.6,2384,4095,0,1015,0,1,0
32.6,51.9,2317,4095,0,880,0,1,0
32.6,51.9,2445,4095,0,891,0,1,0
32.6,51.9,2423,4095,0,883,0,1,0
32.6,51.9,2299,4095,0,883,0,1,0
32.6,51.8,2363,4095,0,887,0,1,0
32.6,51.8,2307,4095,0,781,0,1,0
32.6,51.8,2423,4095,0,880,0,1,0
32.6,51.8,2447,4095,0,890,0,1,0
32.6,51.7,2461,4095,0,887,0,1,0
32.6,51.7,2397,4095,0,890,0,1,0
32.6,51.7,2291,4095,0,880,0,1,0
32.6,51.7,2383,4095,0,874,0,1,0
32.6,51.6,2319,4095,0,887,0,1,0
32.6,51.6,2440,4095,0,890,0,1,0
32.6,51.6,2431,4095,0,883,0,1,0
32.6,51.6,2303,4095,0,885,0,1,0
32.6,51.5,2384,4095,0,885,0,1,0
32.6,51.5,2301,4095,0,896,0,1,0
32.6,51.5,2414,4095,0,880,0,1,0
32.6,51.5,2458,4095,0,880,0,1,0
32.6,51.6,2454,4095,0,885,0,1,0
32.6,51.6,2405,4095,0,882,0,1,0
32.6,51.6,2294,4095,0,883,0,1,0
32.6,51.6,2382,4095,0,880,0,1,0
32.6,51.6,2315,4095,0,880,0,1,0
32.6,51.6,2445,4095,0,879,0,1,0
32.6,51.6,2427,4095,0,789,0,1,0
32.6,51.6,2301,4095,0,881,0,1,0
32.6,51.6,2368,4095,0,880,0,1,0
32.6,51.6,2310,4095,0,880,0,1,0
32.6,51.6,2425,4095,0,878,0,1,0
32.6,51.6,2446,4095,0,880,0,1,0
32.6,51.6,2461,4095,0,878,0,1,0
32.6,51.6,2380,4095,0,880,0,1,0
32.6,51.6,2299,4095,0,878,0,1,0
32.6,51.6,2411,4095,0,882,0,1,0
32.6,51.7,2345,4095,0,881,0,1,0
32.6,51.7,2461,4095,0,877,0,1,0
32.6,51.7,2384,4095,0,880,0,1,0
32.6,51.7,2294,4095,0,892,0,1,0
32.6,51.8,2317,4095,0,878,0,1,0
32.6,51.8,2346,4095,0,880,0,1,0
32.6,51.8,2458,4095,0,880,0,1,0
32.6,51.8,2395,4095,0,875,0,1,0
32.6,51.8,2448,4095,0,880,0,1,0
32.6,51.8,2311,4095,0,880,0,1,0
32.6,51.8,2343,4095,0,881,0,1,0
32.6,51.8,2455,4095,0,880,0,1,0
32.6,51.7,2407,4095,0,880,0,1,0
32.6,51.7,2448,4095,0,877,0,1,0
32.6,51.7,2320,4095,0,880,0,1,0
32.6,51.7,2346,4095,0,878,0,1,0
32.6,51.6,2300,4095,0,880,0,1,0
32.6,51.6,2416,4095,0,880,0,1,0
32.6,51.6,2444,4095,0,880,0,1,0
32.6,51.6,2305,4095,0,877,0,1,0
32.6,51.6,2373,4095,0,880,0,1,0
32.6,51.6,2306,4095,0,871,0,1,0
32.6,51.6,2427,4095,0,879,0,1,0
32.6,51.6,2432,4095,0,878,0,1,0
32.6,51.6,2458,4095,0,877,0,1,0
32.6,51.6,2336,4095,0,875,0,1,0
32.6,51.6,2330,4095,0,875,0,1,0
32.6,51.6,2451,4095,0,871,0,1,0
32.6,51.6,2405,4095,0,870,0,1,0
32.6,51.6,2446,4095,0,875,0,1,0
32.6,51.6,2305,4095,0,874,0,1,0
32.6,51.6,2366,4095,0,874,0,1,0
32.6,51.6,2311,4095,0,878,0,1,0
32.6,51.6,2448,4095,0,877,0,1,0
32.6,51.6,2410,4095,0,878,0,1,0
32.6,51.6,2299,4095,0,877,0,1,0
32.6,51.6,2318,4095,0,878,0,1,0
32.6,51.6,2355,4095,0,874,0,1,0
32.6,51.6,2470,4095,0,870,0,1,0
32.6,51.6,2361,4095,0,870,0,1,0
32.6,51.6,2421,4095,0,880,0,1,0
32.6,51.6,2301,4095,0,861,0,1,0
32.6,51.6,2407,4095,0,868,0,1,0
32.6,51.6,2450,4095,0,871,0,1,0
32.6,51.6,2459,4095,0,866,0,1,0
32.6,51.6,2354,4095,0,871,0,1,0
32.6,51.6,2317,4095,0,877,0,1,0
32.6,51.6,2448,4095,0,870,0,1,0
32.6,51.7,2397,4095,0,867,0,1,0
32.6,51.7,2448,4095,0,865,0,1,0
32.6,51.7,2309,4095,0,875,0,1,0
32.6,51.7,2362,4095,0,870,0,1,0
32.6,51.7,2311,4095,0,874,0,1,0
32.6,51.7,2448,4095,0,874,0,1,0
32.6,51.7,2413,4095,0,867,0,1,0
32.6,51.7,2278,4095,0,873,0,1,0
32.6,51.8,2313,4095,0,867,0,1,0
32.6,51.8,2359,4095,0,869,0,1,0
32.6,51.8,2461,4095,0,873,0,1,0
32.6,51.8,2356,4095,0,894,0,1,0
32.6,51.8,2413,4095,0,875,0,1,0
32.6,51.8,2276,4095,0,867,0,1,0
32.6,51.8,2414,4095,0,872,0,1,0
32.6,51.8,2448,4095,0,869,0,1,0
32.6,51.7,2467,4095,0,863,0,1,0
32.6,51.7,2354,4095,0,865,0,1,0
32.6,51.7,2320,4095,0,862,0,1,0
32.6,51.7,2422,4095,0,870,0,1,0
32.6,51.7,2399,4095,0,865,0,1,0
32.6,51.7,2448,4095,0,867,0,1,0
32.6,51.7,2310,4095,0,871,0,1,0
32.6,51.7,2359,4095,0,873,0,1,0
32.6,51.7,2314,4095,0,867,0,1,0
32.6,51.7,2448,4095,0,864,0,1,0
32.6,51.7,2416,4095,0,873,0,1,0
32.6,51.7,2297,4095,0,863,0,1,0
32.5,51.7,2320,4095,0,873,0,1,0
32.5,51.7,2354,4095,0,806,0,1,0
32.5,51.7,2471,4095,0,851,0,1,0
32.5,51.7,2368,4095,0,866,0,1,0
32.5,51.6,2431,4095,0,866,0,1,0
32.5,51.6,2302,4095,0,863,0,1,0
32.5,51.6,2400,4095,0,863,0,1,0
32.5,51.6,2458,4095,0,867,0,1,0
32.6,51.6,2462,4095,0,869,0,1,0
32.6,51.6,2365,4095,0,858,0,1,0
32.6,51.6,2320,4095,0,867,0,1,0
32.6,51.6,2453,4095,0,864,0,1,0
32.5,51.6,2402,4095,0,865,0,1,0
32.5,51.6,2448,4095,0,874,0,1,0
32.5,51.6,2305,4095,0,862,0,1,0
32.5,51.6,2365,4095,0,869,0,1,0
32.5,51.6,2325,4095,0,867,0,1,0
32.5,51.6,2463,4095,0,865,0,1,0
32.5,51.6,2384,4095,0,863,0,1,0
32.5,51.6,2310,4095,0,857,0,1,0
32.5,51.6,2299,4095,0,865,0,1,0
32.5,51.6,2402,4095,0,866,0,1,0
32.5,51.6,2449,4095,0,860,0,1,0
32.5,51.6,2307,4095,0,862,0,1,0
32.6,51.6,2354,4095,0,861,0,1,0
32.6,51.6,2338,4095,0,869,0,1,0
32.6,51.6,2463,4095,0,864,0,1,0
32.6,51.6,2373,4095,0,860,0,1,0
32.6,51.6,2426,4095,0,864,0,1,0
32.6,51.6,2295,4095,0,866,0,1,0
32.6,51.6,2410,4095,0,858,0,1,0
32.6,51.6,2443,4095,0,859,0,1,0
32.6,51.6,2465,4095,0,866,0,1,0
32.6,51.6,2326,4095,0,858,0,1,0
32.6,51.6,2349,4095,0,866,0,1,0
32.6,51.6,2467,4095,0,867,0,1,0
32.5,51.6,2445,4095,0,858,0,1,0
32.5,51.6,2416,4095,0,869,0,1,0
32.5,51.6,2305,4095,0,858,0,1,0
32.5,51.6,2439,4095,0,858,0,1,0
32.5,51.6,2389,4095,0,854,0,1,0
32.5,51.6,2447,4095,0,839,0,1,0
32.5,51.6,2301,4095,0,863,0,1,0
32.5,51.6,2398,4095,0,859,0,1,0
32.5,51.6,2346,4095,0,878,0,1,0
32.5,51.6,2462,4095,0,857,0,1,0
32.5,51.6,2331,4095,0,854,0,1,0
32.5,51.6,2353,4095,0,862,0,1,0
32.5,51.6,2314,4095,0,860,0,1,0
32.5,51.6,2461,4095,0,855,0,1,0
32.5,51.6,2363,4095,0,850,0,1,0
32.5,51.6,2330,4095,0,852,0,1,0
32.5,51.6,2301,4095,0,863,0,1,0
32.5,51.6,2438,4095,0,851,0,1,0
32.5,51.6,2384,4095,0,853,0,1,0
32.5,51.6,2311,4095,0,862,0,1,0
32.5,51.6,2298,4095,0,860,0,1,0
32.5,51.6,2439,4095,0,859,0,1,0
32.5,51.6,2402,4095,0,859,0,1,0
32.5,51.6,2307,4095,0,853,0,1,0
32.5,51.6,2297,4095,0,857,0,1,0
32.5,51.6,2432,4095,0,855,0,1,0
32.5,51.6,2411,4095,0,857,0,1,0
32.5,51.6,2306,4095,0,862,0,1,0
32.6,51.7,2295,4095,0,860,0,1,0
32.6,51.7,2427,4095,0,849,0,1,0
32.6,51.7,2409,4095,0,853,0,1,0
32.6,51.7,2302,4095,0,853,0,1,0
32.6,51.7,2295,4095,0,857,0,1,0
32.6,51.7,2427,4095,0,859,0,1,0
32.6,51.7,2415,4095,0,857,0,1,0
32.6,51.7,2302,4095,0,850,0,1,0
32.5,51.7,2288,4095,0,848,0,1,0
32.5,51.7,2418,4095,0,848,0,1,0
32.5,51.7,2415,4095,0,851,0,1,0
32.5,51.7,2298,4095,0,857,0,1,0
32.5,51.7,2293,4095,0,857,0,1,0
32.5,51.7,2411,4095,0,850,0,1,0
32.5,51.7,2422,4095,0,858,0,1,0
32.5,51.7,2299,4095,0,858,0,1,0
32.5,51.7,2295,4095,0,854,0,1,0
32.5,51.7,2431,4095,0,851,0,1,0
32.5,51.7,2432,4095,0,854,0,1,0
32.5,51.7,2294,4095,0,849,0,1,0
32.6,51.7,2301,4095,0,853,0,1,0
32.6,51.7,2403,4095,0,854,0,1,0
32.6,51.7,2429,4095,0,850,0,1,0
32.6,51.7,2291,4095,0,853,0,1,0
32.5,51.7,2299,4095,0,858,0,1,0
32.5,51.7,2403,4095,0,855,0,1,0
32.5,51.7,2427,4095,0,856,0,1,0
32.5,51.7,2293,4095,0,848,0,1,0
32.5,51.7,2298,4095,0,875,0,1,0
32.5,51.7,2413,4095,0,833,0,1,0
32.5,51.7,2426,4095,0,847,0,1,0
32.5,51.7,2299,4095,0,855,0,1,0
32.5,51.7,2295,4095,0,853,0,1,0
32.5,51.7,2420,4095,0,855,0,1,0
32.5,51.7,2416,4095,0,850,0,1,0
32.5,51.7,2303,4095,0,865,0,1,0
32.5,51.7,2298,4095,0,861,0,1,0
32.5,51.7,2432,4095,0,851,0,1,0
32.5,51.7,2401,4095,0,848,0,1,0
32.5,51.7,2311,4095,0,848,0,1,0
32.5,51.7,2301,4095,0,853,0,1,0
32.5,51.7,2446,4095,0,853,0,1,0
32.5,51.7,2384,4095,0,851,0,1,0
32.5,51.7,2322,4095,0,852,0,1,0
32.5,51.7,2305,4095,0,843,0,1,0
32.5,51.7,2461,4095,0,861,0,1,0
32.5,51.7,2368,4095,0,842,0,1,0
32.5,51.7,2342,4095,0,859,0,1,0
32.5,51.7,2320,4095,0,837,0,1,0
32.5,51.7,2467,4095,0,851,0,1,0
32.5,51.7,2346,4095,0,848,0,1,0
32.5,51.7,2357,4095,0,853,0,1,0
32.6,51.8,2335,4095,0,950,0,1,0
32.6,51.8,2469,4095,0,854,0,1,0
32.6,51.8,2323,4095,0,841,0,1,0
32.6,51.8,2371,4095,0,846,0,1,0
32.5,51.8,2348,4095,0,858,0,1,0
32.5,51.8,2465,4095,0,862,0,1,0
32.5,51.8,2311,4095,0,857,0,1,0
32.5,51.8,2394,4095,0,855,0,1,0
32.5,51.7,2363,4095,0,842,0,1,0
32.5,51.7,2459,4095,0,848,0,1,0
32.5,51.7,2304,4095,0,839,0,1,0
32.5,51.7,2410,4095,0,841,0,1,0
32.6,51.8,2384,4095,0,847,0,1,0
32.6,51.8,2445,4095,0,843,0,1,0
32.6,51.8,2295,4095,0,848,0,1,0
32.6,51.8,2425,4095,0,848,0,1,0
32.6,51.8,2406,4095,0,854,0,1,0
32.6,51.8,2423,4095,0,863,0,1,0
32.6,51.8,2301,4095,0,848,0,1,0
32.6,51.8,2445,4095,0,846,0,1,0
32.6,51.8,2427,4095,0,848,0,1,0
32.6,51.8,2403,4095,0,848,0,1,0
32.6,51.8,2317,4095,0,853,0,1,0
32.6,51.8,2459,4095,0,848,0,1,0
32.5,51.7,2447,4095,0,842,0,1,0
32.5,51.7,2374,4095,0,831,0,1,0
32.5,51.7,2331,4095,0,837,0,1,0
32.5,51.7,2467,4095,0,848,0,1,0
32.6,51.8,2465,4095,0,853,0,1,0
32.6,51.8,2344,4095,0,845,0,1,0
32.6,51.8,2352,4095,0,839,0,1,0
32.6,51.8,2465,4095,0,844,0,1,0
32.5,51.8,2469,4095,0,838,0,1,0
32.5,51.8,2313,4095,0,837,0,1,0
32.5,51.8,2384,4095,0,842,0,1,0
32.5,51.8,2444,4095,0,832,0,1,0
32.6,51.7,2457,4095,0,838,0,1,0
32.6,51.7,2300,4095,0,848,0,1,0
32.6,51.7,2416,4095,0,832,0,1,0
32.6,51.7,2420,4095,0,848,0,1,0
32.6,51.8,2437,4095,0,845,0,1,0
32.6,51.8,2303,4095,0,840,0,1,0
32.6,51.8,2445,4095,0,852,0,1,0
32.6,51.8,2383,4095,0,847,0,1,0
32.6,51.8,2399,4095,0,849,0,1,0
32.6,51.8,2320,4095,0,848,0,1,0
32.6,51.8,2467,4095,0,848,0,1,0
32.6,51.8,2342,4095,0,835,0,1,0
32.5,51.7,2368,4095,0,850,0,1,0
32.5,51.7,2352,4095,0,832,0,1,0
32.5,51.7,2469,4095,0,835,0,1,0
32.5,51.7,2310,4095,0,840,0,1,0
32.5,51.7,2323,4095,0,848,0,1,0
32.5,51.7,2385,4095,0,848,0,1,0
32.5,51.7,2447,4095,0,847,0,1,0
32.5,51.7,2298,4095,0,845,0,1,0
32.6,51.7,2303,4095,0,848,0,1,0
32.6,51.7,2427,4095,0,848,0,1,0
32.6,51.7,2411,4095,0,844,0,1,0
32.6,51.7,2316,4095,0,839,0,1,0
32.6,51.7,2304,4095,0,846,0,1,0
32.6,51.7,2459,4095,0,833,0,1,0
32.6,51.7,2372,4095,0,832,0,1,0
32.6,51.7,2347,4095,0,839,0,1,0
32.5,51.8,2325,4095,0,848,0,1,0
32.5,51.8,2465,4095,0,831,0,1,0
32.5,51.8,2321,4095,0,833,0,1,0
32.5,51.8,2384,4095,0,837,0,1,0
32.6,51.7,2358,4095,0,834,0,1,0
32.6,51.7,2457,4095,0,837,0,1,0
32.6,51.7,2302,4095,0,838,0,1,0
32.6,51.7,2419,4095,0,832,0,1,0
32.5,51.7,2399,4095,0,848,0,1,0
32.5,51.7,2429,4095,0,838,0,1,0
32.5,51.7,2307,4095,0,843,0,1,0
32.5,51.7,2462,4095,0,826,0,1,0
32.5,51.7,2440,4095,0,827,0,1,0
32.5,51.7,2384,4095,0,843,0,1,0
32.5,51.7,2331,4095,0,837,0,1,0
32.5,51.7,2454,4095,0,833,0,1,0
32.5,51.7,2463,4095,0,842,0,1,0
32.5,51.7,2338,4095,0,834,0,1,0
32.5,51.7,2369,4095,0,832,0,1,0
32.5,51.7,2461,4095,0,823,0,1,0
32.6,51.7,2468,4095,0,819,0,1,0
32.6,51.7,2308,4095,0,846,0,1,0
32.6,51.7,2401,4095,0,887,0,1,0
32.6,51.7,2438,4095,0,838,0,1,0
32.6,51.7,2452,4095,0,833,0,1,0
32.6,51.7,2304,4095,0,869,0,1,0
32.6,51.7,2430,4095,0,833,0,1,0
32.6,51.7,2411,4095,0,835,0,1,0
32.6,51.7,2432,4095,0,822,0,1,0
32.6,51.7,2305,4095,0,830,0,1,0
32.6,51.7,2448,4095,0,843,0,1,0
32.6,51.7,2380,4095,0,829,0,1,0
32.6,51.8,2404,4095,0,834,0,1,0
32.6,51.8,2302,4095,0,832,0,1,0
32.6,51.8,2465,4095,0,838,0,1,0
32.6,51.8,2352,4095,0,828,0,1,0
32.5,51.8,2381,4095,0,839,0,1,0
32.5,51.8,2334,4095,0,830,0,1,0
32.5,51.8,2474,4095,0,846,0,1,0
32.5,51.8,2334,4095,0,841,0,1,0
32.5,51.8,2358,4095,0,832,0,1,0
32.5,51.8,2355,4095,0,832,0,1,0
32.5,51.8,2469,4095,0,839,0,1,0
32.5,51.8,2311,4095,0,812,0,1,0
32.5,51.8,2333,4095,0,836,0,1,0
32.5,51.8,2375,4095,0,831,0,1,0
32.5,51.8,2451,4095,0,839,0,1,0
32.5,51.8,2303,4095,0,834,0,1,0
32.6,51.8,2314,4095,0,832,0,1,0
32.6,51.8,2389,4095,0,830,0,1,0
32.6,51.8,2446,4095,0,816,0,1,0
32.6,51.8,2301,4095,0,837,0,1,0
32.5,51.9,2303,4095,0,845,0,1,0
32.5,51.9,2415,4095,0,830,0,1,0
32.5,51.9,2431,4095,0,832,0,1,0
32.5,51.9,2306,4095,0,835,0,1,0
32.6,51.8,2297,4095,0,827,0,1,0
32.6,51.8,2433,4095,0,839,0,1,0
32.6,51.8,2403,4095,0,826,0,1,0
32.6,51.8,2317,4095,0,846,0,1,0
32.6,51.9,2303,4095,0,833,0,1,0
32.6,51.9,2450,4095,0,816,0,1,0
32.6,51.9,2374,4095,0,838,0,1,0
32.6,51.9,2334,4095,0,839,0,1,0
32.6,51.9,2316,4095,0,833,0,1,0
32.6,51.9,2465,4095,0,842,0,1,0
32.6,51.9,2342,4095,0,840,0,1,0
32.6,51.9,2359,4095,0,843,0,1,0
32.5,51.9,2338,4095,0,839,0,1,0
32.5,51.9,2467,4095,0,842,0,1,0
32.5,51.9,2317,4095,0,833,0,1,0
32.5,51.9,2388,4095,0,830,0,1,0
32.5,51.9,2368,4095,0,823,0,1,0
32.5,51.9,2460,4095,0,830,0,1,0
32.5,51.9,2299,4095,0,845,0,1,0
32.5,51.9,2390,4095,0,841,0,1,0
32.6,51.9,2384,4095,0,842,0,1,0
32.6,51.9,2439,4095,0,837,0,1,0
32.6,51.9,2295,4095,0,843,0,1,0
32.6,51.9,2433,4095,0,834,0,1,0
32.5,51.9,2402,4095,0,830,0,1,0
32.5,51.9,2416,4095,0,817,0,1,0
32.5,51.9,2305,4095,0,834,0,1,0
32.5,51.9,2449,4095,0,845,0,1,0
32.5,51.9,2437,4095,0,832,0,1,0
32.5,51.9,2377,4095,0,833,0,1,0
32.5,51.9,2320,4095,0,820,0,1,0
32.5,51.9,2466,4095,0,843,0,1,0
32.5,51.9,2453,4095,0,847,0,1,0
32.5,51.9,2373,4095,0,938,0,1,0
32.5,51.9,2335,4095,0,843,0,1,0
32.5,51.9,2471,4095,0,837,0,1,0
32.5,51.9,2463,4095,0,817,0,1,0
32.5,51.9,2353,4095,0,828,0,1,0
32.5,51.9,2350,4095,0,827,0,1,0
32.5,51.9,2469,4095,0,833,0,1,0
32.5,51.9,2467,4095,0,825,0,1,0
32.5,51.9,2339,4095,0,819,0,1,0
32.5,51.9,2364,4095,0,823,0,1,0
32.5,51.9,2463,4095,0,834,0,1,0
32.5,51.9,2466,4095,0,817,0,1,0
32.5,51.9,2325,4095,0,837,0,1,0
32.5,51.9,2368,4095,0,827,0,1,0
32.5,51.9,2458,4095,0,816,0,1,0
32.5,51.8,2470,4095,0,830,0,1,0
32.5,51.8,2317,4095,0,828,0,1,0
32.5,51.8,2384,4095,0,848,0,1,0
32.5,51.8,2449,4095,0,829,0,1,0
32.6,51.8,2464,4095,0,832,0,1,0
32.6,51.8,2306,4095,0,830,0,1,0
32.6,51.8,2391,4095,0,822,0,1,0
32.6,51.8,2443,4095,0,832,0,1,0
32.5,51.8,2457,4095,0,822,0,1,0
32.5,51.8,2302,4095,0,827,0,1,0
32.5,51.8,2399,4095,0,824,0,1,0
32.5,51.8,2435,4095,0,823,0,1,0
32.5,51.9,2449,4095,0,827,0,1,0
32.5,51.9,2299,4095,0,832,0,1,0
32.5,51.9,2413,4095,0,829,0,1,0
32.5,51.9,2429,4095,0,817,0,1,0
32.5,51.9,2438,4095,0,831,0,1,0
32.5,51.9,2311,4095,0,831,0,1,0
32.5,51.9,2429,4095,0,845,0,1,0
32.5,51.9,2416,4095,0,833,0,1,0
32.5,51.9,2434,4095,0,821,0,1,0
32.5,51.9,2288,4095,0,819,0,1,0
32.5,51.9,2428,4095,0,820,0,1,0
32.5,51.9,2406,4095,0,816,0,1,0
32.5,51.9,2427,4095,0,816,0,1,0
32.5,51.9,2296,4095,0,841,0,1,0
32.5,51.9,2432,4095,0,834,0,1,0
32.5,51.9,2400,4095,0,822,0,1,0
32.5,52.0,2430,4095,0,826,0,1,0
32.5,52.0,2300,4095,0,692,0,1,0
32.5,52.0,2442,4095,0,816,0,1,0
32.5,52.0,2390,4095,0,831,0,1,0
32.5,52.0,2429,4095,0,816,0,1,0
32.5,52.0,2301,4095,0,830,0,1,0
32.5,52.0,2445,4095,0,817,0,1,0
32.5,52.0,2384,4095,0,828,0,1,0
32.5,51.9,2412,4095,0,817,0,1,0
32.5,51.9,2301,4095,0,821,0,1,0
32.5,51.9,2448,4095,0,821,0,1,0
32.5,51.9,2381,4095,0,831,0,1,0
32.5,51.9,2410,4095,0,817,0,1,0
32.5,51.9,2304,4095,0,833,0,1,0
32.5,51.9,2448,4095,0,821,0,1,0
32.5,51.9,2387,4095,0,814,0,1,0
32.5,51.9,2405,4095,0,821,0,1,0
32.5,51.9,2304,4095,0,832,0,1,0
32.5,51.9,2447,4095,0,831,0,1,0
32.5,51.9,2378,4095,0,833,0,1,0
32.5,51.9,2406,4095,0,827,0,1,0
32.5,51.9,2303,4095,0,832,0,1,0
32.5,51.9,2448,4095,0,832,0,1,0
32.5,51.9,2380,4095,0,835,0,1,0
32.5,51.9,2409,4095,0,834,0,1,0
32.5,51.9,2299,4095,0,821,0,1,0
32.5,51.9,2437,4095,0,829,0,1,0
32.5,51.9,2387,4095,0,832,0,1,0
32.5,51.9,2419,4095,0,816,0,1,0
32.5,51.9,2290,4095,0,800,0,1,0
32.5,51.9,2425,4095,0,830,0,1,0
32.5,51.9,2407,4095,0,822,0,1,0
32.5,51.9,2433,4095,0,819,0,1,0
32.5,51.9,2288,4095,0,826,0,1,0
32.5,51.9,2411,4095,0,835,0,1,0
32.5,51.9,2419,4095,0,822,0,1,0
32.5,51.9,2447,4095,0,827,0,1,0
32.5,51.9,2293,4095,0,832,0,1,0
32.5,51.9,2384,4095,0,832,0,1,0
32.5,51.9,2438,4095,0,825,0,1,0
32.5,51.9,2453,4095,0,822,0,1,0
32.5,51.9,2304,4095,0,837,0,1,0
32.5,51.9,2363,4095,0,820,0,1,0
32.5,51.9,2450,4095,0,830,0,1,0
32.5,51.9,2457,4095,0,824,0,1,0
32.5,51.9,2323,4095,0,835,0,1,0
32.5,51.9,2342,4095,0,827,0,1,0
32.5,51.9,2458,4095,0,831,0,1,0
32.5,51.9,2454,4095,0,847,0,1,0
32.5,51.9,2343,4095,0,816,0,1,0
32.5,51.9,2326,4095,0,833,0,1,0
32.5,51.9,2458,4095,0,815,0,1,0
32.5,51.9,2447,4095,0,836,0,1,0
32.5,51.9,2366,4095,0,821,0,1,0
32.5,51.9,2314,4095,0,820,0,1,0
32.5,51.9,2453,4095,0,818,0,1,0
32.5,51.9,2439,4095,0,821,0,1,0
32.5,51.9,2384,4095,0,832,0,1,0
32.5,51.9,2305,4095,0,817,0,1,0
32.5,51.9,2441,4095,0,805,0,1,0
32.6,51.9,2403,4095,0,825,0,1,0
32.6,51.9,2412,4095,0,815,0,1,0
32.6,51.9,2288,4095,0,784,0,1,0
32.6,51.9,2423,4095,0,817,0,1,0
32.5,51.9,2386,4095,0,825,0,1,0
32.5,51.9,2433,4095,0,813,0,1,0
32.5,51.9,2288,4095,0,817,0,1,0
32.5,51.9,2390,4095,0,814,0,1,0
32.5,51.9,2362,4095,0,816,0,1,0
32.5,51.9,2448,4095,0,819,0,1,0
32.5,51.9,2305,4095,0,845,0,1,0
32.5,51.9,2366,4095,0,820,0,1,0
32.5,51.9,2333,4095,0,822,0,1,0
32.5,51.9,2459,4095,0,822,0,1,0
32.5,51.9,2335,4095,0,816,0,1,0
32.5,51.9,2335,4095,0,821,0,1,0
32.5,51.9,2304,4095,0,823,0,1,0
32.5,51.9,2448,4095,0,805,0,1,0
32.5,51.9,2378,4095,0,807,0,1,0
32.5,51.9,2314,4095,0,807,0,1,0
32.5,51.9,2295,4095,0,818,0,1,0
32.5,51.9,2431,4095,0,827,0,1,0
32.5,51.9,2416,4095,0,816,0,1,0
32.5,51.9,2297,4095,0,828,0,1,0
32.5,51.9,2293,4095,0,819,0,1,0
32.5,51.9,2400,4095,0,820,0,1,0
32.5,51.9,2441,4095,0,827,0,1,0
32.5,51.9,2293,4095,0,813,0,1,0
32.5,51.9,2309,4095,0,812,0,1,0
32.5,51.9,2363,4095,0,825,0,1,0
32.5,51.9,2448,4095,0,830,0,1,0
32.5,51.9,2304,4095,0,819,0,1,0
32.5,51.9,2331,4095,0,813,0,1,0
32.5,51.9,2334,4095,0,806,0,1,0
32.5,51.9,2459,4095,0,817,0,1,0
32.5,51.9,2325,4095,0,811,0,1,0
32.6,51.9,2371,4095,0,816,0,1,0
32.6,51.9,2302,4095,0,816,0,1,0
32.6,51.9,2448,4095,0,832,0,1,0
32.6,51.9,2363,4095,0,830,0,1,0
32.5,51.9,2400,4095,0,810,0,1,0
32.5,51.9,2282,4095,0,814,0,1,0
32.5,51.9,2419,4095,0,816,0,1,0
32.5,51.9,2389,4095,0,814,0,1,0
32.5,51.9,2423,4095,0,821,0,1,0
32.5,51.9,2283,4095,0,821,0,1,0
32.5,51.9,2394,4095,0,808,0,1,0
32.5,51.9,2430,4095,0,816,0,1,0
32.6,51.9,2448,4095,0,817,0,1,0
32.6,51.9,2299,4095,0,813,0,1,0
32.6,51.9,2363,4095,0,814,0,1,0
32.6,51.9,2448,4095,0,804,0,1,0
32.5,51.9,2455,4095,0,813,0,1,0
32.5,51.9,2341,4095,0,816,0,1,0
32.5,51.9,2331,4095,0,807,0,1,0
32.5,51.9,2463,4095,0,811,0,1,0
32.5,51.9,2446,4095,0,831,0,1,0
32.5,51.9,2383,4095,0,803,0,1,0
32.5,51.9,2303,4095,0,823,0,1,0
32.5,51.9,2446,4095,0,816,0,1,0
32.6,51.9,2405,4095,0,807,0,1,0
32.6,51.9,2425,4095,0,816,0,1,0
32.6,51.9,2288,4095,0,813,0,1,0
32.6,51.9,2411,4095,0,815,0,1,0
32.5,51.8,2365,4095,0,819,0,1,0
32.5,51.8,2449,4095,0,815,0,1,0
32.5,51.8,2299,4095,0,818,0,1,0
32.5,51.8,2368,4095,0,810,0,1,0
32.5,51.9,2335,4095,0,816,0,1,0
32.5,51.9,2459,4095,0,821,0,1,0
32.5,51.9,2332,4095,0,817,0,1,0
32.5,51.9,2333,4095,0,823,0,1,0
32.5,51.9,2304,4095,0,815,0,1,0
32.5,51.9,2450,4095,0,815,0,1,0
32.5,51.9,2375,4095,0,805,0,1,0
32.5,51.9,2314,4095,0,810,0,1,0
32.5,51.8,2291,4095,0,816,0,1,0
32.5,51.8,2427,4095,0,832,0,1,0
32.5,51.8,2416,4095,0,822,0,1,0
32.5,51.8,2291,4095,0,813,0,1,0
32.6,51.9,2298,4095,0,815,0,1,0
32.6,51.9,2387,4095,0,807,0,1,0
32.6,51.9,2448,4095,0,806,0,1,0
32.6,51.9,2302,4095,0,820,0,1,0
32.5,51.9,2331,4095,0,813,0,1,0
32.5,51.9,2349,4095,0,799,0,1,0
32.5,51.9,2466,4095,0,815,0,1,0
32.5,51.9,2342,4095,0,816,0,1,0
32.6,51.9,2391,4095,0,815,0,1,0
32.6,51.9,2310,4095,0,809,0,1,0
32.6,51.9,2445,4095,0,806,0,1,0
32.6,51.9,2405,4095,0,810,0,1,0
32.5,51.6,2446,4095,0,816,0,1,0
32.5,51.6,2283,4095,0,816,0,1,0
32.5,51.6,2395,4095,0,821,0,1,0
32.5,51.6,2449,4095,0,809,0,1,0
32.5,51.3,2465,4095,0,812,0,1,0
32.5,51.3,2335,4095,0,813,0,1,0
32.5,51.3,2339,4095,0,810,0,1,0
32.5,51.3,2467,4095,0,809,0,1,0
32.6,51.2,2439,4095,0,811,0,1,0
32.6,51.2,2399,4095,0,810,0,1,0
32.6,51.2,2299,4095,0,816,0,1,0
32.6,51.2,2437,4095,0,821,0,1,0
32.6,51.3,2394,4095,0,815,0,1,0
32.6,51.3,2446,4095,0,807,0,1,0
32.6,51.3,2295,4095,0,803,0,1,0
32.6,51.3,2384,4095,0,805,0,1,0
32.6,51.5,2344,4095,0,806,0,1,0
32.6,51.5,2467,4095,0,808,0,1,0
32.6,51.5,2341,4095,0,817,0,1,0
32.6,51.5,2341,4095,0,816,0,1,0
32.6,51.6,2304,4095,0,809,0,1,0
32.6,51.6,2450,4095,0,796,0,1,0
32.6,51.6,2391,4095,0,816,0,1,0
32.6,51.6,2307,4095,0,805,0,1,0
32.6,51.7,2296,4095,0,806,0,1,0
32.6,51.7,2411,4095,0,731,0,1,0
32.6,51.7,2438,4095,0,814,0,1,0
32.6,51.7,2295,4095,0,811,0,1,0
32.6,51.8,2320,4095,0,816,0,1,0
32.6,51.8,2353,4095,0,795,0,1,0
32.6,51.8,2463,4095,0,811,0,1,0
32.6,51.8,2334,4095,0,813,0,1,0
32.6,51.8,2384,4095,0,814,0,1,0
32.6,51.8,2309,4095,0,816,0,1,0
32.6,51.8,2446,4095,0,813,0,1,0
32.6,51.8,2401,4095,0,801,0,1,0
32.6,51.8,2438,4095,0,807,0,1,0
32.6,51.8,2295,4095,0,816,0,1,0
32.6,51.8,2391,4095,0,800,0,1,0
32.6,51.8,2453,4095,0,810,0,1,0
32.6,51.8,2466,4095,0,741,0,1,0
32.6,51.8,2350,4095,0,814,0,1,0
32.6,51.8,2326,4095,0,815,0,1,0
32.6,51.8,2459,4095,0,805,0,1,0
32.6,51.8,2423,4095,0,802,0,1,0
32.6,51.8,2422,4095,0,794,0,1,0
32.6,51.8,2298,4095,0,806,0,1,0
32.6,51.8,2403,4095,0,798,0,1,0
32.6,51.9,2351,4095,0,815,0,1,0
32.6,51.9,2473,4095,0,805,0,1,0
32.6,51.9,2352,4095,0,813,0,1,0
32.6,51.9,2327,4095,0,815,0,1,0
32.6,51.8,2300,4095,0,801,0,1,0
32.6,51.8,2423,4095,0,813,0,1,0
32.6,51.8,2439,4095,0,803,0,1,0
32.6,51.8,2301,4095,0,795,0,1,0
32.6,51.9,2349,4095,0,890,0,1,0
32.6,51.9,2337,4095,0,803,0,1,0
32.6,51.9,2460,4095,0,791,0,1,0
32.6,51.9,2389,4095,0,809,0,1,0
32.6,51.9,2448,4095,0,797,0,1,0
32.6,51.9,2301,4095,0,804,0,1,0
32.6,51.9,2380,4095,0,806,0,1,0
32.6,51.9,2467,4095,0,816,0,1,0
32.6,51.9,2455,4095,0,802,0,1,0
32.6,51.9,2397,4095,0,814,0,1,0
32.6,51.9,2303,4095,0,809,0,1,0
32.6,51.9,2416,4095,0,810,0,1,0
32.6,51.9,2357,4095,0,826,0,1,0
32.6,51.9,2474,4095,0,810,0,1,0
32.6,51.9,2363,4095,0,811,0,1,0
32.6,51.9,2320,4095,0,807,0,1,0
32.6,51.9,2299,4095,0,839,0,1,0
32.6,51.9,2399,4095,0,807,0,1,0
32.6,51.9,2468,4095,0,795,0,1,0
32.6,51.9,2324,4095,0,807,0,1,0
32.6,51.9,2389,4095,0,802,0,1,0
32.6,51.9,2308,4095,0,810,0,1,0
32.6,51.9,2437,4095,0,780,0,1,0
32.6,51.9,2433,4095,0,814,0,1,0
32.6,51.9,2467,4095,0,810,0,1,0
32.6,51.9,2338,4095,0,839,0,1,0
32.6,51.9,2337,4095,0,811,0,1,0
32.6,51.9,2458,4095,0,818,0,1,0
32.6,51.8,2417,4095,0,810,0,1,0
32.6,51.8,2445,4095,0,809,0,1,0
32.6,51.8,2307,4095,0,810,0,1,0
32.6,51.8,2370,4095,0,813,0,1,0
32.6,51.8,2321,4095,0,803,0,1,0
32.6,51.8,2453,4095,0,821,0,1,0
32.6,51.8,2415,4095,0,812,0,1,0
32.6,51.8,2299,4095,0,798,0,1,0
32.6,51.8,2319,4095,0,805,0,1,0
32.6,51.8,2355,4095,0,800,0,1,0
32.6,51.8,2470,4095,0,797,0,1,0
32.6,51.8,2370,4095,0,816,0,1,0
32.6,51.8,2429,4095,0,797,0,1,0
32.6,51.8,2300,4095,0,798,0,1,0
32.6,51.8,2394,4095,0,791,0,1,0
32.6,51.8,2464,4095,0,806,0,1,0
32.6,51.8,2465,4095,0,803,0,1,0
32.6,51.8,2383,4095,0,791,0,1,0
32.6,51.8,2309,4095,0,806,0,1,0
32.6,51.8,2433,4095,0,793,0,1,0
32.6,51.8,2384,4095,0,805,0,1,0
32.6,51.8,2465,4095,0,801,0,1,0
32.6,51.8,2327,4095,0,795,0,1,0
32.6,51.8,2342,4095,0,803,0,1,0
32.6,51.8,2307,4095,0,809,0,1,0
32.6,51.8,2437,4095,0,795,0,1,0
32.6,51.8,2429,4095,0,813,0,1,0
32.6,51.8,2299,4095,0,800,0,1,0
32.6,51.8,2325,4095,0,790,0,1,0
32.6,51.8,2345,4095,0,955,0,1,0
32.6,51.8,2471,4095,0,800,0,1,0
32.6,51.8,2374,4095,0,801,0,1,0
32.6,51.8,2427,4095,0,803,0,1,0
32.6,51.8,2295,4095,0,785,0,1,0
32.6,51.8,2391,4095,0,801,0,1,0
32.6,51.8,2459,4095,0,795,0,1,0
32.6,51.8,2465,4095,0,801,0,1,0
32.6,51.8,2371,4095,0,802,0,1,0
32.6,51.8,2309,4095,0,806,0,1,0
32.6,51.8,2434,4095,0,697,0,1,0
32.6,51.8,2384,4095,0,805,0,1,0
32.6,51.8,2463,4095,0,807,0,1,0
32.6,51.8,2326,4095,0,800,0,1,0
32.6,51.8,2343,4095,0,800,0,1,0
32.6,51.8,2306,4095,0,806,0,1,0
32.6,51.8,2434,4095,0,790,0,1,0
32.6,51.8,2433,4095,0,811,0,1,0
32.6,51.8,2298,4095,0,798,0,1,0
32.6,51.7,2327,4095,0,779,0,1,0
32.6,51.7,2346,4095,0,800,0,1,0
32.6,51.7,2466,4095,0,827,0,1,0
32.6,51.7,2380,4095,0,798,0,1,0
32.6,51.7,2430,4095,0,803,0,1,0
32.6,51.7,2295,4095,0,798,0,1,0
32.6,51.7,2400,4095,0,803,0,1,0
32.6,51.7,2454,4095,0,797,0,1,0
32.6,51.7,2470,4095,0,794,0,1,0
32.6,51.7,2354,4095,0,797,0,1,0
32.6,51.7,2326,4095,0,807,0,1,0
32.6,51.7,2459,4095,0,786,0,1,0
32.6,51.7,2416,4095,0,807,0,1,0
32.6,51.7,2437,4095,0,797,0,1,0
32.6,51.7,2294,4095,0,797,0,1,0
32.6,51.7,2387,4095,0,803,0,1,0
32.6,51.7,2340,4095,0,801,0,1,0
32.6,51.7,2467,4095,0,807,0,1,0
32.6,51.7,2368,4095,0,791,0,1,0
32.6,51.7,2319,4095,0,797,0,1,0
32.6,51.7,2295,4095,0,817,0,1,0
32.6,51.7,2415,4095,0,806,0,1,0
32.6,51.7,2448,4095,0,775,0,1,0
32.6,51.7,2304,4095,0,803,0,1,0
32.6,51.7,2352,4095,0,791,0,1,0
32.6,51.7,2334,4095,0,799,0,1,0
32.6,51.7,2463,4095,0,807,0,1,0
32.6,51.7,2385,4095,0,809,0,1,0
32.6,51.7,2433,4095,0,798,0,1,0
32.6,51.7,2291,4095,0,814,0,1,0
32.6,51.7,2395,4095,0,795,0,1,0
32.6,51.7,2461,4095,0,800,0,1,0
32.6,51.7,2469,4095,0,799,0,1,0
32.6,51.7,2353,4095,0,797,0,1,0
32.6,51.7,2324,4095,0,801,0,1,0
32.6,51.7,2458,4095,0,800,0,1,0
32.6,51.7,2416,4095,0,787,0,1,0
32.6,51.7,2457,4095,0,800,0,1,0
32.6,51.7,2293,4095,0,798,0,1,0
32.6,51.7,2389,4095,0,802,0,1,0
32.6,51.7,2340,4095,0,813,0,1,0
32.6,51.7,2467,4095,0,760,0,1,0
32.6,51.7,2359,4095,0,799,0,1,0
32.6,51.7,2320,4095,0,795,0,1,0
32.6,51.7,2293,4095,0,797,0,1,0
32.6,51.7,2430,4095,0,799,0,1,0
32.6,51.7,2434,4095,0,796,0,1,0
32.6,51.7,2304,4095,0,800,0,1,0
32.6,51.7,2327,4095,0,803,0,1,0
32.6,51.7,2352,4095,0,803,0,1,0
32.6,51.7,2467,4095,0,807,0,1,0
32.6,51.7,2347,4095,0,789,0,1,0
32.6,51.6,2416,4095,0,784,0,1,0
32.6,51.6,2302,4095,0,786,0,1,0
32.6,51.6,2429,4095,0,786,0,1,0
32.6,51.6,2429,4095,0,807,0,1,0
32.6,51.6,2461,4095,0,795,0,1,0
32.6,51.6,2308,4095,0,801,0,1,0
32.6,51.6,2367,4095,0,807,0,1,0
32.6,51.6,2467,4095,0,790,0,1,0
32.6,51.6,2458,4095,0,786,0,1,0
32.6,51.6,2378,4095,0,802,0,1,0
32.6,51.6,2316,4095,0,796,0,1,0
32.6,51.6,2448,4095,0,784,0,1,0
32.6,51.6,2409,4095,0,804,0,1,0
32.6,51.6,2433,4095,0,797,0,1,0
32.6,51.6,2294,4095,0,787,0,1,0
32.6,51.6,2397,4095,0,794,0,1,0
32.6,51.6,2353,4095,0,809,0,1,0
32.6,51.6,2467,4095,0,783,0,1,0
32.6,51.6,2333,4095,0,797,0,1,0
32.6,51.6,2347,4095,0,805,0,1,0
32.6,51.6,2309,4095,0,787,0,1,0
32.6,51.6,2451,4095,0,795,0,1,0
32.6,51.6,2398,4095,0,806,0,1,0
32.6,51.6,2303,4095,0,794,0,1,0
32.6,51.6,2297,4095,0,790,0,1,0
32.6,51.6,2401,4095,0,785,0,1,0
32.6,51.6,2447,4095,0,790,0,1,0
32.6,51.6,2302,4095,0,788,0,1,0
32.7,51.6,2337,4095,0,805,0,1,0
32.7,51.6,2347,4095,0,789,0,1,0
32.7,51.6,2469,4095,0,805,0,1,0
32.7,51.6,2349,4095,0,788,0,1,0
32.7,51.6,2397,4095,0,784,0,1,0
32.7,51.6,2307,4095,0,797,0,1,0
32.7,51.6,2443,4095,0,796,0,1,0
32.7,51.6,2410,4095,0,797,0,1,0
32.7,51.6,2446,4095,0,794,0,1,0
32.7,51.6,2298,4095,0,786,0,1,0
32.7,51.6,2392,4095,0,791,0,1,0
32.7,51.6,2451,4095,0,743,0,1,0
32.6,51.6,2469,4095,0,797,0,1,0
32.6,51.6,2335,4095,0,781,0,1,0
32.6,51.6,2342,4095,0,794,0,1,0
32.6,51.6,2467,4095,0,798,0,1,0
32.6,51.6,2443,4095,0,791,0,1,0
32.6,51.6,2393,4095,0,799,0,1,0
32.6,51.6,2305,4095,0,784,0,1,0
32.6,51.6,2449,4095,0,779,0,1,0
32.6,51.6,2398,4095,0,801,0,1,0
32.6,51.6,2443,4095,0,779,0,1,0
32.6,51.6,2294,4095,0,791,0,1,0
32.6,51.6,2394,4095,0,784,0,1,0
32.6,51.6,2351,4095,0,800,0,1,0
32.6,51.6,2466,4095,0,794,0,1,0
32.6,51.6,2330,4095,0,796,0,1,0
32.6,51.6,2350,4095,0,787,0,1,0
32.6,51.6,2309,4095,0,791,0,1,0
32.6,51.6,2457,4095,0,803,0,1,0
32.6,51.6,2384,4095,0,789,0,1,0
32.6,51.6,2313,4095,0,784,0,1,0
32.6,51.6,2292,4095,0,777,0,1,0
32.6,51.6,2421,4095,0,798,0,1,0
32.6,51.6,2433,4095,0,798,0,1,0
32.6,51.6,2293,4095,0,787,0,1,0
32.6,51.6,2315,4095,0,784,0,1,0
32.6,51.6,2365,4095,0,794,0,1,0
32.6,51.6,2455,4095,0,795,0,1,0
32.6,51.6,2323,4095,0,874,0,1,0
32.7,51.6,2374,4095,0,801,0,1,0
32.7,51.6,2318,4095,0,793,0,1,0
32.7,51.6,2452,4095,0,795,0,1,0
32.7,51.6,2389,4095,0,786,0,1,0
32.6,51.6,2434,4095,0,784,0,1,0
32.6,51.6,2294,4095,0,790,0,1,0
32.6,51.6,2406,4095,0,784,0,1,0
32.6,51.6,2448,4095,0,789,0,1,0
32.7,51.6,2470,4095,0,781,0,1,0
32.7,51.6,2334,4095,0,784,0,1,0
32.7,51.6,2336,4095,0,797,0,1,0
32.7,51.6,2464,4095,0,794,0,1,0
32.7,51.7,2431,4095,0,766,0,1,0
32.7,51.7,2417,4095,0,799,0,1,0
32.7,51.7,2294,4095,0,784,0,1,0
32.7,51.7,2406,4095,0,787,0,1,0
32.7,51.7,2359,4095,0,789,0,1,0
32.7,51.7,2470,4095,0,784,0,1,0
32.7,51.7,2347,4095,0,788,0,1,0
32.7,51.7,2329,4095,0,793,0,1,0
32.7,51.7,2299,4095,0,790,0,1,0
32.7,51.7,2425,4095,0,798,0,1,0
32.7,51.7,2432,4095,0,777,0,1,0
32.7,51.7,2295,4095,0,791,0,1,0
32.7,51.7,2327,4095,0,791,0,1,0
32.7,51.7,2338,4095,0,783,0,1,0
32.7,51.7,2463,4095,0,790,0,1,0
32.7,51.7,2378,4095,0,784,0,1,0
32.6,51.7,2432,4095,0,784,0,1,0
32.6,51.7,2291,4095,0,784,0,1,0
32.6,51.7,2385,4095,0,784,0,1,0
32.6,51.7,2458,4095,0,784,0,1,0
32.7,51.7,2459,4095,0,784,0,1,0
32.7,51.7,2381,4095,0,790,0,1,0
32.7,51.7,2301,4095,0,783,0,1,0
32.7,51.7,2420,4095,0,755,0,1,0
32.7,51.6,2365,4095,0,802,0,1,0
32.7,51.6,2465,4095,0,777,0,1,0
32.7,51.6,2350,4095,0,789,0,1,0
32.7,51.6,2319,4095,0,762,0,1,0
32.7,51.6,2290,4095,0,794,0,1,0
32.7,51.6,2386,4095,0,779,0,1,0
32.7,51.6,2462,4095,0,784,0,1,0
32.7,51.6,2333,4095,0,784,0,1,0
32.7,51.6,2402,4095,0,791,0,1,0
32.7,51.6,2292,4095,0,794,0,1,0
32.7,51.6,2402,4095,0,794,0,1,0
32.7,51.6,2453,4095,0,796,0,1,0
32.7,51.7,2459,4095,0,791,0,1,0
32.7,51.7,2383,4095,0,796,0,1,0
32.7,51.7,2292,4095,0,793,0,1,0
32.7,51.7,2406,4095,0,794,0,1,0
32.7,51.6,2346,4095,0,785,0,1,0
32.7,51.6,2464,4095,0,800,0,1,0
32.7,51.6,2382,4095,0,791,0,1,0
32.7,51.6,2298,4095,0,790,0,1,0
32.7,51.6,2315,4095,0,799,0,1,0
32.7,51.6,2355,4095,0,794,0,1,0
32.7,51.6,2468,4095,0,761,0,1,0
32.7,51.6,2375,4095,0,790,0,1,0
32.7,51.7,2433,4095,0,783,0,1,0
32.7,51.7,2298,4095,0,784,0,1,0
32.7,51.7,2354,4095,0,786,0,1,0
32.7,51.7,2465,4095,0,797,0,1,0
32.7,51.7,2423,4095,0,801,0,1,0
32.7,51.7,2431,4095,0,778,0,1,0
32.7,51.7,2297,4095,0,782,0,1,0
32.7,51.7,2357,4095,0,779,0,1,0
32.6,51.7,2304,4095,0,784,0,1,0
32.6,51.7,2430,4095,0,788,0,1,0
32.6,51.7,2433,4095,0,787,0,1,0
32.6,51.7,2299,4095,0,793,0,1,0
32.7,51.7,2353,4095,0,800,0,1,0
32.7,51.7,2298,4095,0,784,0,1,0
32.7,51.7,2428,4095,0,784,0,1,0
32.7,51.7,2432,4095,0,784,0,1,0
32.6,51.7,2463,4095,0,784,0,1,0
32.6,51.7,2352,4095,0,800,0,1,0
32.6,51.7,2306,4095,0,777,0,1,0
32.6,51.7,2431,4095,0,793,0,1,0
32.6,51.8,2369,4095,0,782,0,1,0
32.6,51.8,2461,4095,0,790,0,1,0
32.6,51.8,2352,4095,0,773,0,1,0
32.6,51.8,2299,4095,0,795,0,1,0
32.6,51.8,2291,4095,0,853,0,1,0
32.6,51.8,2366,4095,0,790,0,1,0
32.6,51.8,2463,4095,0,777,0,1,0
32.6,51.8,2362,4095,0,783,0,1,0
32.6,51.8,2429,4095,0,774,0,1,0
32.6,51.8,2293,4095,0,785,0,1,0
32.6,51.8,2352,4095,0,783,0,1,0
32.6,51.8,2462,4095,0,785,0,1,0
32.7,51.8,2411,4095,0,784,0,1,0
32.7,51.8,2442,4095,0,753,0,1,0
32.7,51.8,2307,4095,0,794,0,1,0
32.7,51.8,2334,4095,0,787,0,1,0
32.6,51.8,2288,4095,0,797,0,1,0
32.6,51.8,2396,4095,0,773,0,1,0
32.6,51.8,2452,4095,0,784,0,1,0
32.6,51.8,2330,4095,0,785,0,1,0
32.6,51.8,2410,4095,0,792,0,1,0
32.6,51.8,2288,4095,0,784,0,1,0
32.6,51.8,2369,4095,0,790,0,1,0
32.6,51.8,2462,4095,0,779,0,1,0
32.6,51.8,2425,4095,0,784,0,1,0
32.6,51.8,2432,4095,0,784,0,1,0
32.6,51.8,2302,4095,0,819,0,1,0
32.6,51.8,2333,4095,0,804,0,1,0
32.6,51.8,2285,4095,0,784,0,1,0
32.6,51.8,2386,4095,0,795,0,1,0
32.6,51.8,2449,4095,0,795,0,1,0
32.6,51.8,2337,4095,0,784,0,1,0
32.7,51.8,2416,4095,0,784,0,1,0
32.7,51.8,2286,4095,0,790,0,1,0
32.7,51.8,2355,4095,0,774,0,1,0
32.7,51.8,2457,4095,0,777,0,1,0
32.6,51.8,2411,4095,0,784,0,1,0
32.6,51.8,2435,4095,0,775,0,1,0
32.6,51.8,2302,4095,0,784,0,1,0
32.6,51.8,2316,4095,0,789,0,1,0
32.6,51.8,2274,4095,0,779,0,1,0
32.6,51.8,2373,4095,0,799,0,1,0
32.6,51.8,2448,4095,0,773,0,1,0
32.6,51.8,2339,4095,0,789,0,1,0
32.6,51.8,2412,4095,0,795,0,1,0
32.6,51.8,2274,4095,0,784,0,1,0
32.6,51.8,2325,4095,0,777,0,1,0
32.6,51.8,2419,4095,0,783,0,1,0
32.6,51.8,2377,4095,0,781,0,1,0
32.6,51.8,2431,4095,0,784,0,1,0
32.6,51.8,2308,4095,0,783,0,1,0
32.6,51.8,2274,4095,0,781,0,1,0
32.6,51.8,2255,4095,0,798,0,1,0
32.6,51.8,2320,4095,0,782,0,1,0
32.6,51.8,2431,4095,0,788,0,1,0
32.6,51.8,2352,4095,0,784,0,1,0
32.6,51.8,2416,4095,0,784,0,1,0
32.6,51.8,2278,4095,0,775,0,1,0
32.6,51.8,2277,4095,0,742,0,1,0
32.6,51.8,2399,4095,0,775,0,1,0
32.6,51.8,2327,4095,0,787,0,1,0
32.6,51.8,2422,4095,0,784,0,1,0
32.6,51.8,2320,4095,0,784,0,1,0
32.6,51.8,2243,4095,0,777,0,1,0
32.6,51.8,2256,4095,0,785,0,1,0
32.6,51.8,2289,4095,0,784,0,1,0
32.6,51.8,2413,4095,0,767,0,1,0
32.6,51.8,2368,4095,0,784,0,1,0
32.6,51.8,2417,4095,0,779,0,1,0
32.6,51.8,2295,4095,0,777,0,1,0
32.6,51.8,2249,4095,0,785,0,1,0
32.6,51.8,2370,4095,0,777,0,1,0
32.6,51.7,2293,4095,0,779,0,1,0
32.6,51.7,2415,4095,0,775,0,1,0
32.6,51.7,2346,4095,0,768,0,1,0
32.6,51.7,2234,4095,0,791,0,1,0
32.6,51.6,2285,4095,0,781,0,1,0
32.6,51.6,2262,4095,0,779,0,1,0
32.6,51.6,2390,4095,0,778,0,1,0
32.6,51.6,2384,4095,0,784,0,1,0
32.6,51.5,2418,4095,0,784,0,1,0
32.6,51.5,2310,4095,0,774,0,1,0
32.6,51.5,2242,4095,0,786,0,1,0
32.6,51.5,2362,4095,0,790,0,1,0
32.6,51.4,2288,4095,0,774,0,1,0
32.6,51.4,2414,4095,0,780,0,1,0
32.6,51.4,2346,4095,0,775,0,1,0
32.6,51.4,2233,4095,0,786,0,1,0
32.6,51.2,2281,4095,0,778,0,1,0
32.6,51.2,2273,4095,0,778,0,1,0
32.6,51.2,2403,4095,0,833,0,1,0
32.6,51.2,2369,4095,0,784,0,1,0
32.6,51.2,2418,4095,0,785,0,1,0
32.6,51.2,2291,4095,0,767,0,1,0
32.6,51.2,2251,4095,0,777,0,1,0
32.6,51.2,2381,4095,0,777,0,1,0
32.6,51.2,2300,4095,0,785,0,1,0
32.6,51.2,2420,4095,0,769,0,1,0
32.6,51.2,2319,4095,0,781,0,1,0
32.6,51.2,2240,4095,0,785,0,1,0
32.6,51.2,2256,4095,0,778,0,1,0
32.6,51.2,2287,4095,0,778,0,1,0
32.6,51.2,2416,4095,0,774,0,1,0
32.6,51.2,2350,4095,0,780,0,1,0
32.6,51.3,2415,4095,0,780,0,1,0
32.6,51.3,2267,4095,0,816,0,1,0
32.6,51.3,2266,4095,0,779,0,1,0
32.6,51.3,2395,4095,0,777,0,1,0
32.6,51.4,2322,4095,0,769,0,1,0
32.6,51.4,2417,4095,0,770,0,1,0
32.6,51.4,2301,4095,0,784,0,1,0
32.6,51.4,2249,4095,0,783,0,1,0
32.6,51.5,2241,4095,0,767,0,1,0
32.6,51.5,2307,4095,0,786,0,1,0
32.6,51.5,2416,4095,0,779,0,1,0
32.6,51.5,2334,4095,0,784,0,1,0
32.6,51.6,2402,4095,0,786,0,1,0
32.6,51.6,2263,4095,0,787,0,1,0
32.6,51.6,2278,4095,0,779,0,1,0
32.6,51.6,2403,4095,0,761,0,1,0
32.6,51.6,2331,4095,0,786,0,1,0
32.6,51.6,2413,4095,0,774,0,1,0
32.6,51.6,2288,4095,0,762,0,1,0
32.6,51.6,2255,4095,0,778,0,1,0
32.6,51.6,2238,4095,0,770,0,1,0
32.6,51.6,2317,4095,0,782,0,1,0
32.6,51.6,2420,4095,0,781,0,1,0
32.6,51.6,2323,4095,0,783,0,1,0
32.6,51.7,2396,4095,0,782,0,1,0
32.6,51.7,2249,4095,0,784,0,1,0
32.6,51.7,2281,4095,0,775,0,1,0
32.6,51.7,2433,4095,0,777,0,1,0
32.6,51.7,2343,4095,0,784,0,1,0
32.6,51.7,2413,4095,0,778,0,1,0
32.6,51.7,2283,4095,0,773,0,1,0
32.6,51.7,2257,4095,0,775,0,1,0
32.6,51.7,2234,4095,0,775,0,1,0
32.6,51.7,2320,4095,0,784,0,1,0
32.6,51.7,2418,4095,0,761,0,1,0
32.6,51.7,2315,4095,0,768,0,1,0
32.6,51.7,2388,4095,0,771,0,1,0
32.6,51.7,2242,4095,0,753,0,1,0
32.6,51.7,2288,4095,0,775,0,1,0
32.6,51.7,2412,4095,0,779,0,1,0
32.6,51.7,2347,4095,0,784,0,1,0
32.6,51.7,2413,4095,0,779,0,1,0
32.6,51.7,2282,4095,0,777,0,1,0
32.6,51.7,2255,4095,0,787,0,1,0
32.6,51.7,2234,4095,0,784,0,1,0
32.6,51.7,2306,4095,0,791,0,1,0
32.6,51.7,2416,4095,0,788,0,1,0
32.6,51.7,2335,4095,0,767,0,1,0
32.6,51.7,2407,4095,0,767,0,1,0
32.6,51.7,2270,4095,0,771,0,1,0
32.6,51.7,2257,4095,0,767,0,1,0
32.6,51.7,2383,4095,0,784,0,1,0
32.6,51.8,2302,4095,0,787,0,1,0
32.6,51.8,2417,4095,0,768,0,1,0
32.6,51.8,2346,4095,0,771,0,1,0
32.6,51.8,2233,4095,0,771,0,1,0
32.6,51.8,2287,4095,0,773,0,1,0
32.6,51.8,2246,4095,0,786,0,1,0
32.6,51.8,2365,4095,0,778,0,1,0
32.6,51.8,2405,4095,0,777,0,1,0
32.6,51.8,2405,4095,0,783,0,1,0
32.6,51.8,2363,4095,0,779,0,1,0
32.6,51.8,2235,4095,0,779,0,1,0
32.6,51.8,2295,4095,0,772,0,1,0
32.6,51.8,2237,4095,0,782,0,1,0
32.6,51.8,2352,4095,0,766,0,1,0
32.6,51.8,2416,4095,0,784,0,1,0
32.6,51.8,2304,4095,0,763,0,1,0
32.6,51.8,2383,4095,0,775,0,1,0
32.6,51.8,2246,4095,0,784,0,1,0
32.6,51.8,2273,4095,0,771,0,1,0
32.6,51.8,2398,4095,0,764,0,1,0
32.6,51.8,2320,4095,0,779,0,1,0
32.6,51.8,2416,4095,0,775,0,1,0
32.6,51.8,2322,4095,0,770,0,1,0
32.6,51.8,2233,4095,0,791,0,1,0
32.6,51.8,2271,4095,0,777,0,1,0
32.6,51.8,2266,4095,0,778,0,1,0
32.6,51.8,2381,4095,0,784,0,1,0
32.6,51.8,2389,4095,0,779,0,1,0
32.6,51.8,2411,4095,0,774,0,1,0
32.6,51.8,2342,4095,0,720,0,1,0
32.6,51.8,2225,4095,0,778,0,1,0
32.6,51.8,2317,4095,0,787,0,1,0
32.6,51.8,2243,4095,0,773,0,1,0
32.6,51.8,2364,4095,0,775,0,1,0
32.6,51.8,2409,4095,0,782,0,1,0
32.6,51.8,2281,4095,0,768,0,1,0
32.6,51.8,2370,4095,0,782,0,1,0
32.6,51.8,2238,4095,0,769,0,1,0
32.6,51.8,2288,4095,0,784,0,1,0
32.6,51.8,2403,4095,0,773,0,1,0
32.6,51.8,2326,4095,0,835,0,1,0
32.6,51.8,2416,4095,0,773,0,1,0
32.6,51.8,2320,4095,0,785,0,1,0
32.6,51.8,2231,4095,0,783,0,1,0
32.6,51.8,2266,4095,0,775,0,1,0
32.6,51.8,2263,4095,0,770,0,1,0
32.6,51.8,2381,4095,0,896,0,1,0
32.6,51.8,2401,4095,0,778,0,1,0
32.6,51.8,2408,4095,0,785,0,1,0
32.6,51.8,2359,4095,0,780,0,1,0
32.6,51.8,2234,4095,0,759,0,1,0
32.6,51.8,2288,4095,0,770,0,1,0
32.6,51.8,2229,4095,0,774,0,1,0
32.6,51.8,2352,4095,0,742,0,1,0
32.6,51.8,2417,4095,0,752,0,1,0
32.6,51.8,2329,4095,0,767,0,1,0
32.6,51.8,2409,4095,0,794,0,1,0
32.6,51.8,2279,4095,0,868,0,1,0
32.6,51.8,2247,4095,0,977,0,1,0
32.6,51.8,2359,4095,0,765,0,1,0
32.6,51.7,2273,4095,0,806,0,1,0
32.6,51.7,2398,4095,0,767,0,1,0
32.6,51.7,2382,4095,0,774,0,1,0
32.6,51.7,2246,4095,0,773,0,1,0
32.6,51.8,2340,4095,0,772,0,1,0
32.6,51.8,2229,4095,0,777,0,1,0
32.6,51.8,2312,4095,0,774,0,1,0
32.6,51.8,2415,4095,0,765,0,1,0
32.6,51.8,2352,4095,0,775,0,1,0
32.6,51.8,2414,4095,0,781,0,1,0
32.6,51.8,2294,4095,0,775,0,1,0
32.6,51.8,2238,4095,0,784,0,1,0
32.6,51.8,2253,4095,0,771,0,1,0
32.6,51.8,2262,4095,0,782,0,1,0
32.6,51.8,2389,4095,0,827,0,1,0
32.6,51.8,2384,4095,0,771,0,1,0
32.6,51.7,2413,4095,0,779,0,1,0
32.6,51.7,2336,4095,0,766,0,1,0
32.6,51.7,2226,4095,0,763,0,1,0
32.6,51.7,2319,4095,0,768,0,1,0
32.5,51.7,2241,4095,0,769,0,1,0
32.5,51.7,2366,4095,0,772,0,1,0
32.5,51.7,2399,4095,0,775,0,1,0
32.5,51.7,2270,4095,0,775,0,1,0
32.6,51.8,2361,4095,0,786,0,1,0
32.6,51.8,2227,4095,0,763,0,1,0
32.6,51.8,2302,4095,0,773,0,1,0
32.6,51.8,2412,4095,0,775,0,1,0
32.6,51.7,2346,4095,0,779,0,1,0
32.6,51.7,2411,4095,0,763,0,1,0
32.6,51.7,2288,4095,0,772,0,1,0
32.6,51.7,2240,4095,0,775,0,1,0
32.6,51.7,2238,4095,0,782,0,1,0
32.6,51.7,2278,4095,0,729,0,1,0
32.6,51.7,2397,4095,0,784,0,1,0
32.6,51.7,2366,4095,0,780,0,1,0
32.6,51.7,2410,4095,0,782,0,1,0
32.6,51.7,2305,4095,0,779,0,1,0
32.6,51.7,2220,4095,0,779,0,1,0
32.6,51.7,2320,4095,0,778,0,1,0
32.6,51.7,2241,4095,0,769,0,1,0
32.6,51.7,2369,4095,0,757,0,1,0
32.6,51.7,2393,4095,0,779,0,1,0
32.6,51.7,2266,4095,0,764,0,1,0
32.6,51.7,2365,4095,0,766,0,1,0
32.6,51.7,2227,4095,0,770,0,1,0
32.6,51.7,2279,4095,0,770,0,1,0
32.6,51.7,2398,4095,0,777,0,1,0
32.6,51.7,2319,4095,0,764,0,1,0
32.6,51.7,2416,4095,0,768,0,1,0
32.6,51.7,2330,4095,0,771,0,1,0
32.6,51.7,2215,4095,0,757,0,1,0
32.6,51.7,2287,4095,0,780,0,1,0
32.6,51.7,2239,4095,0,767,0,1,0
32.6,51.7,2352,4095,0,781,0,1,0
32.6,51.7,2409,4095,0,759,0,1,0
32.5,51.7,2382,4095,0,767,0,1,0
32.5,51.7,2384,4095,0,784,0,1,0
32.5,51.7,2256,4095,0,777,0,1,0
32.5,51.7,2256,4095,0,779,0,1,0
32.6,51.6,2226,4095,0,839,0,1,0
32.6,51.6,2289,4095,0,765,0,1,0
32.6,51.6,2401,4095,0,777,0,1,0
32.6,51.6,2368,4095,0,769,0,1,0
32.6,51.6,2416,4095,0,757,0,1,0
32.6,51.6,2322,4095,0,774,0,1,0
32.6,51.6,2223,4095,0,759,0,1,0
32.6,51.6,2307,4095,0,766,0,1,0
32.6,51.6,2229,4095,0,785,0,1,0
32.6,51.6,2347,4095,0,771,0,1,0
32.6,51.6,2409,4095,0,767,0,1,0
32.6,51.6,2295,4095,0,775,0,1,0
32.6,51.6,2387,4095,0,784,0,1,0
32.6,51.6,2250,4095,0,765,0,1,0
32.6,51.6,2250,4095,0,772,0,1,0
32.6,51.6,2361,4095,0,785,0,1,0
32.6,51.6,2259,4095,0,768,0,1,0
32.6,51.6,2391,4095,0,769,0,1,0
32.6,51.6,2354,4095,0,762,0,1,0
32.6,51.6,2226,4095,0,770,0,1,0
32.6,51.6,2322,4095,0,768,0,1,0
32.6,51.6,2224,4095,0,778,0,1,0
32.6,51.6,2306,4095,0,777,0,1,0
32.6,51.6,2407,4095,0,763,0,1,0
32.6,51.6,2335,4095,0,778,0,1,0
32.6,51.6,2410,4095,0,762,0,1,0
32.6,51.6,2307,4095,0,777,0,1,0
32.6,51.6,2226,4095,0,781,0,1,0
32.6,51.6,2274,4095,0,768,0,1,0
32.6,51.6,2246,4095,0,778,0,1,0
32.6,51.6,2357,4095,0,754,0,1,0
32.6,51.6,2407,4095,0,769,0,1,0
32.6,51.6,2384,4095,0,775,0,1,0
32.6,51.6,2382,4095,0,768,0,1,0
32.6,51.6,2256,4095,0,769,0,1,0
32.6,51.6,2252,4095,0,763,0,1,0
32.6,51.6,2231,4095,0,778,0,1,0
32.6,51.6,2288,4095,0,771,0,1,0
32.6,51.6,2405,4095,0,767,0,1,0
32.6,51.6,2374,4095,0,768,0,1,0
32.5,51.6,2415,4095,0,782,0,1,0
32.5,51.6,2336,4095,0,768,0,1,0
32.5,51.6,2229,4095,0,774,0,1,0
32.5,51.6,2301,4095,0,771,0,1,0
32.6,51.6,2226,4095,0,766,0,1,0
32.6,51.6,2339,4095,0,761,0,1,0
32.6,51.6,2416,4095,0,764,0,1,0
32.6,51.6,2315,4095,0,778,0,1,0
32.6,51.6,2399,4095,0,771,0,1,0
32.6,51.6,2273,4095,0,773,0,1,0
32.6,51.6,2241,4095,0,781,0,1,0
32.6,51.6,2357,4095,0,774,0,1,0
32.6,51.6,2255,4095,0,758,0,1,0
32.6,51.6,2387,4095,0,784,0,1,0
32.6,51.6,2384,4095,0,773,0,1,0
32.6,51.6,2252,4095,0,774,0,1,0
32.6,51.6,2353,4095,0,761,0,1,0
32.6,51.6,2224,4095,0,784,0,1,0
32.6,51.6,2292,4095,0,770,0,1,0
32.6,51.6,2405,4095,0,775,0,1,0
32.6,51.6,2324,4095,0,762,0,1,0
32.6,51.6,2417,4095,0,771,0,1,0
32.6,51.6,2322,4095,0,778,0,1,0
32.6,51.6,2230,4095,0,770,0,1,0
32.6,51.6,2285,4095,0,772,0,1,0
32.6,51.6,2246,4095,0,878,0,1,0
32.6,51.6,2362,4095,0,759,0,1,0
32.6,51.6,2384,4095,0,763,0,1,0
32.6,51.6,2389,4095,0,769,0,1,0
32.6,51.6,2375,4095,0,766,0,1,0
32.6,51.6,2239,4095,0,752,0,1,0
32.6,51.6,2273,4095,0,825,0,1,0
32.5,51.5,2225,4095,0,755,0,1,0
32.5,51.5,2319,4095,0,763,0,1,0
32.5,51.5,2416,4095,0,772,0,1,0
32.5,51.5,2336,4095,0,754,0,1,0
32.6,51.5,2411,4095,0,780,0,1,0
32.6,51.5,2282,4095,0,767,0,1,0
32.6,51.5,2242,4095,0,770,0,1,0
32.6,51.5,2363,4095,0,765,0,1,0
32.6,51.5,2273,4095,0,768,0,1,0
32.6,51.5,2404,4095,0,757,0,1,0
32.6,51.5,2368,4095,0,768,0,1,0
32.6,51.5,2235,4095,0,773,0,1,0
32.6,51.5,2320,4095,0,768,0,1,0
32.6,51.5,2230,4095,0,756,0,1,0
32.6,51.5,2330,4095,0,767,0,1,0
32.6,51.5,2407,4095,0,778,0,1,0
32.5,51.6,2365,4095,0,762,0,1,0
32.5,51.6,2384,4095,0,767,0,1,0
32.5,51.6,2247,4095,0,752,0,1,0
32.5,51.6,2243,4095,0,759,0,1,0
32.5,51.6,2207,4095,0,771,0,1,0
32.5,51.6,2279,4095,0,768,0,1,0
31.2,60.1,2736,4095,0,1329,0,0,0
31.2,60.1,2796,4095,0,1346,0,0,0
31.2,60.1,2812,4095,0,1360,0,0,0
31.2,60.1,2728,4095,0,1376,0,0,0
31.2,60.1,2736,4095,0,1413,0,0,0
31.2,60.1,2765,4095,0,1408,0,0,0
31.2,60.1,2815,4095,0,1442,0,0,0
31.2,60.1,2743,4095,0,1455,0,0,0
31.2,60.1,2766,4095,0,1457,0,0,0
31.2,60.1,2736,4095,0,1488,0,0,0
31.2,60.1,2817,4095,0,1489,0,0,0
31.2,60.1,2771,4095,0,1511,0,0,0
31.2,60.1,2800,4095,0,1523,0,0,0
31.2,60.1,2727,4095,0,1521,0,0,0
31.2,60.1,2786,4095,0,1530,0,0,0
31.2,60.1,2811,4095,0,1535,0,0,0
31.3,60.0,2818,4095,0,1535,0,0,0
31.3,60.0,2746,4095,0,1566,0,0,0
31.3,60.0,2754,4095,0,1570,0,0,0
31.3,60.0,2822,4095,0,1575,0,0,0
31.3,60.0,2803,4095,0,1587,0,0,0
31.3,60.0,2788,4095,0,1578,0,0,0
31.3,60.0,2736,4095,0,1597,0,0,0
31.3,60.0,2800,4095,0,1597,0,0,0
31.3,60.0,2772,4095,0,1591,0,0,0
31.3,60.0,2816,4095,0,1607,0,0,0
31.3,60.0,2742,4095,0,1590,0,0,0
31.3,60.0,2757,4095,0,1605,0,0,0
31.3,60.0,2736,4095,0,1612,0,0,0
31.3,60.0,2806,4095,0,1623,0,0,0
31.3,60.0,2772,4095,0,1619,0,0,0
31.3,60.0,2721,4095,0,1619,0,0,0
31.3,60.0,2720,4095,0,1637,0,0,0
31.3,60.0,2768,4095,0,1637,0,0,0
31.3,60.0,2807,4095,0,1648,0,0,0
31.3,60.0,2731,4095,0,1635,0,0,0
31.3,60.0,2750,4095,0,1642,0,0,0
31.3,60.0,2735,4095,0,1619,0,0,0
31.3,60.0,2807,4095,0,1645,0,0,0
31.3,60.0,2755,4095,0,1645,0,0,0
31.3,59.9,2778,4095,0,1648,0,0,0
31.3,59.9,2711,4095,0,1633,0,0,0
31.3,59.9,2780,4095,0,1647,0,0,0
31.3,59.9,2785,4095,0,1646,0,0,0
31.3,59.9,2799,4095,0,1649,0,0,0
31.3,59.9,2717,4095,0,1655,0,0,0
31.3,59.9,2747,4095,0,1807,0,0,0
31.3,59.9,2803,4095,0,1604,0,0,0
31.3,59.9,2800,4095,0,1650,0,0,0
31.3,59.9,2741,4095,0,1649,0,0,0
31.3,59.9,2718,4095,0,1599,0,0,0
31.3,59.9,2798,4095,0,1660,0,0,0
31.3,59.9,2779,4095,0,1651,0,0,0
31.3,59.9,2773,4095,0,1661,0,0,0
31.3,59.9,2704,4095,0,1661,0,0,0
31.3,59.9,2768,4095,0,1650,0,0,0
31.3,60.0,2748,4095,0,1648,0,0,0
31.3,60.0,2798,4095,0,1657,0,0,0
31.3,60.0,2714,4095,0,1653,0,0,0
31.3,60.0,2733,4095,0,1653,0,0,0
31.3,59.9,2715,4095,0,1655,0,0,0
31.3,59.9,2798,4095,0,1683,0,0,0
31.3,59.9,2750,4095,0,1649,0,0,0
31.3,59.9,2705,4095,0,1660,0,0,0
31.3,60.0,2701,4095,0,1661,0,0,0
31.3,60.0,2766,4095,0,1661,0,0,0
31.3,60.0,2786,4095,0,1662,0,0,0
31.3,60.0,2701,4095,0,1653,0,0,0
31.3,59.9,2699,4095,0,1660,0,0,0
31.3,59.9,2722,4095,0,1665,0,0,0
31.3,59.9,2797,4095,0,1664,0,0,0
31.3,59.9,2745,4095,0,1654,0,0,0
31.3,59.9,2768,4095,0,1658,0,0,0
31.3,59.9,2697,4095,0,1673,0,0,0
31.3,59.9,2765,4095,0,1651,0,0,0
31.3,59.9,2782,4095,0,1665,0,0,0
31.3,59.9,2795,4095,0,1643,0,0,0
31.3,59.9,2719,4095,0,1654,0,0,0
31.3,59.9,2709,4095,0,1657,0,0,0
31.3,59.9,2787,4095,0,1664,0,0,0
31.3,59.9,2763,4095,0,1654,0,0,0
31.3,59.9,2768,4095,0,1661,0,0,0
31.3,59.9,2685,4095,0,1653,0,0,0
31.3,59.9,2736,4095,0,1645,0,0,0
31.3,59.9,2714,4095,0,1655,0,0,0
31.3,59.9,2783,4095,0,1650,0,0,0
31.3,59.9,2737,4095,0,1648,0,0,0
31.3,59.9,2693,4095,0,1642,0,0,0
31.3,59.9,2685,4095,0,1663,0,0,0
31.3,59.9,2741,4095,0,1646,0,0,0
31.3,59.9,2784,4095,0,1661,0,0,0
31.3,59.9,2702,4095,0,1645,0,0,0
31.3,59.9,2735,4095,0,1649,0,0,0
31.3,59.9,2695,4095,0,1645,0,0,0
31.3,59.9,2768,4095,0,1658,0,0,0
31.3,59.9,2762,4095,0,1639,0,0,0
31.4,59.8,2779,4095,0,1646,0,0,0
31.4,59.8,2697,4095,0,1644,0,0,0
31.4,59.8,2688,4095,0,1641,0,0,0
31.4,59.8,2783,4095,0,1647,0,0,0
31.3,59.8,2761,4095,0,1653,0,0,0
31.3,59.8,2762,4095,0,1637,0,0,0
31.3,59.8,2688,4095,0,1634,0,0,0
31.3,59.8,2736,4095,0,1638,0,0,0
31.3,59.8,2708,4095,0,1646,0,0,0
31.3,59.8,2782,4095,0,1636,0,0,0
31.3,59.8,2738,4095,0,1636,0,0,0
31.3,59.8,2691,4095,0,1637,0,0,0
31.3,59.8,2687,4095,0,1635,0,0,0
31.3,59.8,2734,4095,0,1626,0,0,0
31.3,59.8,2786,4095,0,1634,0,0,0
31.3,59.8,2709,4095,0,1648,0,0,0
31.3,59.7,2741,4095,0,1634,0,0,0
31.3,59.7,2690,4095,0,1595,0,0,0
31.3,59.7,2755,4095,0,1631,0,0,0
31.3,59.7,2774,4095,0,1621,0,0,0
31.4,59.8,2786,4095,0,1629,0,0,0
31.4,59.8,2723,4095,0,1635,0,0,0
31.4,59.8,2703,4095,0,1626,0,0,0
31.4,59.8,2779,4095,0,1590,0,0,0
31.3,59.8,2747,4095,0,1632,0,0,0
31.3,59.8,2790,4095,0,1616,0,0,0
31.3,59.8,2716,4095,0,1631,0,0,0
31.3,59.8,2737,4095,0,1623,0,0,0
31.3,59.8,2695,4095,0,1622,0,0,0
31.4,59.7,2698,4095,0,1531,0,0,0
31.4,59.7,2733,4095,0,1534,0,0,0
31.4,59.7,2795,4095,0,1535,0,0,0
31.4,59.7,2740,4095,0,1535,0,0,0
31.4,59.7,2771,4095,0,1477,0,0,0
31.4,59.7,2692,4095,0,1565,0,0,0
31.4,59.7,2725,4095,0,1568,0,0,0
31.4,59.7,2789,4095,0,1574,0,0,0
31.4,59.7,2766,4095,0,1575,0,0,0
31.4,59.7,2775,4095,0,1558,0,0,0
31.4,59.7,2704,4095,0,1565,0,0,0
31.4,59.7,2723,4095,0,1569,0,0,0
31.4,59.7,2691,4095,0,1575,0,0,0
31.4,59.7,2758,4095,0,1583,0,0,0
31.4,59.7,2784,4095,0,1568,0,0,0
31.4,59.7,2717,4095,0,1584,0,0,0
31.4,59.7,2757,4095,0,1589,0,0,0
31.4,59.7,2691,4095,0,1584,0,0,0
31.4,59.7,2739,4095,0,1583,0,0,0
31.4,59.7,2798,4095,0,1569,0,0,0
31.4,59.6,2768,4095,0,1594,0,0,0
31.4,59.6,2775,4095,0,1579,0,0,0
31.4,59.6,2703,4095,0,1575,0,0,0
31.4,59.6,2713,4095,0,1584,0,0,0
31.4,59.4,2688,4095,0,1572,0,0,0
31.4,59.4,2738,4095,0,1581,0,0,0
31.4,59.4,2790,4095,0,1507,0,0,0
31.4,59.4,2731,4095,0,1596,0,0,0
31.4,59.3,2769,4095,0,1585,0,0,0
31.4,59.3,2689,4095,0,1582,0,0,0
31.4,59.3,2698,4095,0,1563,0,0,0
31.4,59.3,2768,4095,0,1582,0,0,0
31.4,59.4,2733,4095,0,1587,0,0,0
31.4,59.4,2786,4095,0,1584,0,0,0
31.4,59.4,2735,4095,0,1574,0,0,0
31.4,59.4,2688,4095,0,1582,0,0,0
31.4,59.5,2702,4095,0,1570,0,0,0
31.4,59.5,2693,4095,0,1575,0,0,0
31.4,59.5,2754,4095,0,1566,0,0,0
31.4,59.5,2765,4095,0,1579,0,0,0
31.4,59.6,2772,4095,0,1565,0,0,0
31.4,59.6,2731,4095,0,1578,0,0,0
31.4,59.6,2672,4095,0,1581,0,0,0
31.4,59.6,2723,4095,0,1575,0,0,0
31.4,59.6,2685,4095,0,1571,0,0,0
31.4,59.6,2761,4095,0,1567,0,0,0
31.4,59.6,2770,4095,0,1568,0,0,0
31.4,59.6,2696,4095,0,1578,0,0,0
31.4,59.7,2741,4095,0,1570,0,0,0
31.4,59.7,2689,4095,0,1570,0,0,0
31.4,59.7,2742,4095,0,1560,0,0,0
31.4,59.7,2785,4095,0,1571,0,0,0
31.4,59.6,2759,4095,0,1563,0,0,0
31.4,59.6,2757,4095,0,1569,0,0,0
31.4,59.6,2675,4095,0,1568,0,0,0
31.3,59.7,2794,4095,0,1424,0,0,0
31.3,59.7,2829,4095,0,1439,0,0,0
31.3,59.7,2786,4095,0,1454,0,0,0
31.3,59.7,2739,4095,0,1472,0,0,0
31.3,59.7,2752,4095,0,1474,0,0,0
31.3,59.7,2756,4095,0,1494,0,0,0
31.3,59.7,2819,4095,0,1514,0,0,0
31.3,59.7,2795,4095,0,1521,0,0,0
31.3,59.7,2818,4095,0,1525,0,0,0
31.3,59.7,2754,4095,0,1534,0,0,0
31.3,59.7,2738,4095,0,1535,0,0,0
31.3,59.7,2803,4095,0,1562,0,0,0
31.3,59.7,2768,4095,0,1565,0,0,0
31.3,59.7,2822,4095,0,1553,0,0,0
31.3,59.7,2768,4095,0,1570,0,0,0
31.3,59.7,2733,4095,0,1574,0,0,0
31.3,59.7,2713,4095,0,1581,0,0,0
31.3,59.7,2761,4095,0,1583,0,0,0
31.3,59.7,2818,4095,0,1595,0,0,0
31.3,59.7,2779,4095,0,1587,0,0,0
31.3,59.7,2815,4095,0,1587,0,0,0
31.3,59.7,2742,4095,0,1587,0,0,0
31.3,59.7,2756,4095,0,1600,0,0,0
31.3,59.7,2821,4095,0,1597,0,0,0
31.3,59.7,2795,4095,0,1599,0,0,0
31.3,59.7,2827,4095,0,1598,0,0,0
31.3,59.7,2758,4095,0,1594,0,0,0
31.3,59.7,2757,4095,0,1600,0,0,0
31.4,59.7,2741,4095,0,1595,0,0,0
31.4,59.7,2797,4095,0,1596,0,0,0
31.4,59.7,2833,4095,0,1597,0,0,0
31.4,59.7,2769,4095,0,1606,0,0,0
31.3,59.7,2805,4095,0,1602,0,0,0
31.3,59.7,2748,4095,0,1602,0,0,0
31.3,59.7,2800,4095,0,1600,0,0,0
31.3,59.7,2843,4095,0,1603,0,0,0
31.3,59.6,2832,4095,0,1598,0,0,0
31.3,59.6,2814,4095,0,1595,0,0,0
31.3,59.6,2751,4095,0,1607,0,0,0
31.3,59.6,2800,4095,0,1600,0,0,0
31.3,59.6,2767,4095,0,1602,0,0,0
31.3,59.6,2834,4095,0,1681,0,0,0
31.3,59.6,2815,4095,0,1597,0,0,0
31.3,59.6,2752,4095,0,1602,0,0,0
31.4,59.6,2767,4095,0,1585,0,0,0
31.4,59.6,2771,4095,0,1594,0,0,0
31.4,59.6,2814,4095,0,1597,0,0,0
31.4,59.6,2810,4095,0,1592,0,0,0
31.3,59.6,2837,4095,0,1600,0,0,0
31.3,59.6,2763,4095,0,1595,0,0,0
31.3,59.6,2778,4095,0,1594,0,0,0
31.3,59.6,2834,4095,0,1581,0,0,0
31.4,59.7,2812,4095,0,1584,0,0,0
31.4,59.7,2832,4095,0,1582,0,0,0
31.4,59.7,2757,4095,0,1589,0,0,0
31.4,59.7,2773,4095,0,1585,0,0,0
31.3,59.7,2752,4095,0,1577,0,0,0
31.3,59.7,2818,4095,0,1582,0,0,0
31.3,59.7,2834,4095,0,1585,0,0,0
31.3,59.7,2764,4095,0,1576,0,0,0
31.3,59.7,2798,4095,0,1573,0,0,0
31.3,59.7,2753,4095,0,1584,0,0,0
31.3,59.7,2813,4095,0,1578,0,0,0
31.3,59.7,2837,4095,0,1573,0,0,0
31.3,59.7,2843,4095,0,1559,0,0,0
31.3,59.7,2800,4095,0,1579,0,0,0
31.3,59.7,2758,4095,0,1578,0,0,0
31.3,59.7,2826,4095,0,1558,0,0,0
31.3,59.7,2794,4095,0,1583,0,0,0
31.3,59.7,2843,4095,0,1535,0,0,0
31.3,59.7,2787,4095,0,1559,0,0,0
31.3,59.7,2759,4095,0,1563,0,0,0
31.4,59.6,2754,4095,0,1557,0,0,0
31.4,59.6,2800,4095,0,1535,0,0,0
31.4,59.6,2845,4095,0,1557,0,0,0
31.4,59.6,2785,4095,0,1535,0,0,0
31.4,59.7,2815,4095,0,1564,0,0,0
31.4,59.7,2752,4095,0,1535,0,0,0
31.4,59.7,2805,4095,0,1535,0,0,0
31.4,59.7,2839,4095,0,1535,0,0,0
31.4,59.7,2837,4095,0,1535,0,0,0
31.4,59.7,2803,4095,0,1535,0,0,0
31.4,59.7,2758,4095,0,1535,0,0,0
31.4,59.7,2821,4095,0,1535,0,0,0
31.4,59.6,2795,4095,0,1529,0,0,0
31.4,59.6,2845,4095,0,1535,0,0,0
31.4,59.6,2780,4095,0,1525,0,0,0
31.4,59.6,2775,4095,0,1535,0,0,0
31.3,59.6,2757,4095,0,1535,0,0,0
31.3,59.6,2821,4095,0,1527,0,0,0
31.3,59.6,2832,4095,0,1468,0,0,0
31.3,59.6,2758,4095,0,1531,0,0,0
31.4,59.6,2781,4095,0,1525,0,0,0
31.4,59.6,2775,4095,0,1529,0,0,0
31.4,59.6,2845,4095,0,1524,0,0,0
31.4,59.6,2795,4095,0,1525,0,0,0
31.4,59.7,2799,4095,0,1520,0,0,0
31.4,59.7,2755,4095,0,1521,0,0,0
31.4,59.7,2810,4095,0,1519,0,0,0
31.4,59.7,2835,4095,0,1529,0,0,0
31.4,59.7,2843,4095,0,1512,0,0,0
31.4,59.7,2771,4095,0,1510,0,0,0
31.4,59.7,2771,4095,0,1520,0,0,0
31.4,59.7,2839,4095,0,1509,0,0,0
31.4,59.7,2823,4095,0,1506,0,0,0
31.4,59.7,2813,4095,0,1511,0,0,0
31.4,59.7,2750,4095,0,1514,0,0,0
31.4,59.7,2813,4095,0,1510,0,0,0
31.4,59.7,2789,4095,0,1506,0,0,0
31.4,59.7,2833,4095,0,1497,0,0,0
31.4,59.7,2757,4095,0,1499,0,0,0
31.4,59.7,2782,4095,0,1505,0,0,0
31.4,59.7,2762,4095,0,1505,0,0,0
31.4,59.7,2833,4095,0,1500,0,0,0
31.4,59.7,2790,4095,0,1501,0,0,0
31.4,59.7,2753,4095,0,1488,0,0,0
31.4,59.6,2745,4095,0,1495,0,0,0
31.4,59.6,2810,4095,0,1488,0,0,0
31.4,59.6,2816,4095,0,1494,0,0,0
31.4,59.6,2747,4095,0,1493,0,0,0
31.4,59.6,2755,4095,0,1488,0,0,0
31.4,59.6,2783,4095,0,1487,0,0,0
31.4,59.6,2836,4095,0,1490,0,0,0
31.4,59.6,2764,4095,0,1485,0,0,0
31.4,59.6,2788,4095,0,1488,0,0,0
31.4,59.6,2759,4095,0,1487,0,0,0
31.4,59.6,2831,4095,0,1491,0,0,0
31.4,59.6,2800,4095,0,1492,0,0,0
31.4,59.6,2820,4095,0,1483,0,0,0
31.4,59.6,2751,4095,0,1479,0,0,0
31.4,59.6,2813,4095,0,1487,0,0,0
31.4,59.6,2832,4095,0,1492,0,0,0
31.4,59.5,2839,4095,0,1489,0,0,0
31.4,59.5,2768,4095,0,1456,0,0,0
31.4,59.5,2790,4095,0,1469,0,0,0
31.4,59.5,2847,4095,0,1469,0,0,0
31.4,59.5,2839,4095,0,1481,0,0,0
31.4,59.5,2803,4095,0,1488,0,0,0
31.4,59.5,2769,4095,0,1471,0,0,0
31.4,59.5,2837,4095,0,1472,0,0,0
31.4,59.6,2818,4095,0,1481,0,0,0
31.4,59.6,2832,4095,0,1484,0,0,0
31.4,59.6,2760,4095,0,1452,0,0,0
31.4,59.6,2816,4095,0,1462,0,0,0
31.4,59.5,2799,4095,0,1472,0,0,0
31.4,59.5,2848,4095,0,1461,0,0,0
31.4,59.5,2773,4095,0,1474,0,0,0
31.4,59.5,2797,4095,0,1467,0,0,0
31.4,59.5,2777,4095,0,1455,0,0,0
31.4,59.5,2851,4095,0,1467,0,0,0
31.4,59.5,2800,4095,0,1456,0,0,0
31.4,59.5,2779,4095,0,1463,0,0,0
31.4,59.5,2769,4095,0,1457,0,0,0
31.4,59.5,2834,4095,0,1456,0,0,0
31.4,59.5,2821,4095,0,1463,0,0,0
31.4,59.5,2768,4095,0,1458,0,0,0
31.4,59.4,2766,4095,0,1414,0,0,0
31.4,59.4,2819,4095,0,1451,0,0,0
31.4,59.4,2844,4095,0,1471,0,0,0
31.4,59.4,2768,4095,0,1445,0,0,0
31.4,59.4,2782,4095,0,1447,0,0,0
31.4,59.4,2799,4095,0,1454,0,0,0
31.4,59.4,2854,4095,0,1435,0,0,0
31.4,59.4,2786,4095,0,1448,0,0,0
31.4,59.3,2803,4095,0,1450,0,0,0
31.4,59.3,2784,4095,0,1437,0,0,0
31.4,59.3,2849,4095,0,1441,0,0,0
31.4,59.3,2810,4095,0,1404,0,0,0
31.4,59.4,2829,4095,0,1451,0,0,0
31.4,59.4,2765,4095,0,1438,0,0,0
31.4,59.4,2832,4095,0,1430,0,0,0
31.4,59.4,2857,4095,0,1435,0,0,0
31.4,59.4,2844,4095,0,1439,0,0,0
31.4,59.4,2768,4095,0,1431,0,0,0
31.4,59.4,2801,4095,0,1415,0,0,0
31.4,59.4,2851,4095,0,1439,0,0,0
31.4,59.4,2851,4095,0,1429,0,0,0
31.4,59.4,2799,4095,0,1435,0,0,0
31.4,59.4,2782,4095,0,1424,0,0,0
31.4,59.4,2851,4095,0,1441,0,0,0
31.4,59.5,2834,4095,0,1423,0,0,0
31.4,59.5,2826,4095,0,1424,0,0,0
31.4,59.5,2769,4095,0,1426,0,0,0
31.4,59.5,2835,4095,0,1418,0,0,0
31.4,59.5,2816,4095,0,1426,0,0,0
31.4,59.5,2850,4095,0,1424,0,0,0
31.4,59.5,2773,4095,0,1424,0,0,0
31.4,59.5,2819,4095,0,1433,0,0,0
31.4,59.6,2800,4095,0,1425,0,0,0
31.4,59.6,2864,4095,0,1426,0,0,0
31.4,59.6,2800,4095,0,1418,0,0,0
31.4,59.6,2800,4095,0,1418,0,0,0
31.4,59.6,2786,4095,0,1425,0,0,0
31.4,59.6,2855,4095,0,1407,0,0,0
31.4,59.6,2827,4095,0,1407,0,0,0
31.4,59.6,2785,4095,0,1422,0,0,0
31.4,59.6,2771,4095,0,1410,0,0,0
31.4,59.6,2835,4095,0,1423,0,0,0
31.4,59.6,2853,4095,0,1412,0,0,0
31.4,59.6,2779,4095,0,1418,0,0,0
31.4,59.6,2794,4095,0,1402,0,0,0
31.4,59.6,2815,4095,0,1407,0,0,0
31.4,59.6,2877,4095,0,1407,0,0,0
31.4,59.6,2800,4095,0,1397,0,0,0
31.4,59.6,2827,4095,0,1394,0,0,0
31.4,59.6,2800,4095,0,1402,0,0,0
31.4,59.6,2864,4095,0,1414,0,0,0
31.4,59.6,2832,4095,0,1392,0,0,0
31.4,59.6,2850,4095,0,1401,0,0,0
31.4,59.6,2789,4095,0,1394,0,0,0
31.4,59.6,2846,4095,0,1392,0,0,0
31.4,59.6,2863,4095,0,1407,0,0,0
31.5,59.5,2870,4095,0,1398,0,0,0
31.5,59.5,2803,4095,0,1390,0,0,0
31.5,59.5,2821,4095,0,1389,0,0,0
31.5,59.5,2878,4095,0,1342,0,0,0
31.4,59.4,2869,4095,0,1392,0,0,0
31.4,59.4,2831,4095,0,1402,0,0,0
31.4,59.4,2798,4095,0,1397,0,0,0
31.4,59.4,2864,4095,0,1399,0,0,0
31.4,59.4,2849,4095,0,1391,0,0,0
31.4,59.4,2854,4095,0,1395,0,0,0
31.4,59.4,2787,4095,0,1390,0,0,0
31.4,59.4,2843,4095,0,1392,0,0,0
31.4,59.4,2825,4095,0,1390,0,0,0
31.4,59.4,2870,4095,0,1406,0,0,0
31.4,59.4,2790,4095,0,1359,0,0,0
31.4,59.4,2818,4095,0,1379,0,0,0
31.4,59.4,2785,4095,0,1386,0,0,0
31.4,59.4,2880,4095,0,1382,0,0,0
31.4,59.4,2827,4095,0,1367,0,0,0
31.4,59.4,2800,4095,0,1390,0,0,0
31.4,59.4,2790,4095,0,1370,0,0,0
31.4,59.4,2855,4095,0,1378,0,0,0
31.4,59.4,2857,4095,0,1366,0,0,0
31.4,59.4,2791,4095,0,1377,0,0,0
31.4,59.4,2798,4095,0,1389,0,0,0
31.4,59.4,2834,4095,0,1451,0,0,0
31.4,59.4,2877,4095,0,1377,0,0,0
31.4,59.4,2809,4095,0,1360,0,0,0
31.4,59.4,2827,4095,0,1380,0,0,0
31.4,59.4,2813,4095,0,1383,0,0,0
31.4,59.4,2878,4095,0,1370,0,0,0
31.4,59.4,2832,4095,0,1388,0,0,0
31.4,59.4,2854,4095,0,1395,0,0,0
31.4,59.4,2800,4095,0,1367,0,0,0
31.4,59.4,2861,4095,0,1359,0,0,0
31.4,59.4,2861,4095,0,1371,0,0,0
31.4,59.4,2874,4095,0,1363,0,0,0
31.4,59.4,2804,4095,0,1371,0,0,0
31.4,59.4,2830,4095,0,1368,0,0,0
31.4,59.4,2881,4095,0,1369,0,0,0
31.4,59.4,2877,4095,0,1360,0,0,0
31.4,59.4,2831,4095,0,1360,0,0,0
31.4,59.4,2802,4095,0,1363,0,0,0
31.4,59.4,2869,4095,0,1360,0,0,0
31.4,59.4,2853,4095,0,1370,0,0,0
31.4,59.4,2859,4095,0,1360,0,0,0
31.4,59.4,2789,4095,0,1360,0,0,0
31.4,59.4,2838,4095,0,1360,0,0,0
31.4,59.5,2825,4095,0,1367,0,0,0
31.4,59.5,2873,4095,0,1354,0,0,0
31.4,59.5,2809,4095,0,1359,0,0,0
31.4,59.5,2805,4095,0,1354,0,0,0
31.4,59.5,2791,4095,0,1351,0,0,0
31.4,59.5,2861,4095,0,1360,0,0,0
31.4,59.5,2838,4095,0,1350,0,0,0
31.4,59.5,2740,4095,0,1349,0,0,0
31.4,59.5,2790,4095,0,1347,0,0,0
31.4,59.5,2832,4095,0,1342,0,0,0
31.4,59.5,2869,4095,0,1344,0,0,0
31.4,59.5,2795,4095,0,1344,0,0,0
31.4,59.5,2811,4095,0,1344,0,0,0
31.4,59.5,2806,4095,0,1338,0,0,0
31.4,59.5,2871,4095,0,1342,0,0,0
31.4,59.5,2835,4095,0,1344,0,0,0
31.5,59.5,2855,4095,0,1342,0,0,0
31.5,59.5,2799,4095,0,1339,0,0,0
31.5,59.5,2855,4095,0,1344,0,0,0
31.5,59.5,2863,4095,0,1328,0,0,0
31.4,59.5,2878,4095,0,1342,0,0,0
31.4,59.5,2807,4095,0,1338,0,0,0
31.4,59.5,2832,4095,0,1331,0,0,0
31.4,59.5,2882,4095,0,1339,0,0,0
31.4,59.5,2880,4095,0,1275,0,0,0
31.4,59.5,2832,4095,0,1326,0,0,0
31.4,59.5,2807,4095,0,1320,0,0,0
31.4,59.5,2877,4095,0,1332,0,0,0
31.4,59.6,2862,4095,0,1338,0,0,0
31.4,59.6,2864,4095,0,1335,0,0,0
31.4,59.6,2801,4095,0,1334,0,0,0
31.4,59.6,2857,4095,0,1327,0,0,0
31.5,59.6,2834,4095,0,1328,0,0,0
31.5,59.6,2881,4095,0,1328,0,0,0
31.5,59.6,2816,4095,0,1328,0,0,0
31.5,59.6,2833,4095,0,1322,0,0,0
31.4,59.6,2811,4095,0,1311,0,0,0
31.4,59.6,2886,4095,0,1317,0,0,0
31.4,59.6,2852,4095,0,1329,0,0,0
31.4,59.6,2814,4095,0,1328,0,0,0
31.4,59.5,2803,4095,0,1328,0,0,0
31.4,59.5,2864,4095,0,1328,0,0,0
31.4,59.5,2875,4095,0,1319,0,0,0
31.4,59.5,2811,4095,0,1329,0,0,0
31.4,59.5,2821,4095,0,1314,0,0,0
31.4,59.5,2810,4095,0,1328,0,0,0
31.4,59.5,2891,4095,0,1309,0,0,0
31.4,59.5,2818,4095,0,1325,0,0,0
31.4,59.5,2846,4095,0,1330,0,0,0
31.4,59.5,2819,4095,0,1314,0,0,0
31.4,59.5,2887,4095,0,1325,0,0,0
31.4,59.5,2853,4095,0,1319,0,0,0
31.4,59.5,2865,4095,0,1307,0,0,0
31.4,59.5,2799,4095,0,1323,0,0,0
31.4,59.5,2870,4095,0,1323,0,0,0
31.4,59.5,2870,4095,0,1307,0,0,0
31.4,59.6,2883,4095,0,1318,0,0,0
31.4,59.6,2811,4095,0,1317,0,0,0
31.4,59.6,2849,4095,0,1296,0,0,0
31.4,59.6,2883,4095,0,1299,0,0,0
31.4,59.5,2875,4095,0,1322,0,0,0
31.4,59.5,2818,4095,0,1312,0,0,0
31.4,59.5,2839,4095,0,1317,0,0,0
31.4,59.5,2890,4095,0,1310,0,0,0
31.4,59.5,2890,4095,0,1309,0,0,0
31.4,59.5,2837,4095,0,1301,0,0,0
31.4,59.5,2818,4095,0,1314,0,0,0
31.4,59.5,2884,4095,0,1301,0,0,0
31.4,59.5,2871,3996,0,1311,0,0,0
31.4,59.5,2850,4095,0,1305,0,0,0
31.4,59.5,2807,4095,0,1305,0,0,0
31.4,59.5,2877,4095,0,1297,0,0,0
31.4,59.5,2863,4095,0,1310,0,0,0
31.4,59.5,2864,4095,0,1294,0,0,0
31.4,59.5,2802,4095,0,1323,0,0,0
31.4,59.5,2863,4095,0,1293,0,0,0
31.5,59.5,2845,4095,0,1302,0,0,0
31.5,59.5,2878,4095,0,1287,0,0,0
31.5,59.5,2802,4095,0,1296,0,0,0
31.5,59.5,2848,4095,0,1291,0,0,0
31.5,59.5,2831,4095,0,1303,0,0,0
31.5,59.5,2881,4095,0,1296,0,0,0
31.5,59.5,2815,4095,0,1289,0,0,0
31.5,59.5,2832,4095,0,1291,0,0,0
31.4,59.5,2815,4095,0,1296,0,0,0
31.4,59.5,2882,4095,0,1296,0,0,0
31.4,59.5,2830,4095,0,1290,0,0,0
31.4,59.5,2810,4095,0,1298,0,0,0
31.5,59.4,2800,4095,0,1290,0,0,0
31.5,59.4,2866,4095,0,1299,0,0,0
31.5,59.4,2853,4095,0,1295,0,0,0
31.5,59.4,2800,4095,0,1283,0,0,0
31.4,59.4,2800,4095,0,1296,0,0,0
31.4,59.4,2833,4095,0,1293,0,0,0
31.4,59.4,2869,4095,0,1305,0,0,0
31.4,59.4,2798,4095,0,1280,0,0,0
31.5,59.4,2808,4095,0,1283,0,0,0
31.5,59.4,2829,4095,0,1280,0,0,0
31.5,59.4,2877,4095,0,1290,0,0,0
31.5,59.4,2809,4095,0,1282,0,0,0
31.4,59.4,2825,4095,0,1267,0,0,0
31.4,59.4,2807,4095,0,1278,0,0,0
31.4,59.4,2875,4095,0,1295,0,0,0
31.4,59.4,2831,4095,0,1285,0,0,0
31.4,59.3,2849,4095,0,1289,0,0,0
31.4,59.3,2794,4095,0,1289,0,0,0
31.4,59.3,2858,4095,0,1271,0,0,0
31.4,59.3,2858,4095,0,1271,0,0,0
31.4,59.4,2867,4095,0,1282,0,0,0
31.4,59.4,2800,4095,0,1283,0,0,0
31.4,59.4,2842,4095,0,1264,0,0,0
31.4,59.4,2871,4095,0,1280,0,0,0
31.4,59.3,2877,4095,0,1271,0,0,0
31.4,59.3,2814,4095,0,1270,0,0,0
31.4,59.3,2811,4095,0,1284,0,0,0
31.4,59.3,2875,4095,0,1277,0,0,0
31.5,59.4,2866,4095,0,1274,0,0,0
31.5,59.4,2842,4095,0,1277,0,0,0
31.5,59.4,2800,4095,0,1271,0,0,0
31.5,59.4,2864,4095,0,1268,0,0,0
31.4,59.4,2851,4095,0,1278,0,0,0
31.4,59.4,2866,4095,0,1264,0,0,0
31.4,59.4,2803,4095,0,1267,0,0,0
31.4,59.4,2852,4095,0,1266,0,0,0
31.5,59.4,2832,4095,0,1285,0,0,0
31.5,59.4,2882,4095,0,1278,0,0,0
31.5,59.4,2822,4095,0,1265,0,0,0
31.5,59.4,2834,4095,0,1274,0,0,0
31.5,59.4,2818,4095,0,1269,0,0,0
31.5,59.4,2887,4095,0,1264,0,0,0
31.5,59.4,2855,4095,0,1267,0,0,0
31.5,59.4,2822,4095,0,1262,0,0,0
31.4,59.4,2816,4095,0,1271,0,0,0
31.4,59.4,2870,4095,0,1257,0,0,0
31.4,59.4,2881,4095,0,1255,0,0,0
31.4,59.4,2820,4095,0,1266,0,0,0
31.4,59.4,2832,4095,0,1254,0,0,0
31.4,59.4,2853,4095,0,1249,0,0,0
31.4,59.4,2903,4095,0,1258,0,0,0
31.4,59.4,2838,4095,0,1265,0,0,0
31.4,59.4,2855,4095,0,1257,0,0,0
31.4,59.4,2865,4095,0,1264,0,0,0
31.4,59.4,2892,4095,0,1253,0,0,0
31.4,59.4,2869,4095,0,1255,0,0,0
31.4,59.4,2883,4095,0,1248,0,0,0
31.4,59.4,2820,4095,0,1280,0,0,0
31.4,59.4,2861,4095,0,1244,0,0,0
31.4,59.4,2887,4095,0,1266,0,0,0
31.4,59.4,2894,4095,0,1254,0,0,0
31.4,59.4,2838,4095,0,1250,0,0,0
31.4,59.4,2832,4095,0,1257,0,0,0
31.4,59.4,2892,4095,0,1267,0,0,0
31.4,59.4,2878,4095,0,1259,0,0,0
31.4,59.4,2870,4095,0,1235,0,0,0
31.4,59.4,2811,4095,0,1242,0,0,0
31.4,59.4,2864,4095,0,1249,0,0,0
31.5,59.5,2847,4095,0,1239,0,0,0
31.5,59.5,2889,4095,0,1246,0,0,0
31.5,59.5,2826,4095,0,1236,0,0,0
31.5,59.5,2832,4095,0,1239,0,0,0
31.4,59.5,2807,4095,0,1247,0,0,0
31.4,59.5,2880,4095,0,1246,0,0,0
31.4,59.5,2857,4095,0,1238,0,0,0
31.4,59.5,2811,4095,0,1251,0,0,0
31.5,59.5,2809,4095,0,1243,0,0,0
31.5,59.5,2851,4095,0,1242,0,0,0
31.5,59.5,2882,4095,0,1248,0,0,0
31.5,59.5,2814,4095,0,1246,0,0,0
31.4,59.5,2836,4095,0,1241,0,0,0
31.4,59.5,2821,4095,0,1242,0,0,0
31.4,59.5,2889,4095,0,1238,0,0,0
31.4,59.5,2858,4095,0,1238,0,0,0
31.5,59.5,2877,4095,0,1229,0,0,0
31.5,59.5,2813,4095,0,1227,0,0,0
31.5,59.5,2860,4095,0,1237,0,0,0
31.5,59.5,2887,4095,0,1232,0,0,0
31.4,59.4,2894,4095,0,1250,0,0,0
31.4,59.4,2838,4095,0,1235,0,0,0
31.4,59.4,2830,4095,0,1244,0,0,0
31.4,59.4,2893,4095,0,1233,0,0,0
31.4,59.5,2879,4095,0,1246,0,0,0
31.4,59.5,2880,4095,0,1234,0,0,0
31.4,59.5,2818,4095,0,1222,0,0,0
31.4,59.5,2871,4095,0,1230,0,0,0
31.4,59.5,2851,4095,0,1253,0,0,0
31.4,59.5,2897,4095,0,1232,0,0,0
31.4,59.5,2838,4095,0,1231,0,0,0
31.4,59.5,2843,4095,0,1242,0,0,0
31.4,59.5,2829,4095,0,1226,0,0,0
31.4,59.5,2890,4095,0,1232,0,0,0
31.4,59.5,2865,4095,0,1225,0,0,0
31.4,59.5,2827,4095,0,1227,0,0,0
31.4,59.5,2819,4095,0,1234,0,0,0
31.4,59.5,2871,4095,0,1234,0,0,0
31.4,59.5,2886,4095,0,1239,0,0,0
31.4,59.5,2818,4095,0,1226,0,0,0
31.5,59.5,2831,4095,0,1219,0,0,0
31.5,59.5,2847,4095,0,1232,0,0,0
31.5,59.5,2896,4095,0,1228,0,0,0
31.5,59.5,2830,4095,0,1219,0,0,0
31.4,59.5,2847,4095,0,1228,0,0,0
31.4,59.5,2826,4095,0,1221,0,0,0
31.4,59.5,2890,4095,0,1211,0,0,0
31.4,59.5,2847,4095,0,1227,0,0,0
31.5,59.6,2864,4095,0,1217,0,0,0
31.5,59.6,2811,4095,0,1223,0,0,0
31.5,59.6,2873,4095,0,1229,0,0,0
31.5,59.6,2864,4095,0,1220,0,0,0
31.5,59.5,2876,4095,0,1221,0,0,0
31.5,59.5,2806,4095,0,1189,0,0,0
31.5,59.5,2851,4095,0,1219,0,0,0
31.5,59.5,2880,4095,0,1223,0,0,0
31.4,59.4,2889,4095,0,1222,0,0,0
31.4,59.4,2823,4095,0,1215,0,0,0
31.4,59.4,2837,4095,0,1207,0,0,0
31.4,59.4,2891,4095,0,1224,0,0,0
31.4,59.3,2882,4095,0,1216,0,0,0
31.4,59.3,2851,4095,0,1207,0,0,0
31.4,59.3,2821,4095,0,1221,0,0,0
31.4,59.3,2884,4095,0,1216,0,0,0
31.4,59.4,2875,4095,0,1221,0,0,0
31.4,59.4,2879,4095,0,1209,0,0,0
31.4,59.4,2811,4095,0,1215,0,0,0
31.4,59.4,2865,4095,0,1216,0,0,0
31.4,59.5,2849,4095,0,1219,0,0,0
31.4,59.5,2891,4095,0,1211,0,0,0
31.4,59.5,2823,4095,0,1245,0,0,0
31.4,59.5,2853,4095,0,1210,0,0,0
31.4,59.5,2832,4095,0,1221,0,0,0
31.4,59.5,2877,4095,0,1217,0,0,0
31.4,59.5,2847,4095,0,1219,0,0,0
31.4,59.5,2842,4095,0,1203,0,0,0
31.4,59.5,2829,4095,0,1217,0,0,0
31.4,59.5,2892,4095,0,1201,0,0,0
31.4,59.5,2873,4095,0,1205,0,0,0
31.4,59.5,2831,4095,0,1215,0,0,0
31.4,59.5,2823,4095,0,1207,0,0,0
31.4,59.5,2882,4095,0,1200,0,0,0
31.4,59.5,2896,4095,0,1207,0,0,0
31.4,59.5,2832,4095,0,1217,0,0,0
31.4,59.5,2835,4095,0,1204,0,0,0
31.4,59.5,2864,4095,0,1207,0,0,0
31.4,59.5,2908,4095,0,1203,0,0,0
31.4,59.5,2845,4095,0,1199,0,0,0
31.4,59.5,2864,4095,0,1207,0,0,0
31.4,59.5,2846,4095,0,1207,0,0,0
31.4,59.5,2907,4095,0,1201,0,0,0
31.4,59.5,2865,4095,0,1206,0,0,0
31.5,59.5,2882,4095,0,1197,0,0,0
31.5,59.5,2832,4095,0,1201,0,0,0
31.5,59.5,2891,4095,0,1198,0,0,0
31.5,59.5,2893,4095,0,1202,0,0,0
31.4,59.5,2902,4095,0,1210,0,0,0
31.4,59.5,2834,4095,0,1175,0,0,0
31.4,59.5,2879,4095,0,1195,0,0,0
31.4,59.5,2907,4095,0,1188,0,0,0
31.5,59.5,2914,4095,0,1200,0,0,0
31.5,59.5,2863,4095,0,1197,0,0,0
31.5,59.5,2851,4095,0,1198,0,0,0
31.5,59.5,2915,4095,0,1182,0,0,0
31.4,59.5,2901,4095,0,1183,0,0,0
31.4,59.5,2887,4095,0,1181,0,0,0
31.4,59.5,2842,4095,0,1194,0,0,0
31.4,59.5,2901,4095,0,1190,0,0,0
31.5,59.5,2881,4095,0,1200,0,0,0
31.5,59.5,2911,4095,0,1202,0,0,0
31.5,59.5,2847,4095,0,1200,0,0,0
31.5,59.5,2880,4095,0,1187,0,0,0
31.5,59.5,2862,4095,0,1184,0,0,0
31.5,59.5,2913,4095,0,1194,0,0,0
31.5,59.5,2870,4095,0,1191,0,0,0
31.5,59.5,2863,4095,0,1181,0,0,0
31.5,59.5,2846,4095,0,1275,0,0,0
31.5,59.5,2906,4095,0,1168,0,0,0
31.5,59.5,2893,4095,0,1187,0,0,0
31.5,59.5,2843,4095,0,1179,0,0,0
31.4,59.4,2843,4095,0,1187,0,0,0
31.4,59.4,2884,4095,0,1186,0,0,0
31.4,59.4,2913,4095,0,1172,0,0,0
31.4,59.4,2849,4095,0,1191,0,0,0
31.4,59.5,2864,4095,0,1183,0,0,0
31.4,59.5,2867,4095,0,1183,0,0,0
31.4,59.5,2923,4095,0,1185,0,0,0
31.4,59.5,2871,4095,0,1175,0,0,0
31.5,59.5,2890,4095,0,1201,0,0,0
31.5,59.5,2839,4095,0,1191,0,0,0
31.5,59.5,2909,4095,0,1179,0,0,0
31.5,59.5,2896,4095,0,1185,0,0,0
31.5,59.5,2911,4095,0,1185,0,0,0
31.5,59.5,2851,4095,0,1180,0,0,0
31.5,59.5,2893,4095,0,1191,0,0,0
31.5,59.5,2922,4095,0,1185,0,0,0
31.4,59.5,2927,4095,0,1169,0,0,0
31.4,59.5,2874,4095,0,1171,0,0,0
31.4,59.5,2869,4095,0,1180,0,0,0
31.4,59.5,2928,4095,0,1185,0,0,0
31.4,59.4,2917,4095,0,1182,0,0,0
31.4,59.4,2902,4095,0,1165,0,0,0
31.4,59.4,2858,4095,0,1187,0,0,0
31.4,59.4,2909,4095,0,1168,0,0,0
31.5,59.4,2893,4095,0,1182,0,0,0
31.5,59.4,2925,4095,0,1167,0,0,0
31.5,59.4,2864,4095,0,1166,0,0,0
31.5,59.4,2886,4095,0,1175,0,0,0
31.5,59.4,2867,4095,0,1175,0,0,0
31.5,59.4,2928,4095,0,1172,0,0,0
31.5,59.4,2896,4095,0,1185,0,0,0
31.5,59.4,2864,4095,0,1165,0,0,0
31.5,59.4,2875,4095,0,1181,0,0,0
31.5,59.4,2907,4095,0,1174,0,0,0
31.5,59.4,2919,4095,0,1136,0,0,0
31.5,59.4,2861,4095,0,1169,0,0,0
31.4,59.4,2875,4095,0,1167,0,0,0
31.4,59.4,2879,4095,0,1167,0,0,0
31.4,59.4,2932,4095,0,1157,0,0,0
31.4,59.4,2891,4095,0,1171,0,0,0
31.4,59.4,2909,4095,0,1173,0,0,0
31.4,59.4,2861,4095,0,1151,0,0,0
31.4,59.4,2909,4095,0,1154,0,0,0
31.4,59.4,2926,4095,0,1167,0,0,0
31.5,59.3,2934,4095,0,1166,0,0,0
31.5,59.3,2883,4095,0,1170,0,0,0
31.5,59.3,2882,4095,0,1147,0,0,0
31.5,59.3,2938,4095,0,1167,0,0,0
31.5,59.3,2925,4095,0,1168,0,0,0
31.5,59.3,2919,4095,0,1154,0,0,0
31.5,59.3,2851,4095,0,1170,0,0,0
31.5,59.3,2917,4095,0,1167,0,0,0
31.4,59.2,2864,4095,0,1152,0,0,0
31.4,59.2,2928,4095,0,1147,0,0,0
31.4,59.2,2891,4095,0,1146,0,0,0
31.4,59.2,2891,4095,0,1158,0,0,0
31.5,59.2,2878,4095,0,1161,0,0,0
31.5,59.2,2932,4095,0,1153,0,0,0
31.5,59.2,2928,4095,0,1151,0,0,0
31.5,59.2,2877,4095,0,1152,0,0,0
31.5,59.2,2889,4095,0,1163,0,0,0
31.5,59.2,2911,4095,0,1154,0,0,0
31.5,59.2,2947,4095,0,1154,0,0,0
31.5,59.2,2893,4095,0,1159,0,0,0
31.5,59.3,2911,4095,0,1169,0,0,0
31.5,59.3,2882,4095,0,1163,0,0,0
31.5,59.3,2942,4095,0,1157,0,0,0
31.5,59.3,2925,4095,0,1156,0,0,0
31.5,59.4,2942,4095,0,1150,0,0,0
31.5,59.4,2883,4095,0,1145,0,0,0
31.5,59.4,2918,4095,0,1143,0,0,0
31.5,59.4,2935,4095,0,1143,0,0,0
31.4,59.4,2949,4095,0,1162,0,0,0
31.4,59.4,2911,4095,0,1143,0,0,0
31.4,59.4,2885,4095,0,1136,0,0,0
31.4,59.4,2944,4095,0,1143,0,0,0
31.5,59.4,2926,4095,0,1147,0,0,0
31.5,59.4,2943,4095,0,1162,0,0,0
31.5,59.4,2875,4095,0,1139,0,0,0
31.5,59.4,2917,4095,0,1149,0,0,0
31.5,59.4,2895,4095,0,1145,0,0,0
31.5,59.4,2950,4095,0,1163,0,0,0
31.5,59.4,2911,4095,0,1148,0,0,0
31.5,59.4,2890,4095,0,1139,0,0,0
31.5,59.4,2879,4095,0,1159,0,0,0
31.5,59.4,2928,4095,0,1150,0,0,0
31.5,59.4,2943,4095,0,1150,0,0,0
31.5,59.4,2889,4095,0,1153,0,0,0
31.4,59.4,2896,4095,0,1143,0,0,0
31.4,59.4,2902,4095,0,1137,0,0,0
31.4,59.4,2977,4095,0,1136,0,0,0
31.4,59.4,2912,4095,0,1147,0,0,0
31.4,59.4,2929,4095,0,1138,0,0,0
31.4,59.4,2884,4095,0,1140,0,0,0
31.4,59.4,2934,4095,0,1143,0,0,0
31.4,59.4,2942,4095,0,1146,0,0,0
31.4,59.4,2949,4095,0,1136,0,0,0
31.4,59.4,2895,4095,0,1136,0,0,0
31.4,59.4,2909,4095,0,1135,0,0,0
31.4,59.4,2955,4095,0,1139,0,0,0
31.5,59.4,2943,4095,0,1195,0,0,0
31.5,59.4,2928,4095,0,1141,0,0,0
31.5,59.4,2883,4095,0,1135,0,0,0
31.5,59.4,2938,4095,0,1148,0,0,0
31.4,59.4,2917,4095,0,1136,0,0,0
31.4,59.4,2953,4095,0,1145,0,0,0
31.4,59.4,2895,4095,0,1135,0,0,0
31.4,59.4,2909,4095,0,1127,0,0,0
31.5,59.4,2894,4095,0,1136,0,0,0
31.5,59.4,2947,4095,0,1142,0,0,0
31.5,59.4,2927,4095,0,1135,0,0,0
31.5,59.4,2887,4095,0,957,0,0,0
31.4,59.4,2884,4095,0,1139,0,0,0
31.4,59.4,2925,4095,0,1126,0,0,0
31.4,59.4,2951,4095,0,1125,0,0,0
31.4,59.4,2891,4095,0,1150,0,0,0
31.4,59.4,2899,4095,0,1122,0,0,0
31.4,59.4,2898,4095,0,1125,0,0,0
31.4,59.4,2954,4095,0,1136,0,0,0
31.4,59.4,2917,4095,0,1134,0,0,0
31.5,59.4,2933,4095,0,1131,0,0,0
31.5,59.4,2883,4095,0,1143,0,0,0
31.5,59.4,2930,4095,0,1110,0,0,0
31.5,59.4,2941,4095,0,1123,0,0,0
31.5,59.4,2949,4095,0,1136,0,0,0
31.5,59.4,2896,4095,0,1120,0,0,0
31.5,59.4,2901,4095,0,1123,0,0,0
31.5,59.4,2950,4095,0,1122,0,0,0
31.4,59.4,2939,4095,0,1131,0,0,0
31.4,59.4,2918,4095,0,1083,0,0,0
31.4,59.4,2877,4095,0,1117,0,0,0
31.4,59.4,2931,4095,0,1113,0,0,0
31.4,59.4,2918,4095,0,1104,0,0,0
31.4,59.4,2946,4095,0,1133,0,0,0
31.4,59.4,2880,4095,0,1119,0,0,0
31.4,59.4,2907,4095,0,1124,0,0,0
31.4,59.4,2893,4095,0,1136,0,0,0
31.4,59.4,2944,4095,0,1125,0,0,0
31.4,59.4,2906,4095,0,1087,0,0,0
31.4,59.4,2887,4095,0,1141,0,0,0
31.4,59.4,2874,4095,0,1133,0,0,0
31.4,59.4,2929,4095,0,1129,0,0,0
31.4,59.4,2928,4095,0,1122,0,0,0
31.4,59.4,2876,4095,0,1114,0,0,0
31.4,59.4,2879,4095,0,1115,0,0,0
31.4,59.4,2911,4095,0,1121,0,0,0
31.4,59.4,2945,4095,0,1137,0,0,0
31.4,59.4,2886,4095,0,1122,0,0,0
31.4,59.4,2901,4095,0,1117,0,0,0
31.4,59.4,2897,4095,0,1118,0,0,0
31.4,59.4,2945,4095,0,1127,0,0,0
31.4,59.4,2900,4095,0,1122,0,0,0
31.4,59.4,2913,4095,0,1125,0,0,0
31.4,59.4,2882,4095,0,1117,0,0,0
31.4,59.4,2935,4095,0,1107,0,0,0
31.4,59.4,2918,4095,0,1130,0,0,0
31.4,59.4,2928,4095,0,1105,0,0,0
31.4,59.4,2874,4095,0,1114,0,0,0
31.4,59.4,2928,4095,0,1108,0,0,0
31.4,59.4,2929,4095,0,1122,0,0,0
31.4,59.4,2939,4095,0,1057,0,0,0
31.4,59.4,2874,4095,0,1107,0,0,0
31.4,59.4,2905,4095,0,1099,0,0,0
31.4,59.4,2945,4095,0,1122,0,0,0
31.4,59.4,2951,4095,0,1138,0,0,0
31.4,59.4,2898,4095,0,1108,0,0,0
31.4,59.4,2889,4095,0,1104,0,0,0
31.4,59.4,2939,4095,0,1103,0,0,0
31.5,59.4,2934,4095,0,1106,0,0,0
31.5,59.4,2925,4095,0,1110,0,0,0
31.5,59.4,2881,4095,0,1119,0,0,0
31.5,59.4,2934,4095,0,1105,0,0,0
31.5,59.4,2914,4095,0,1102,0,0,0
31.5,59.4,2942,4095,0,1094,0,0,0
31.5,59.4,2883,4095,0,1119,0,0,0
31.5,59.4,2918,4095,0,1095,0,0,0
31.5,59.4,2899,4095,0,1101,0,0,0
31.5,59.4,2957,4095,0,1107,0,0,0
31.5,59.4,2905,4095,0,1115,0,0,0
31.5,59.4,2899,4095,0,1108,0,0,0
31.5,59.4,2929,4095,0,1101,0,0,0
31.5,59.4,2947,4095,0,1104,0,0,0
31.5,59.4,2926,4095,0,1104,0,0,0
31.5,59.4,2884,4095,0,1104,0,0,0
31.5,59.4,2882,4095,0,1104,0,0,0
31.5,59.4,2928,4095,0,1104,0,0,0
31.5,59.4,2945,4095,0,1105,0,0,0
31.5,59.4,2882,4095,0,1088,0,0,0
31.5,59.4,2890,4095,0,1168,0,0,0
31.5,59.4,2896,4095,0,1089,0,0,0
31.5,59.4,2951,4095,0,1089,0,0,0
31.5,59.4,2897,4095,0,1114,0,0,0
31.5,59.4,2926,4095,0,1088,0,0,0
31.5,59.4,2886,4095,0,1100,0,0,0
31.5,59.4,2939,4095,0,1104,0,0,0
31.5,59.4,2929,4095,0,1104,0,0,0
31.5,59.4,2945,4095,0,1104,0,0,0
31.5,59.4,2882,4095,0,1093,0,0,0
31.5,59.4,2914,4095,0,1104,0,0,0
31.5,59.4,2959,4095,0,1095,0,0,0
31.4,59.4,2954,4095,0,1086,0,0,0
31.4,59.4,2918,4095,0,1106,0,0,0
31.4,59.4,2891,4095,0,1097,0,0,0
31.4,59.4,2945,4095,0,1102,0,0,0
31.4,59.4,2929,4095,0,1094,0,0,0
31.4,59.4,2947,4095,0,1086,0,0,0
31.4,59.4,2889,4095,0,1087,0,0,0
31.4,59.4,2922,4095,0,1093,0,0,0
31.4,59.4,2899,4095,0,1096,0,0,0
31.4,59.4,2954,4095,0,1092,0,0,0
31.4,59.4,2914,4095,0,1093,0,0,0
31.4,59.4,2896,4095,0,1086,0,0,0
31.5,59.4,2896,4095,0,1087,0,0,0
31.5,59.4,2944,4095,0,1091,0,0,0
31.5,59.4,2950,4095,0,1091,0,0,0
31.5,59.4,2893,4095,0,1087,0,0,0
31.5,59.4,2896,4095,0,1072,0,0,0
31.5,59.4,2933,4095,0,1088,0,0,0
31.5,59.4,2966,4095,0,1091,0,0,0
31.5,59.4,2915,4095,0,1075,0,0,0
31.5,59.4,2939,4095,0,1091,0,0,0
31.5,59.4,2893,4095,0,1072,0,0,0
31.5,59.4,2944,4095,0,1088,0,0,0
31.5,59.4,2946,4095,5,1075,0,0,0
31.4,59.4,2960,4095,0,1081,0,0,0
31.4,59.4,2902,4095,0,1098,0,0,0
31.4,59.4,2914,4095,0,1094,0,0,0
31.4,59.4,2962,4095,0,1088,0,0,0
31.5,59.4,2950,4095,0,1101,0,0,0
31.5,59.4,2939,4095,0,1097,0,0,0
31.5,59.4,2896,4095,0,1101,0,0,0
31.5,59.4,2934,4095,0,1077,0,0,0
31.4,59.4,2922,4095,0,1088,0,0,0
31.4,59.4,2962,4095,0,1089,0,0,0
31.4,59.4,2917,4095,0,1094,0,0,0
31.4,59.4,2901,4095,0,1086,0,0,0
31.4,59.4,2896,4095,0,1091,0,0,0
31.4,59.4,2943,4095,0,1088,0,0,0
31.4,59.4,2947,4095,0,1086,0,0,0
31.4,59.4,2896,4095,0,1097,0,0,0
31.4,59.3,2911,4095,0,1082,0,0,0
31.4,59.3,2905,4095,0,1103,0,0,0
31.4,59.3,2958,4095,0,1099,0,0,0
31.4,59.3,2928,4095,0,1082,0,0,0
31.4,59.2,2949,4095,0,1088,0,0,0
31.4,59.2,2896,4095,0,1088,0,0,0
31.4,59.2,2929,4095,0,1067,0,0,0
31.4,59.2,2960,4095,0,1069,0,0,0
31.5,59.2,2958,4095,0,1077,0,0,0
31.5,59.2,2928,4095,0,1089,0,0,0
31.5,59.2,2895,4095,0,1090,0,0,0
31.5,59.2,2947,4095,0,1075,0,0,0
31.5,59.2,2928,4095,0,1075,0,0,0
31.5,59.2,2958,4095,0,1072,0,0,0
31.5,59.2,2899,4095,0,1090,0,0,0
31.5,59.2,2909,4095,0,1076,0,0,0
31.4,59.3,2894,4095,0,1081,0,0,0
31.4,59.3,2943,4095,0,1081,0,0,0
31.4,59.3,2945,4095,0,1072,0,0,0
31.4,59.3,2893,4095,0,1072,0,0,0
31.4,59.3,2896,4095,0,1066,0,0,0
31.4,59.3,2908,4095,0,1078,0,0,0
31.4,59.3,2960,4095,0,1088,0,0,0
31.4,59.3,2927,4095,0,1072,0,0,0
31.5,59.3,2946,4095,0,1076,0,0,0
31.5,59.3,2892,4095,0,1070,0,0,0
31.5,59.3,2929,4095,0,1088,0,0,0
31.5,59.3,2960,4095,0,1082,0,0,0
31.4,59.4,2959,4095,0,1082,0,0,0
31.4,59.4,2923,4095,0,1061,0,0,0
31.4,59.4,2898,4095,0,1073,0,0,0
31.4,59.4,2963,4095,0,1074,0,0,0
31.4,59.4,2931,4095,0,1061,0,0,0
31.4,59.4,2951,4095,0,1086,0,0,0
31.4,59.4,2895,4095,0,1075,0,0,0
31.4,59.4,2917,4095,0,1071,0,0,0
31.4,59.4,2898,4095,0,1066,0,0,0
31.4,59.4,2960,4095,0,1063,0,0,0
31.4,59.4,2931,4095,0,1069,0,0,0
31.4,59.4,2893,4095,0,1071,0,0,0
31.5,59.4,2887,4095,0,1083,0,0,0
31.5,59.4,2924,4095,0,1073,0,0,0
31.5,59.4,2961,4095,0,1063,0,0,0
31.5,59.4,2911,4095,0,1072,0,0,0
31.4,59.4,2929,4095,0,1072,0,0,0
31.4,59.4,2894,4095,0,1075,0,0,0
31.4,59.4,2947,4095,0,1071,0,0,0
31.4,59.4,2949,4095,0,1073,0,0,0
31.4,59.4,2960,4095,0,1063,0,0,0
31.4,59.4,2901,4095,0,1078,0,0,0
31.4,59.4,2915,4095,0,1061,0,0,0
31.4,59.4,2961,4095,0,1054,0,0,0
31.4,59.4,2957,4095,0,1072,0,0,0
31.4,59.4,2937,4095,0,1072,0,0,0
31.4,59.4,2893,4095,0,1073,0,0,0
31.4,59.4,2938,4095,0,1072,0,0,0
31.4,59.4,2923,4095,0,1075,0,0,0
31.4,59.4,2961,4095,0,1072,0,0,0
31.4,59.4,2909,4095,0,1067,0,0,0
31.4,59.4,2903,4095,0,1056,0,0,0
31.4,59.4,2883,4095,0,1065,0,0,0
31.4,59.4,2935,4095,0,1057,0,0,0
31.4,59.4,2943,4095,0,1072,0,0,0
31.4,59.4,2890,4095,0,1067,0,0,0
31.4,59.4,2908,4095,0,1046,0,0,0
31.4,59.4,2905,4095,0,1063,0,0,0
31.4,59.4,2951,4095,0,1033,0,0,0
31.4,59.4,2928,4095,0,1059,0,0,0
31.4,59.4,2943,4095,0,1074,0,0,0
31.4,59.4,2886,4095,0,1023,0,0,0
31.4,59.4,2915,4095,0,1060,0,0,0
31.4,59.4,2960,4095,0,1068,0,0,0
31.4,59.5,2954,4095,0,1057,0,0,0
31.4,59.5,2931,4095,0,1060,0,0,0
31.4,59.5,2891,4095,0,1057,0,0,0
31.4,59.5,2942,4095,0,1055,0,0,0
31.4,59.5,2922,4095,0,1072,0,0,0
31.4,59.5,2964,4095,0,1050,0,0,0
31.4,59.5,2912,4095,0,1063,0,0,0
31.4,59.5,2889,4095,0,1051,0,0,0
31.4,59.5,2892,4095,0,1069,0,0,0
31.4,59.5,2943,4095,0,1058,0,0,0
31.4,59.5,2958,4095,0,1054,0,0,0
31.4,59.5,2899,4095,0,1070,0,0,0
31.4,59.5,2910,4095,0,1057,0,0,0
31.4,59.5,2914,4095,0,1057,0,0,0
31.4,59.5,2949,4095,0,1040,0,0,0
31.4,59.5,2932,4095,0,1059,0,0,0
31.4,59.4,2949,4095,0,1051,0,0,0
31.4,59.4,2895,4095,0,1069,0,0,0
31.4,59.4,2927,4095,0,1053,0,0,0
31.4,59.4,2962,4095,0,1049,0,0,0
31.4,59.4,2959,4095,0,1057,0,0,0
31.4,59.4,2937,4095,0,1056,0,0,0
31.4,59.4,2896,4095,0,1072,0,0,0
31.4,59.4,2943,4095,0,1058,0,0,0
31.4,59.4,2918,4095,0,1064,0,0,0
31.4,59.4,2963,4095,0,1050,0,0,0
31.4,59.4,2915,4095,0,1066,0,0,0
31.4,59.4,2909,4095,0,1023,0,0,0
31.4,59.4,2889,4095,0,1051,0,0,0
31.4,59.4,2947,4095,0,1049,0,0,0
31.4,59.4,2949,4095,0,1072,0,0,0
31.4,59.4,2891,4095,0,1054,0,0,0
31.4,59.4,2907,4095,0,1047,0,0,0
31.4,59.4,2913,4095,0,1045,0,0,0
31.4,59.4,2964,4095,0,1053,0,0,0
31.4,59.4,2938,4095,0,1045,0,0,0
31.4,59.4,2957,4095,0,1059,0,0,0
31.4,59.4,2898,4095,0,1059,0,0,0
31.4,59.4,2940,4095,0,1040,0,0,0
31.4,59.4,2961,4095,0,1054,0,0,0
31.4,59.5,2963,4095,0,1039,0,0,0
31.4,59.5,2935,4095,0,1059,0,0,0
31.4,59.5,2903,4095,0,1043,0,0,0
31.4,59.5,2965,4095,0,1046,0,0,0
31.4,59.4,2945,4095,0,1063,0,0,0
31.4,59.4,2961,4095,0,1040,0,0,0
31.4,59.4,2899,4095,0,1040,0,0,0
31.4,59.4,2933,4095,0,1054,0,0,0
31.4,59.5,2915,4095,0,1040,0,0,0
31.4,59.5,2966,4095,0,1031,0,0,0
31.4,59.5,2930,4095,0,1048,0,0,0
31.4,59.5,2909,4095,0,1052,0,0,0
31.4,59.5,2898,4095,0,1051,0,0,0
31.4,59.5,2947,4095,0,1044,0,0,0
31.4,59.5,2959,4095,0,1046,0,0,0
31.4,59.5,2901,4095,0,1040,0,0,0
31.4,59.5,2914,4095,0,1061,0,0,0
31.4,59.5,2924,4095,0,1043,0,0,0
31.4,59.5,2971,4095,0,1047,0,0,0
31.4,59.5,2926,4095,0,1049,0,0,0
31.4,59.5,2943,4095,0,1040,0,0,0
31.4,59.5,2909,4095,0,1042,0,0,0
31.4,59.5,2960,4095,0,1040,0,0,0
31.4,59.5,2951,4095,0,1037,0,0,0
31.4,59.5,2963,4095,0,1049,0,0,0
31.4,59.5,2908,4095,0,1034,0,0,0
31.4,59.5,2937,4095,0,1053,0,0,0
31.4,59.5,2969,4095,0,1039,0,0,0
31.4,59.5,2967,4095,0,1037,0,0,0
31.4,59.5,2928,4095,0,1067,0,0,0
31.4,59.5,2913,4095,0,1051,0,0,0
31.4,59.5,2967,4095,0,1042,0,0,0
31.4,59.5,2959,4095,0,1039,0,0,0
31.4,59.5,2959,4095,0,1037,0,0,0
31.4,59.5,2907,4095,0,1044,0,0,0
31.4,59.5,2953,4095,0,1071,0,0,0
31.4,59.4,2930,4095,0,1045,0,0,0
31.4,59.4,2965,4095,0,1047,0,0,0
31.4,59.4,2919,4095,0,1023,0,0,0
31.4,59.4,2926,4095,0,1040,0,0,0
31.4,59.3,2912,4095,0,991,0,0,0
31.4,59.3,2974,4095,0,1056,0,0,0
31.4,59.3,2943,4095,0,1042,0,0,0
31.4,59.3,2909,4095,0,1023,0,0,0
31.4,59.3,2903,4095,0,1034,0,0,0
31.4,59.3,2947,4095,0,1031,0,0,0
31.4,59.3,2965,4095,0,1013,0,0,0
31.4,59.3,2906,4095,0,1031,0,0,0
31.4,59.3,2921,4095,0,1049,0,0,0
31.4,59.3,2927,4095,0,1051,0,0,0
31.4,59.3,2972,4095,0,1040,0,0,0
31.4,59.3,2927,4095,0,1034,0,0,0
31.4,59.3,2944,4095,0,1041,0,0,0
31.4,59.3,2907,4095,0,1046,0,0,0
31.4,59.3,2958,4095,0,1023,0,0,0
31.4,59.3,2947,4095,0,1019,0,0,0
31.4,59.3,2959,4095,0,1018,0,0,0
31.4,59.3,2896,4095,0,1038,0,0,0
31.4,59.3,2935,4095,0,1039,0,0,0
31.4,59.3,2982,4095,0,1040,0,0,0
31.4,59.4,2968,4095,0,1043,0,0,0
31.4,59.4,2923,4095,0,1040,0,0,0
31.4,59.4,2915,4095,0,1023,0,0,0
31.4,59.4,2960,4095,0,1019,0,0,0
31.4,59.4,2955,4095,0,1040,0,0,0
31.4,59.4,2942,4095,0,1021,0,0,0
31.4,59.4,2906,4095,0,1023,0,0,0
31.4,59.4,2961,4095,0,1018,0,0,0
31.4,59.5,2947,4095,0,1034,0,0,0
31.4,59.5,2966,4095,0,957,0,0,0
31.4,59.5,2910,4095,0,1023,0,0,0
31.4,59.5,2951,4095,0,1021,0,0,0
31.4,59.5,2931,4095,0,1014,0,0,0
31.4,59.5,2986,4095,0,1014,0,0,0
31.4,59.5,2933,4095,0,1008,0,0,0
31.4,59.5,2928,4095,0,1031,0,0,0
31.4,59.5,2911,4095,0,1023,0,0,0
31.4,59.5,2960,4095,0,1022,0,0,0
31.4,59.5,2930,4095,0,1015,0,0,0
31.4,59.5,2857,4095,0,1010,0,0,0
31.8,58.7,2941,4095,0,2164,0,0,0
31.8,58.7,2927,4095,0,1272,0,0,0
31.8,58.7,2941,4095,0,784,0,0,0
31.8,58.7,2975,4095,0,0,0,0,0
31.7,58.7,2944,4095,0,0,0,0,0
31.7,58.7,2953,4095,0,1981,0,0,0
31.7,58.7,2930,4095,0,1581,0,0,0
31.7,58.7,2928,4095,0,1021,0,0,0
31.8,58.7,2925,4095,0,0,0,0,0
31.8,58.7,2934,4095,0,0,0,0,0
31.8,58.7,2953,4095,0,1055,0,0,0
31.8,58.7,2935,4095,0,1682,0,0,0
31.8,58.7,2951,4095,0,0,0,0,0
31.8,58.7,2927,4095,0,0,0,0,0
31.8,58.7,2927,4095,0,0,0,0,0
31.8,58.7,2949,4095,0,150,0,0,0
31.8,58.7,2929,4095,0,844,0,0,0
31.8,58.7,2949,4095,0,0,0,0,0
31.8,58.7,2916,4095,0,0,0,0,0
31.8,58.7,2915,4095,0,0,0,0,0
31.8,58.7,2918,4095,0,1431,0,0,0
31.8,58.7,2927,4095,0,960,0,0,0
31.8,58.7,2944,4095,0,26,0,0,0
31.8,58.7,2941,4095,0,0,0,0,0
31.8,58.7,2949,4095,0,1530,0,0,0
31.8,58.7,2928,4095,0,1424,0,0,0
31.8,58.7,2917,4095,0,1237,0,0,0
31.8,58.7,2942,4095,0,560,0,0,0
31.8,58.7,2927,4095,0,0,0,0,0
31.8,58.7,2949,4095,0,765,0,0,0
31.8,58.7,2928,4095,0,1230,0,0,0
31.8,58.7,2902,4095,0,1710,0,0,0
31.8,58.8,2897,4095,0,0,0,0,0
31.8,58.8,2880,4095,0,0,0,0,0
31.8,58.8,2871,4095,0,97,0,0,0
31.8,58.8,2817,4095,0,1274,0,0,0
31.8,58.8,2788,4095,0,0,0,0,0
31.8,58.8,2736,4095,0,0,0,0,0
31.8,58.8,2697,4095,0,0,0,0,0
31.8,58.8,2714,4095,0,0,0,0,0
31.8,58.8,2672,4095,0,953,0,0,0
31.8,58.8,2694,4095,0,0,0,0,0
31.8,58.8,2672,4095,0,0,0,0,0
31.8,58.8,2625,4095,0,0,0,0,0
31.8,58.7,2640,4095,0,1599,0,0,0
31.8,58.7,2624,4095,0,1595,0,0,0
31.8,58.7,2654,4095,0,706,0,0,0
31.8,58.7,2672,4095,0,0,0,0,0
31.8,58.6,2671,4095,0,597,0,0,0
31.8,58.6,2649,4095,0,1331,0,0,0
31.8,58.6,2608,4095,0,1266,0,0,0
31.8,58.6,2631,4095,0,867,0,0,0
31.8,58.6,2611,4095,0,0,0,0,0
31.8,58.6,2645,4095,0,0,0,0,0
31.8,58.6,2654,4095,0,1305,0,0,0
31.8,58.6,2613,4095,0,1360,0,0,0
31.8,58.6,2617,4095,0,0,0,0,0
31.8,58.6,2658,4095,0,1162,0,0,0
31.8,58.6,2625,4095,0,1327,0,0,0
31.8,58.6,2594,4095,0,1245,0,0,0
31.8,58.6,2605,4095,0,0,0,0,0
31.8,58.6,2609,4095,0,0,0,0,0
31.8,58.6,2647,4095,0,293,0,0,0
31.8,58.6,2637,4095,0,1389,0,0,0
31.8,58.6,2651,4095,0,0,0,0,0
31.8,58.6,2618,4095,0,0,0,0,0
31.8,58.6,2595,4095,0,0,0,0,0
31.8,58.6,2634,4095,0,0,0,0,0
31.8,58.7,2622,4095,0,891,0,0,0
31.8,58.7,2653,4095,0,0,0,0,0
31.8,58.7,2629,4095,0,0,0,0,0
31.8,58.7,2601,4095,0,0,0,0,0
31.8,58.8,2605,4095,0,1620,0,0,0
31.8,58.8,2609,4095,0,890,0,0,0
31.8,58.8,2654,4095,0,0,0,0,0
31.8,58.8,2640,4095,0,0,0,0,0
31.8,58.8,2655,4095,0,1203,0,0,0
31.8,58.8,2612,4095,0,1563,0,0,0
31.8,58.8,2607,4095,0,1040,0,0,0
31.8,58.8,2645,4095,0,138,0,0,0
31.8,58.7,2626,4095,0,0,0,0,0
31.8,58.7,2672,4095,0,1323,0,0,0
31.8,58.7,2624,4095,0,1392,0,0,0
31.8,58.7,2608,4095,0,1147,0,0,0
31.8,58.8,2603,4095,0,0,0,0,0
31.8,58.8,2625,4095,0,0,0,0,0
31.8,58.8,2663,4095,0,1119,0,0,0
31.8,58.8,2624,4095,0,1290,0,0,0
31.8,59.3,2650,4095,0,0,0,0,0
31.8,59.3,2608,4095,0,0,0,0,0
31.8,59.3,2631,4095,0,0,0,0,0
31.8,59.3,2669,4095,0,1112,0,0,0
31.8,59.4,2655,4095,0,233,0,0,0
31.8,59.4,2655,4095,0,0,0,0,0
31.8,59.4,2614,4095,0,0,0,0,0
31.8,59.4,2642,4095,0,0,0,0,0
31.8,59.3,2650,4095,0,1375,0,0,0
31.8,59.3,2696,4095,0,313,0,0,0
31.8,59.3,2706,4095,0,0,0,0,0
31.8,59.3,2672,4095,0,0,0,0,0
31.8,59.1,2692,4095,0,1529,0,0,0
31.8,59.1,2698,4095,0,1387,0,0,0
31.8,59.1,2742,4095,0,523,0,0,0
31.8,59.1,2761,4095,0,0,0,0,0
31.8,58.9,2784,4095,0,1137,0,0,0
31.8,58.9,2761,4095,0,1266,0,0,0
31.8,58.9,2744,4095,0,1401,0,0,0
31.8,58.9,2759,4095,0,539,0,0,0
31.8,58.8,2725,4095,0,0,0,0,0
31.8,58.8,2741,4095,0,1049,0,0,0
31.8,58.8,2701,4095,0,1313,0,0,0
31.8,58.8,2675,4095,0,1294,0,0,0
31.8,58.8,2669,4095,0,0,0,0,0
31.8,58.8,2672,4095,0,0,0,0,0
31.8,58.8,2690,4095,0,994,0,0,0
31.8,58.8,2649,4095,0,1613,0,0,0
31.8,58.8,2663,4095,0,0,0,0,0
31.8,58.8,2610,4095,0,0,0,0,0
31.8,58.8,2623,4095,0,0,0,0,0
31.8,58.8,2660,4095,0,781,0,0,0
31.8,58.8,2640,4095,0,577,0,0,0
31.8,58.8,2651,4095,0,0,0,0,0
31.8,58.8,2604,4095,0,0,0,0,0
31.8,58.8,2608,4095,0,0,0,0,0
31.8,58.9,2595,4095,0,1243,0,0,0
31.8,58.9,2631,4095,0,592,0,0,0
31.8,58.9,2649,4095,0,0,0,0,0
31.8,58.9,2605,4095,0,0,0,0,0
31.8,58.8,2624,4095,0,1648,0,0,0
31.8,58.8,2590,4095,0,1456,0,0,0
31.8,58.8,2623,4095,0,659,0,0,0
31.8,58.8,2646,4095,0,0,0,0,0
31.8,58.8,2644,4095,0,617,0,0,0
31.8,58.8,2624,4095,0,1531,0,0,0
31.8,58.8,2589,4095,0,1412,0,0,0
31.8,58.8,2620,4095,0,821,0,0,0
31.8,58.9,2592,4095,0,0,0,0,0
31.8,58.9,2642,4095,0,458,0,0,0
31.8,58.9,2626,4095,0,1741,0,0,0
31.8,58.9,2592,4095,0,1334,0,0,0
31.9,58.8,2598,4095,0,0,0,0,0
31.9,58.8,2598,4095,0,0,0,0,0
31.9,58.8,2634,4095,0,337,0,0,0
31.9,58.8,2629,4095,0,1613,0,0,0
31.8,58.7,2644,4095,0,0,0,0,0
31.8,58.7,2603,4095,0,0,0,0,0
31.8,58.7,2593,4095,0,0,0,0,0
31.8,58.7,2635,4095,0,84,0,0,0
31.9,58.6,2621,4095,0,912,0,0,0
31.9,58.6,2645,4095,0,0,0,0,0
31.9,58.6,2611,4095,0,0,0,0,0
31.9,58.6,2591,4095,0,0,0,0,0
31.8,58.6,2590,4095,0,1359,0,0,0
31.8,58.6,2609,4095,0,976,0,0,0
31.8,58.6,2645,4095,0,0,0,0,0
31.8,58.6,2617,4095,0,0,0,0,0
31.8,58.6,2635,4095,0,1414,0,0,0
31.8,58.6,2589,4095,0,1489,0,0,0
31.8,58.6,2608,4095,0,950,0,0,0
31.8,58.6,2645,4095,0,0,0,0,0
31.8,58.8,2635,4095,0,0,0,0,0
31.8,58.8,2648,4095,0,1371,0,0,0
31.8,58.8,2604,4095,0,1787,0,0,0
31.8,58.8,2615,4095,0,1058,0,0,0
31.8,58.7,2599,4095,0,0,0,0,0
31.8,58.7,2637,4095,0,0,0,0,0
31.8,58.7,2657,4095,0,1393,0,0,0
31.8,58.7,2610,4095,0,1642,0,0,0
31.8,58.7,2630,4095,0,0,0,0,0
31.8,58.7,2607,4095,0,0,0,0,0
31.8,58.7,2644,4095,0,0,0,0,0
31.8,58.7,2672,4095,0,1518,0,0,0
31.8,58.7,2672,4095,0,0,0,0,0
31.8,58.7,2643,4095,0,0,0,0,0
31.8,58.7,2606,4095,0,0,0,0,0
31.8,58.7,2635,4095,0,0,0,0,0
31.9,58.7,2622,4095,0,995,0,0,0
31.9,58.7,2666,4095,0,0,0,0,0
31.9,58.7,2643,4095,0,0,0,0,0
31.9,58.7,2606,4095,0,0,0,0,0
31.8,58.7,2615,4095,0,1973,0,0,0
31.8,58.7,2613,4095,0,1395,0,0,0
31.8,58.7,2662,4095,0,0,0,0,0
31.8,58.7,2650,4095,0,0,0,0,0
31.8,58.6,2671,4095,0,1674,0,0,0
31.8,58.6,2629,4095,0,1558,0,0,0
31.8,58.6,2622,4095,0,985,0,0,0
31.8,58.6,2666,4095,0,262,0,0,0
31.9,58.6,2643,4095,0,0,0,0,0
31.9,58.6,2672,4095,0,1652,0,0,0
31.9,58.6,2631,4095,0,1611,0,0,0
31.9,58.6,2623,4095,0,1141,0,0,0
31.8,58.5,2613,4095,0,0,0,0,0
31.8,58.5,2645,4095,0,0,0,0,0
31.8,58.5,2687,4095,0,1309,0,0,0
31.8,58.5,2660,4095,0,2651,0,0,0
31.8,58.6,2685,4095,0,0,0,0,0
31.8,58.6,2640,4095,0,0,0,0,0
31.8,58.6,2658,4095,0,0,0,0,0
31.8,58.6,2690,4095,0,1292,0,0,0
31.8,58.6,2677,4095,0,390,0,0,0
31.8,58.6,2687,4095,0,0,0,0,0
31.8,58.6,2643,4095,0,0,0,0,0
31.8,58.6,2665,4095,0,0,0,0,0
31.8,58.6,2640,4095,0,1450,0,0,0
31.8,58.6,2674,4095,0,797,0,0,0
31.8,58.6,2681,4095,0,0,0,0,0
31.8,58.6,2665,4095,0,0,0,0,0
31.8,58.6,2662,4095,0,1518,0,0,0
31.8,58.6,2642,4095,0,1819,0,0,0
31.8,58.6,2702,4095,0,865,0,0,0
31.8,58.6,2758,4095,0,0,0,0,0
31.8,58.7,2786,4095,0,459,0,0,0
31.8,58.7,2790,4095,0,1431,0,0,0
31.8,58.7,2778,4095,0,1321,0,0,0
31.8,58.7,2818,4095,0,831,0,0,0
31.8,58.7,2815,4095,0,0,0,0,0
31.8,58.7,2832,4095,0,66,0,0,0
31.8,58.7,2801,4095,0,1600,0,0,0
31.8,58.7,2733,4095,0,1903,0,0,0
31.8,58.6,2725,4095,0,0,0,0,0
31.8,58.6,2693,4095,0,0,0,0,0
31.8,58.6,2721,4095,0,0,0,0,0
31.8,58.6,2752,4095,0,1939,0,0,0
31.8,58.6,2799,4095,0,0,0,0,0
31.8,58.6,2830,4095,0,0,0,0,0
31.8,58.6,2839,4095,0,0,0,0,0
31.8,58.6,2881,4095,0,0,0,0,0
31.9,58.6,2866,4095,0,1104,0,0,0
31.9,58.6,2900,4095,0,87,0,0,0
31.9,58.6,2903,4095,0,0,0,0,0
31.9,58.6,2877,4095,0,0,0,0,0
31.8,58.6,2891,4095,0,1388,0,0,0
31.8,58.6,2870,4095,0,1262,0,0,0
31.8,58.6,2880,4095,0,560,0,0,0
31.8,58.6,2883,4095,0,0,0,0,0
31.9,58.7,2893,4095,0,1303,0,0,0
31.9,58.7,2878,4095,0,1579,0,0,0
31.9,58.7,2858,4095,0,1530,0,0,0
31.9,58.7,2862,4095,0,866,0,0,0
31.8,58.6,2817,4095,0,0,0,0,0
31.8,58.6,2831,4095,0,554,0,0,0
31.8,58.6,2807,4095,0,1647,0,0,0
31.8,58.6,2766,4095,0,1509,0,0,0
31.8,58.7,2762,4095,0,0,0,0,0
31.8,58.7,2738,4095,0,0,0,0,0
31.8,58.7,2755,4095,0,0,0,0,0
31.8,58.7,2737,4095,0,1591,0,0,0
31.9,58.7,2735,4095,0,0,0,0,0
31.9,58.7,2689,4095,0,0,0,0,0
31.9,58.7,2655,4095,0,0,0,0,0
31.9,58.7,2682,4095,0,0,0,0,0
31.9,58.5,2658,4095,0,1093,0,0,0
31.9,58.5,2674,4095,0,0,0,0,0
31.9,58.5,2688,4095,0,0,0,0,0
31.9,58.5,2645,4095,0,0,0,0,0
31.9,58.5,2667,4095,0,1757,0,0,0
31.9,58.5,2669,4095,0,1249,0,0,0
31.9,58.5,2711,4095,0,799,0,0,0
31.9,58.5,2713,4095,0,0,0,0,0
31.8,58.6,2728,4095,0,876,0,0,0
31.8,58.6,2704,4095,0,1424,0,0,0
31.8,58.6,2658,4095,0,1685,0,0,0
31.8,58.6,2683,4095,0,1008,0,0,0
31.8,58.5,2662,4095,0,0,0,0,0
31.8,58.5,2698,4095,0,0,0,0,0
31.8,58.5,2703,4095,0,1344,0,0,0
31.8,58.5,2657,4095,0,1638,0,0,0
31.9,58.5,2672,4095,0,0,0,0,0
31.9,58.5,2625,4095,0,0,0,0,0
31.9,58.5,2652,4095,0,0,0,0,0
31.9,58.5,2679,4095,0,1478,0,0,0
31.9,58.5,2662,4095,0,533,0,0,0
31.9,58.5,2672,4095,0,0,0,0,0
31.9,58.5,2624,4095,0,0,0,0,0
31.9,58.5,2637,4095,0,0,0,0,0
31.8,58.5,2631,4095,0,2043,0,0,0
31.8,58.5,2673,4095,0,993,0,0,0
31.8,58.5,2713,4095,0,0,0,0,0
31.8,58.5,2688,4095,0,0,0,0,0
31.9,58.5,2704,4095,0,1875,0,0,0
31.9,58.5,2638,4095,0,1669,0,0,0
31.9,58.5,2655,4095,0,1184,0,0,0
31.9,58.5,2688,4095,0,238,0,0,0
31.9,58.5,2672,4095,0,0,0,0,0
31.9,58.5,2693,4095,0,1478,0,0,0
31.9,58.5,2666,4095,0,1631,0,0,0
31.9,58.5,2639,4095,0,1639,0,0,0
31.9,58.5,2655,4095,0,0,0,0,0
31.9,58.5,2650,4095,0,0,0,0,0
31.9,58.5,2689,4095,0,9,0,0,0
31.9,58.5,2673,4095,0,1357,0,0,0
31.9,58.4,2683,4095,0,0,0,0,0
31.9,58.4,2661,4095,0,0,0,0,0
31.9,58.4,2624,4095,0,0,0,0,0
31.9,58.4,2640,4095,0,0,0,0,0
31.9,58.4,2615,4095,0,1479,0,0,0
31.9,58.4,2650,4095,0,795,0,0,0
31.9,58.4,2658,4095,0,0,0,0,0
31.9,58.4,2611,4095,0,0,0,0,0
31.9,58.4,2640,4095,0,1677,0,0,0
31.9,58.4,2599,4095,0,2110,0,0,0
31.9,58.4,2621,4095,0,921,0,0,0
31.9,58.4,2665,4095,0,0,0,0,0
31.9,58.4,2641,4095,0,0,0,0,0
31.9,58.4,2658,4095,0,1567,0,0,0
31.9,58.4,2615,4095,0,1516,0,0,0
31.9,58.4,2611,4095,0,1267,0,0,0
31.9,58.5,2603,4095,0,0,0,0,0
31.9,58.5,2626,4095,0,0,0,0,0
31.9,58.5,2659,4095,0,1073,0,0,0
31.9,58.5,2631,4095,0,1439,0,0,0
31.9,58.5,2653,4095,0,0,0,0,0
31.9,58.5,2613,4095,0,0,0,0,0
31.9,58.5,2599,4095,0,0,0,0,0
31.9,58.5,2633,4095,0,0,0,0,0
31.9,58.5,2610,4095,0,970,0,0,0
31.9,58.5,2650,4095,0,0,0,0,0
31.9,58.5,2634,4095,0,0,0,0,0
31.9,58.5,2591,4095,0,0,0,0,0
31.9,58.4,2615,4095,0,1587,0,0,0
31.9,58.4,2591,4095,0,1382,0,0,0
31.9,58.4,2623,4095,0,766,0,0,0
31.9,58.4,2641,4095,0,0,0,0,0
31.9,58.4,2631,4095,0,0,0,0,0
31.9,58.4,2633,4095,0,1498,0,0,0
31.9,58.4,2593,4095,0,1407,0,0,0
31.9,58.4,2587,4095,0,1094,0,0,0
31.8,58.4,2588,4095,0,0,0,0,0
31.8,58.4,2613,4095,0,0,0,0,0
31.8,58.4,2651,4095,0,893,0,0,0
31.8,58.4,2630,4095,0,2141,0,0,0
31.9,58.4,2644,4095,0,0,0,0,0
31.9,58.4,2608,4095,0,0,0,0,0
31.9,58.4,2581,4095,0,0,0,0,0
31.9,58.4,2617,4095,0,0,0,0,0
31.9,58.5,2592,4095,0,1094,0,0,0
31.9,58.5,2645,4095,0,258,0,0,0
31.9,58.5,2638,4095,0,0,0,0,0
31.9,58.5,2585,4095,0,0,0,0,0
31.9,58.5,2605,4095,0,1535,0,0,0
31.9,58.5,2559,4095,0,1978,0,0,0
31.9,58.5,2608,4095,0,926,0,0,0
31.9,58.5,2654,4095,0,0,0,0,0
31.9,58.5,2634,4095,0,0,0,0,0
31.9,58.5,2657,4095,0,1553,0,0,0
31.9,58.5,2599,4095,0,1826,0,0,0
31.9,58.5,2608,4095,0,1763,0,0,0
31.8,58.5,2615,4095,0,0,0,0,0
31.8,58.5,2631,4095,0,0,0,0,0
31.8,58.5,2672,4095,0,478,0,0,0
31.8,58.5,2670,4095,0,1275,0,0,0
31.9,58.5,2682,4095,0,0,0,0,0
31.9,58.5,2647,4095,0,0,0,0,0
31.9,58.5,2634,4095,0,0,0,0,0
31.9,58.5,2674,4095,0,0,0,0,0
31.9,58.5,2670,4095,0,982,0,0,0
31.9,58.5,2724,4095,0,0,0,0,0
31.9,58.5,2725,4095,0,0,0,0,0
31.9,58.5,2711,4095,0,0,0,0,0
31.9,58.6,2738,4095,0,1564,0,0,0
31.9,58.6,2733,4095,0,1485,0,0,0
31.9,58.6,2767,4095,0,718,0,0,0
31.9,58.6,2791,4095,0,0,0,0,0
31.9,58.7,2789,4095,0,891,0,0,0
31.9,58.7,2768,4095,0,1905,0,0,0
31.9,58.7,2727,4095,0,2119,0,0,0
31.9,58.7,2752,4095,0,926,0,0,0
31.9,58.7,2743,4095,0,0,0,0,0
31.9,58.7,2773,4095,0,146,0,0,0
31.9,58.7,2763,4095,0,1390,0,0,0
31.9,58.7,2709,4095,0,1718,0,0,0
31.9,58.6,2719,4095,0,0,0,0,0
31.9,58.6,2704,4095,0,0,0,0,0
31.9,58.6,2739,4095,0,0,0,0,0
31.9,58.6,2759,4095,0,1487,0,0,0
31.9,58.5,2761,4095,0,0,0,0,0
31.9,58.5,2743,4095,0,0,0,0,0
31.9,58.5,2704,4095,0,0,0,0,0
31.9,58.5,2722,4095,0,0,0,0,0
31.9,58.6,2703,4095,0,1378,0,0,0
31.9,58.6,2736,4095,0,773,0,0,0
31.9,58.6,2739,4095,0,0,0,0,0
31.9,58.6,2701,4095,0,0,0,0,0
31.9,58.5,2727,4095,0,1726,0,0,0
31.9,58.5,2705,4095,0,1647,0,0,0
31.9,58.5,2737,4095,0,1021,0,0,0
31.9,58.5,2768,4095,0,0,0,0,0
31.9,58.5,2765,4095,0,112,0,0,0
31.9,58.5,2775,4095,0,1454,0,0,0
31.9,58.5,2758,4095,0,1466,0,0,0
31.9,58.5,2786,4095,0,1072,0,0,0
31.9,58.4,2800,4095,0,0,0,0,0
31.9,58.4,2827,4095,0,0,0,0,0
31.9,58.4,2850,4095,0,1535,0,0,0
31.9,58.4,2813,4095,0,2544,0,0,0
31.9,58.4,2818,4095,0,0,0,0,0
31.9,58.4,2779,4095,0,0,0,0,0
31.9,58.4,2785,4095,0,0,0,0,0
31.9,58.4,2818,4095,0,155,0,0,0
31.9,58.3,2807,4095,0,862,0,0,0
31.9,58.3,2842,4095,0,0,0,0,0
31.9,58.3,2841,4095,0,0,0,0,0
31.9,58.3,2802,4095,0,0,0,0,0
31.9,58.4,2818,4095,0,1516,0,0,0
31.9,58.4,2821,4095,0,1159,0,0,0
31.9,58.4,2867,4095,0,688,0,0,0
31.9,58.4,2885,4095,0,0,0,0,0
31.9,58.4,2885,4095,0,616,0,0,0
31.9,58.4,2865,4095,0,3136,0,0,0
31.9,58.4,2815,4095,0,3311,0,0,0
31.9,58.4,2810,4095,0,1488,0,0,0
31.9,58.4,2800,4095,0,0,0,0,0
31.9,58.4,2857,4095,0,0,0,0,0
31.9,58.4,2913,4095,0,1268,0,0,0
31.9,58.4,2921,4095,0,2071,0,0,0
31.9,58.3,2950,4095,0,0,0,0,0
31.9,58.3,2934,4095,0,0,0,0,0
31.9,58.3,2943,4095,0,0,0,0,0
31.9,58.3,2962,4095,0,171,0,0,0
31.9,58.3,2944,4095,0,923,0,0,0
31.9,58.3,2973,4095,0,0,0,0,0
31.9,58.3,2957,4095,0,0,0,0,0
31.9,58.3,2939,4095,0,0,0,0,0
31.9,58.4,2953,4095,0,1712,0,0,0
31.9,58.4,2942,4095,0,1506,0,0,0
31.9,58.4,2960,4095,0,754,0,0,0
31.9,58.4,2973,4095,0,0,0,0,0
31.9,58.7,2967,4095,0,148,0,0,0
31.9,58.7,2965,4095,0,1531,0,0,0
31.9,58.7,2941,4095,0,1598,0,0,0
31.9,58.7,2942,4095,0,1466,0,0,0
31.9,58.9,2933,4095,0,0,0,0,0
31.9,58.9,2944,4095,0,0,0,0,0
31.9,58.9,2960,4095,0,375,0,0,0
31.9,58.9,2958,4095,0,1372,0,0,0
31.9,58.3,2951,4095,0,0,0,0,0
31.9,58.3,2951,4095,0,0,0,0,0
31.9,58.3,2934,4095,0,0,0,0,0
31.9,58.3,2947,4095,0,0,0,0,0
31.9,58.0,2937,4095,0,1771,0,0,0
31.9,58.0,2959,4095,0,785,0,0,0
31.9,58.0,2967,4095,0,0,0,0,0
31.9,58.0,2947,4095,0,0,0,0,0
31.9,57.8,2962,4095,0,1652,0,0,0
31.9,57.8,2941,4095,0,1708,0,0,0
31.9,57.8,2940,4095,0,1186,0,0,0
31.9,57.8,2960,4095,0,674,0,0,0
31.9,57.8,2944,4095,0,0,0,0,0
31.9,57.8,2966,4095,0,454,0,0,0
31.9,57.8,2960,4095,0,1680,0,0,0
31.9,57.8,2941,4095,0,1519,0,0,0
31.9,57.8,2938,4095,0,0,0,0,0
31.9,57.8,2935,4095,0,0,0,0,0
31.9,57.8,2953,4095,0,0,0,0,0
31.9,57.8,2969,4095,0,1151,0,0,0
31.9,57.9,2959,4095,0,706,0,0,0
31.9,57.9,2970,4095,0,0,0,0,0
31.9,57.9,2947,4095,0,0,0,0,0
31.9,57.9,2941,4095,0,0,0,0,0
31.9,57.8,2943,4095,0,1493,0,0,0
31.9,57.8,2945,4095,0,1009,0,0,0
31.9,57.8,2963,4095,0,339,0,0,0
31.9,57.8,2971,4095,0,0,0,0,0
31.9,57.8,2977,4095,0,923,0,0,0
31.9,57.8,2959,4095,0,1651,0,0,0
31.9,57.8,2935,4095,0,1431,0,0,0
31.9,57.8,2947,4095,0,993,0,0,0
31.9,57.8,2935,4095,0,0,0,0,0
31.9,57.8,2959,4095,0,0,0,0,0
31.9,57.8,2970,4095,0,1646,0,0,0
31.9,57.8,2958,4095,0,1577,0,0,0
31.9,57.8,2962,4095,0,0,0,0,0
31.9,57.8,2942,4095,0,0,0,0,0
31.9,57.8,2943,4095,0,0,0,0,0
31.9,57.8,2960,4095,0,0,0,0,0
31.9,57.9,2944,4095,0,965,0,0,0
31.9,57.9,2963,4095,0,0,0,0,0
31.9,57.9,2959,4095,0,0,0,0,0
31.9,57.9,2935,4095,0,0,0,0,0
31.9,57.9,2946,4095,0,1391,0,0,0
31.9,57.9,2931,4095,0,1488,0,0,0
31.9,57.9,2955,4095,0,787,0,0,0
31.9,57.9,2965,4095,0,0,0,0,0
31.9,57.9,2960,4095,0,0,0,0,0
31.9,57.9,2960,4095,0,1306,0,0,0
31.9,57.9,2938,4095,0,1729,0,0,0
31.9,57.9,2935,4095,0,1140,0,0,0
31.9,58.2,2931,4095,0,0,0,0,0
31.9,58.2,2947,4095,0,0,0,0,0
31.9,58.2,2963,4095,0,977,0,0,0
31.9,58.2,2947,4095,0,1381,0,0,0
31.9,58.2,2961,4095,0,0,0,0,0
31.9,58.2,2941,4095,0,0,0,0,0
31.9,58.2,2932,4095,0,0,0,0,0
31.9,58.2,2949,4095,0,0,0,0,0
31.9,58.2,2933,4095,0,1063,0,0,0
31.9,58.2,2960,4095,0,126,0,0,0
31.9,58.2,2959,4095,0,0,0,0,0
31.9,58.2,2931,4095,0,0,0,0,0
31.9,58.1,2944,4095,0,1413,0,0,0
31.9,58.1,2927,4095,0,1741,0,0,0
31.9,58.1,2941,4095,0,955,0,0,0
31.9,58.1,2960,4095,0,0,0,0,0
31.9,58.1,2944,4095,0,0,0,0,0
31.9,58.1,2961,4095,0,1360,0,0,0
31.9,58.1,2940,4095,0,1598,0,0,0
31.9,58.1,2929,4095,0,1379,0,0,0
31.9,58.0,2930,4095,0,0,0,0,0
31.9,58.0,2929,4095,0,0,0,0,0
31.9,58.0,2953,4095,0,0,0,0,0
31.9,58.0,2960,4095,0,1311,0,0,0
31.9,58.1,2960,4095,0,6,0,0,0
31.9,58.1,2951,4095,0,0,0,0,0
31.9,58.1,2929,4095,0,0,0,0,0
31.9,58.1,2930,4095,0,0,0,0,0
31.9,58.0,2927,4095,0,1854,0,0,0
31.9,58.0,2939,4095,0,989,0,0,0
31.9,58.0,2954,4095,0,0,0,0,0
31.9,58.0,2950,4095,0,0,0,0,0
31.9,58.0,2959,4095,0,1344,0,0,0
31.9,58.0,2939,4095,0,1864,0,0,0
31.9,58.0,2923,4095,0,2485,0,0,0
31.9,58.0,2928,4095,0,1006,0,0,0
31.9,57.9,2915,4095,0,0,0,0,0
31.9,57.9,2945,4095,0,0,0,0,0
31.9,57.9,2956,4095,0,1466,0,0,0
31.9,57.9,2933,4095,0,1451,0,0,0
31.9,57.9,2947,4095,0,0,0,0,0
31.9,57.9,2928,4095,0,0,0,0,0
31.9,57.9,2924,4095,0,0,0,0,0
31.9,57.9,2939,4095,0,0,0,0,0
31.9,57.8,2925,4095,0,995,0,0,0
31.9,57.8,2947,4095,0,0,0,0,0
31.9,57.8,2942,4095,0,0,0,0,0
31.9,57.8,2921,4095,0,0,0,0,0
31.9,57.9,2933,4095,0,1397,0,0,0
31.9,57.9,2915,4095,0,1424,0,0,0
31.9,57.9,2928,4095,0,1041,0,0,0
31.9,57.9,2948,4095,0,0,0,0,0
31.9,57.9,2929,4095,0,0,0,0,0
31.9,57.9,2946,4095,0,1229,0,0,0
31.9,57.9,2928,4095,0,1456,0,0,0
31.9,57.9,2911,4095,0,1788,0,0,0
31.9,57.9,2922,4095,0,0,0,0,0
31.9,57.9,2915,4095,0,0,0,0,0
31.9,57.9,2928,4095,0,0,0,0,0
31.9,57.9,2944,4095,0,1666,0,0,0
31.9,57.9,2937,4095,0,315,0,0,0
31.9,57.9,2941,4095,0,0,0,0,0
31.9,57.9,2916,4095,0,0,0,0,0
31.9,57.9,2916,4095,0,0,0,0,0
31.9,57.9,2907,4095,0,1535,0,0,0
31.9,57.9,2920,4095,0,1107,0,0,0
31.9,57.9,2942,4095,0,120,0,0,0
31.9,57.9,2941,4095,0,0,0,0,0
31.9,57.9,2945,4095,0,880,0,0,0
31.9,57.9,2931,4095,0,1730,0,0,0
31.9,57.9,2912,4095,0,1601,0,0,0
31.9,57.9,2922,4095,0,1040,0,0,0
31.9,57.8,2909,4095,0,0,0,0,0
31.9,57.8,2926,4095,0,0,0,0,0
31.9,57.8,2944,4095,0,1092,0,0,0
31.9,57.8,2927,4095,0,1628,0,0,0
31.9,57.9,2938,4095,0,0,0,0,0
31.9,57.9,2897,4095,0,0,0,0,0
31.9,57.9,2871,4095,0,0,0,0,0
31.9,57.9,2871,4095,0,0,0,0,0
31.9,57.8,2821,4095,0,1053,0,0,0
31.9,57.8,2789,4095,0,463,0,0,0
31.9,57.8,2736,4095,0,0,0,0,0
31.9,57.8,2717,4095,0,0,0,0,0
31.9,57.8,2774,4095,0,2206,0,0,0
31.9,57.8,2748,4095,0,1456,0,0,0
31.9,57.8,2752,4095,0,1238,0,0,0
31.9,57.8,2778,4095,0,0,0,0,0
31.9,57.8,2757,4095,0,0,0,0,0
31.9,57.8,2789,4095,0,1245,0,0,0
31.9,57.8,2750,4095,0,1606,0,0,0
31.9,57.8,2718,4095,0,1357,0,0,0
31.9,57.7,2733,4095,0,0,0,0,0
31.9,57.7,2750,4095,0,0,0,0,0
31.9,57.7,2796,4095,0,0,0,0,0
31.9,57.7,2802,4095,0,1322,0,0,0
31.9,57.6,2800,4095,0,0,0,0,0
31.9,57.6,2777,4095,0,0,0,0,0
31.9,57.6,2729,4095,0,0,0,0,0
31.9,57.6,2735,4095,0,0,0,0,0
31.9,57.6,2699,4095,0,1425,0,0,0
31.9,57.6,2719,4095,0,976,0,0,0
31.9,57.6,2737,4095,0,0,0,0,0
31.9,57.6,2703,4095,0,0,0,0,0
31.9,57.7,2709,4095,0,1655,0,0,0
31.9,57.7,2674,4095,0,1588,0,0,0
31.9,57.7,2672,4095,0,1867,0,0,0
31.9,57.7,2704,4095,0,951,0,0,0
31.9,57.7,2671,4095,0,0,0,0,0
31.9,57.7,2690,4095,0,5,0,0,0
31.9,57.7,2688,4095,0,1579,0,0,0
31.9,57.7,2647,4095,0,1347,0,0,0
31.9,57.8,2675,4095,0,0,0,0,0
31.9,57.8,2630,4095,0,0,0,0,0
31.9,57.8,2641,4095,0,0,0,0,0
31.9,57.8,2688,4095,0,172,0,0,0
31.9,57.9,2654,4095,0,897,0,0,0
31.9,57.9,2686,4095,0,0,0,0,0
31.9,57.9,2663,4095,0,0,0,0,0
31.9,57.9,2619,4095,0,0,0,0,0
31.9,57.8,2641,4095,0,1807,0,0,0
31.9,57.8,2609,4095,0,1431,0,0,0
31.9,57.8,2635,4095,0,919,0,0,0
31.9,57.8,2671,4095,0,0,0,0,0
31.9,57.8,2641,4095,0,0,0,0,0
31.9,57.8,2667,4095,0,1465,0,0,0
31.9,57.8,2638,4095,0,1478,0,0,0
31.9,57.8,2606,4095,0,1406,0,0,0
31.9,57.8,2617,4095,0,0,0,0,0
31.9,57.8,2612,4095,0,0,0,0,0
31.9,57.8,2651,4095,0,0,0,0,0
31.9,57.8,2661,4095,0,1436,0,0,0
31.9,57.8,2657,4095,0,0,0,0,0
31.9,57.8,2645,4095,0,0,0,0,0
31.9,57.8,2603,4095,0,0,0,0,0
31.9,57.8,2613,4095,0,0,0,0,0
31.9,57.8,2602,4095,0,1430,0,0,0
31.9,57.8,2624,4095,0,955,0,0,0
31.9,57.8,2658,4095,0,0,0,0,0
31.9,57.8,2640,4095,0,0,0,0,0
31.8,57.9,2659,4095,0,1517,0,0,0
31.8,57.9,2626,4095,0,1421,0,0,0
31.8,57.9,2595,4095,0,1618,0,0,0
31.8,57.9,2622,4095,0,955,0,0,0
31.9,57.9,2598,4095,0,0,0,0,0
31.9,57.9,2638,4095,0,0,0,0,0
31.9,57.9,2659,4095,0,1225,0,0,0
31.9,57.9,2624,4095,0,1524,0,0,0
31.9,57.9,2654,4095,0,0,0,0,0
31.9,57.9,2614,4095,0,0,0,0,0
31.9,57.9,2602,4095,0,0,0,0,0
31.9,57.9,2631,4095,0,0,0,0,0
31.9,57.8,2603,4095,0,1263,0,0,0
31.9,57.8,2640,4095,0,879,0,0,0
31.9,57.8,2662,4095,0,0,0,0,0
31.9,57.8,2629,4095,0,0,0,0,0
31.9,57.6,2661,4095,0,1457,0,0,0
31.9,57.6,2624,4095,0,1434,0,0,0
31.9,57.6,2602,4095,0,1663,0,0,0
31.9,57.6,2631,4095,0,839,0,0,0
31.9,57.5,2609,4095,0,0,0,0,0
31.9,57.5,2640,4095,0,0,0,0,0
31.9,57.5,2669,4095,0,1172,0,0,0
31.9,57.5,2648,4095,0,1642,0,0,0
31.8,57.5,2678,4095,0,0,0,0,0
31.8,57.5,2649,4095,0,0,0,0,0
31.8,57.5,2620,4095,0,0,0,0,0
31.8,57.5,2636,4095,0,0,0,0,0
31.8,57.5,2617,4095,0,1897,0,0,0
31.8,57.5,2647,4095,0,957,0,0,0
31.8,57.5,2682,4095,0,0,0,0,0
31.8,57.5,2671,4095,0,0,0,0,0
31.8,57.4,2673,4095,0,1233,0,0,0
31.8,57.4,2650,4095,0,1353,0,0,0
31.8,57.4,2608,4095,0,1520,0,0,0
31.8,57.4,2612,4095,0,1367,0,0,0
31.8,57.5,2605,4095,0,0,0,0,0
31.8,57.5,2616,4095,0,0,0,0,0
31.8,57.5,2654,4095,0,38,0,0,0
31.8,57.5,2661,4095,0,1484,0,0,0
31.9,57.6,2654,4095,0,105,0,0,0
31.9,57.6,2655,4095,0,0,0,0,0
31.9,57.6,2589,4095,0,0,0,0,0
31.9,57.6,2608,4095,0,0,0,0,0
31.9,57.7,2609,4095,0,1442,0,0,0
31.9,57.7,2611,4095,0,1453,0,0,0
31.9,57.7,2640,4095,0,820,0,0,0
31.9,57.7,2668,4095,0,0,0,0,0
31.8,57.8,2647,4095,0,0,0,0,0
31.8,57.8,2663,4095,0,1328,0,0,0
31.8,57.8,2629,4095,0,1381,0,0,0
31.8,57.8,2610,4095,0,1749,0,0,0
31.9,57.8,2624,4095,0,0,0,0,0
31.9,57.8,2625,4095,0,0,0,0,0
31.9,57.8,2666,4095,0,0,0,0,0
31.9,57.8,2716,4095,0,1358,0,0,0
31.9,57.8,2768,4095,0,811,0,0,0
31.9,57.8,2865,4095,0,0,0,0,0
31.9,57.8,2888,4095,0,0,0,0,0
31.9,57.8,2928,4095,0,0,0,0,0
31.8,57.9,2897,4095,0,1533,0,0,0
31.8,57.9,2927,4095,0,1600,0,0,0
31.8,57.9,2947,4095,0,1168,0,0,0
31.8,57.9,2967,4095,0,0,0,0,0
31.8,57.9,2957,4095,0,0,0,0,0
31.8,57.9,2973,4095,0,1594,0,0,0
31.8,57.9,2945,4095,0,1398,0,0,0
31.8,57.9,2935,4095,0,1535,0,0,0
31.8,57.9,2944,4095,0,0,0,0,0
31.8,57.9,2938,4095,0,0,0,0,0
31.8,57.9,2958,4095,0,0,0,0,0
31.8,57.9,2971,4095,0,1194,0,0,0
31.8,57.9,2955,4095,0,880,0,0,0
31.8,57.9,2966,4095,0,0,0,0,0
31.8,57.9,2945,4095,0,0,0,0,0
31.8,57.9,2929,4095,0,0,0,0,0
31.9,57.9,2944,4095,0,2448,0,0,0
31.9,57.9,2933,4095,0,1884,0,0,0
31.9,57.9,2953,4095,0,1042,0,0,0
31.9,57.9,2975,4095,0,0,0,0,0
31.8,57.9,2953,4095,0,0,0,0,0
31.8,57.9,2971,4095,0,1505,0,0,0
31.8,57.9,2950,4095,0,1329,0,0,0
31.8,57.9,2933,4095,0,1583,0,0,0
31.8,58.0,2949,4095,0,0,0,0,0
31.8,58.0,2934,4095,0,0,0,0,0
31.8,58.0,2951,4095,0,0,0,0,0
31.8,58.0,2965,4095,0,1023,0,0,0
31.8,58.0,2954,4095,0,837,0,0,0
31.8,58.0,2966,4095,0,0,0,0,0
31.8,58.0,2950,4095,0,0,0,0,0
31.8,58.0,2929,4095,0,0,0,0,0
31.8,57.9,2907,4095,0,1805,0,0,0
31.8,57.9,2926,4095,0,2070,0,0,0
31.8,57.9,2938,4095,0,863,0,0,0
31.8,57.9,2953,4095,0,0,0,0,0
31.8,57.9,2939,4095,0,0,0,0,0
31.8,57.9,2959,4095,0,1314,0,0,0
31.8,57.9,2941,4095,0,1559,0,0,0
31.8,57.9,2928,4095,0,3200,0,0,0
31.8,57.9,2939,4095,0,0,0,0,0
31.8,57.9,2928,4095,0,0,0,0,0
31.8,57.9,2947,4095,0,0,0,0,0
31.8,57.9,2959,4095,0,1020,0,0,0
31.8,57.9,2950,4095,0,855,0,0,0
31.8,57.9,2970,4095,0,0,0,0,0
31.8,57.9,2949,4095,0,0,0,0,0
31.8,57.9,2928,4095,0,0,0,0,0
31.8,58.0,2937,4095,0,1457,0,0,0
31.8,58.0,2923,4095,0,1911,0,0,0
31.8,58.0,2941,4095,0,946,0,0,0
31.8,58.0,2960,4095,0,0,0,0,0
31.8,58.0,2945,4095,0,0,0,0,0
31.8,58.0,2961,4095,0,1113,0,0,0
31.8,58.0,2947,4095,0,1819,0,0,0
31.8,58.0,2927,4095,0,1422,0,0,0
31.8,58.0,2944,4095,0,0,0,0,0
31.8,58.0,2928,4095,0,0,0,0,0
31.8,58.0,2943,4095,0,0,0,0,0
31.8,58.0,2961,4095,0,211,0,0,0
31.8,57.9,2943,4095,0,1011,0,0,0
31.8,57.9,2945,4095,0,0,0,0,0
31.8,57.9,2954,4095,0,0,0,0,0
31.8,57.9,2928,4095,0,0,0,0,0
31.8,57.9,2947,4095,0,1244,0,0,0
31.8,57.9,2925,4095,0,1535,0,0,0
31.8,57.9,2933,4095,0,944,0,0,0
31.8,57.9,2959,4095,0,223,0,0,0
31.8,57.9,2939,4095,0,0,0,0,0
31.8,57.9,2959,4095,0,465,0,0,0
31.8,58.1,2914,4095,0,0,0,0,0
31.8,58.1,2933,4095,0,0,0,0,0
31.8,58.1,2944,4095,0,1465,0,0,0
31.8,58.1,2928,4095,0,1603,0,0,0
31.8,58.1,2944,4095,0,0,0,0,0
31.8,58.1,2926,4095,0,0,0,0,0
31.8,58.1,2911,4095,0,0,0,0,0
31.8,58.1,2922,4095,0,0,0,0,0
31.8,58.1,2909,4095,0,3035,0,0,0
31.8,58.1,2928,4095,0,917,0,0,0
31.8,58.1,2943,4095,0,0,0,0,0
31.8,58.1,2943,4095,0,0,0,0,0
31.8,58.2,2942,4095,0,359,0,0,0
31.8,58.2,2941,4095,0,1401,0,0,0
31.8,58.2,2934,4095,0,1585,0,0,0
31.8,58.2,2913,4095,0,1281,0,0,0
31.8,58.4,2917,4095,0,0,0,0,0
31.8,58.4,2913,4095,0,0,0,0,0
31.8,58.4,2929,4095,0,0,0,0,0
31.8,58.4,2942,4095,0,1246,0,0,0
31.8,58.5,2930,4095,0,687,0,0,0
31.8,58.5,2947,4095,0,0,0,0,0
31.8,58.5,2934,4095,0,0,0,0,0
31.8,58.5,2913,4095,0,0,0,0,0
31.8,58.4,2928,4095,0,1402,0,0,0
31.8,58.4,2913,4095,0,1698,0,0,0
31.8,58.4,2921,4095,0,1075,0,0,0
31.8,58.4,2947,4095,0,0,0,0,0
31.8,58.3,2928,4095,0,0,0,0,0
31.8,58.3,2946,4095,0,509,0,0,0
31.8,58.3,2943,4095,0,1318,0,0,0
31.8,58.3,2912,4095,0,1409,0,0,0
31.8,58.2,2937,4095,0,0,0,0,0
31.8,58.2,2918,4095,0,0,0,0,0
31.8,58.2,2918,4095,0,0,0,0,0
31.8,58.2,2935,4095,0,0,0,0,0
31.8,58.2,2918,4095,0,1013,0,0,0
31.8,58.2,2934,4095,0,291,0,0,0
31.8,58.2,2944,4095,0,0,0,0,0
31.8,58.2,2926,4095,0,0,0,0,0
31.8,58.1,2938,4095,0,1702,0,0,0
31.8,58.1,2918,4095,0,1742,0,0,0
31.8,58.1,2911,4095,0,914,0,0,0
31.8,58.3,2775,4095,0,0,0,0,0
31.8,58.3,2753,4095,0,0,0,0,0
31.8,58.3,2779,4095,0,0,0,0,0
31.8,58.3,2854,4095,0,327,0,0,0
31.8,58.3,2891,4095,0,827,0,0,0
31.8,58.3,2921,4095,0,0,0,0,0
31.8,58.3,2928,4095,0,0,0,0,0
31.8,58.3,2919,4095,0,0,0,0,0
31.8,58.2,2928,4095,0,1775,0,0,0
31.8,58.2,2927,4095,0,1142,0,0,0
31.8,58.2,2953,4095,0,511,0,0,0
31.8,58.2,2960,4095,0,0,0,0,0
31.8,58.1,2960,4095,0,603,0,0,0
31.8,58.1,2949,4095,0,1424,0,0,0
31.8,58.1,2928,4095,0,1457,0,0,0
31.8,58.1,2937,4095,0,941,0,0,0
31.9,58.0,2923,4095,0,0,0,0,0
31.9,58.0,2949,4095,0,0,0,0,0
31.9,58.0,2960,4095,0,1367,0,0,0
31.9,58.0,2915,4095,0,1884,0,0,0
31.9,57.9,2949,4095,0,0,0,0,0
31.9,57.9,2928,4095,0,0,0,0,0
31.9,57.9,2928,4095,0,0,0,0,0
31.9,57.9,2946,4095,0,0,0,0,0
31.8,57.8,2926,4095,0,929,0,0,0
31.8,57.8,2928,4095,0,0,0,0,0
31.8,57.8,2887,4095,0,0,0,0,0
31.8,57.8,1191,4095,0,0,0,0,1
31.9,57.7,1071,4095,0,1447,0,0,1
31.9,57.7,1034,4095,0,1003,0,0,1
31.9,57.7,1073,4095,0,0,0,0,1
31.9,57.7,1040,4095,0,0,0,0,1
31.8,57.7,2911,4095,0,33,0,0,0
31.8,57.7,2916,4095,0,1402,0,0,0
31.8,57.7,2858,4095,0,2175,0,0,0
31.8,57.7,2835,4095,0,1280,0,0,0
31.8,57.7,2816,4095,0,0,0,0,0
31.8,57.7,2828,4095,0,0,0,0,0
31.8,57.7,2841,4095,0,1074,0,0,0
31.8,57.7,2811,4095,0,1693,0,0,0
31.9,57.7,2819,4095,0,0,0,0,0
31.9,57.7,2773,4095,0,0,0,0,0
31.9,57.7,2751,4095,0,0,0,0,0
31.9,57.7,2768,4095,0,0,0,0,0
31.8,57.7,2729,4095,0,1090,0,0,0
31.8,57.7,2741,4095,0,0,0,0,0
31.8,57.7,2719,4095,0,0,0,0,0
31.8,57.7,2671,4095,0,0,0,0,0
31.9,57.8,2688,4095,0,1422,0,0,0
31.9,57.8,2677,4095,0,1535,0,0,0
31.9,57.8,2733,4095,0,1386,0,0,0
31.9,57.8,2793,4095,0,0,0,0,0
31.9,58.0,2817,4095,0,0,0,0,0
31.9,58.0,2864,4095,0,1486,0,0,0
31.9,58.0,2844,4095,0,1374,0,0,0
31.9,58.0,2849,4095,0,1263,0,0,0
31.9,58.1,2799,4095,0,0,0,0,0
31.9,58.1,2823,4095,0,0,0,0,0
31.9,58.1,1021,4095,0,1930,0,0,1
31.9,58.1,1055,4095,0,1459,0,0,1
31.9,58.1,1031,4095,0,0,0,0,1
31.9,58.1,1015,4095,0,0,0,0,1
31.9,58.1,976,4095,0,0,0,0,1
31.9,58.1,1059,4095,0,869,0,0,1
31.9,58.1,1054,4095,0,675,0,0,1
31.9,58.1,1062,4095,0,0,0,0,1
31.9,58.1,997,4095,0,0,0,0,1
31.9,58.1,1003,4095,0,0,0,0,1
31.9,58.1,1063,4095,0,1290,0,0,1
31.9,58.1,1005,4095,0,1097,0,0,1
31.9,58.1,995,4095,0,302,0,0,1
31.9,58.1,1023,4095,0,0,0,0,1
31.9,58.1,1023,4095,0,719,0,0,1
31.9,58.1,1095,4095,0,1606,0,0,1
31.9,58.1,1103,4095,0,1106,0,0,1
31.9,58.1,1070,4095,0,1175,0,0,1
31.9,58.0,1040,4095,0,0,0,0,1
31.9,58.0,996,4095,0,0,0,0,1
31.9,58.0,2896,4095,0,0,0,0,0
31.9,58.0,2918,4095,0,1317,0,0,0
31.9,58.0,2900,4095,0,0,0,0,0
31.9,58.0,2895,4095,0,0,0,0,0
31.9,58.0,2869,4095,0,0,0,0,0
31.9,58.0,2877,4095,0,0,0,0,0
31.9,58.0,2862,4095,0,1580,0,0,0
31.9,58.0,2863,4095,0,784,0,0,0
31.9,58.0,2837,4095,0,0,0,0,0
31.9,58.0,2795,4095,0,0,0,0,0
31.9,58.0,2779,4095,0,1329,0,0,0
31.9,58.0,2730,4095,0,1457,0,0,0
31.9,58.0,2747,4095,0,1638,0,0,0
31.9,58.0,2779,4095,0,207,0,0,0
31.9,57.9,2758,4095,0,0,0,0,0
31.9,57.9,2768,4095,0,1522,0,0,0
31.9,57.9,2751,4095,0,1835,0,0,0
31.9,57.9,2736,4095,0,1919,0,0,0
31.9,57.9,2768,4095,0,0,0,0,0
31.9,57.9,2806,4095,0,0,0,0,0
31.9,57.9,2866,4095,0,114,0,0,0
31.9,57.9,2887,4095,0,1463,0,0,0
31.9,57.9,2904,4095,0,0,0,0,0
31.9,57.9,2896,4095,0,0,0,0,0
31.9,57.9,2880,4095,0,0,0,0,0
31.9,57.9,2896,4095,0,0,0,0,0
31.9,58.0,2873,4095,0,1031,0,0,0
31.9,58.0,2897,4095,0,0,0,0,0
31.9,58.0,2885,4095,0,0,0,0,0
31.9,58.0,2849,4095,0,0,0,0,0
31.9,58.0,2846,4095,0,1605,0,0,0
31.9,58.0,2814,4095,0,1526,0,0,0
31.9,58.0,2815,4095,0,638,0,0,0
31.9,58.0,2809,4095,0,0,0,0,0
32.0,58.0,2800,4095,0,252,0,0,0
32.0,58.0,2770,4095,0,1717,0,0,0
32.0,58.0,2730,4095,0,1889,0,0,0
32.0,58.0,2739,4095,0,880,0,0,0
31.9,58.0,2727,4095,0,0,0,0,0
31.9,58.0,2725,4095,0,0,0,0,0
31.9,58.0,2722,4095,0,1535,0,0,0
31.9,58.0,2669,4095,0,1510,0,0,0
31.9,58.0,2688,4095,0,0,0,0,0
31.9,58.0,2659,4095,0,0,0,0,0
31.9,58.0,2685,4095,0,0,0,0,0
31.9,58.0,2730,4095,0,1297,0,0,0
32.0,58.0,2704,4095,0,625,0,0,0
32.0,58.0,2704,4095,0,0,0,0,0
32.0,58.0,2651,4095,0,0,0,0,0
32.0,58.0,2641,4095,0,0,0,0,0
32.0,58.0,2624,4095,0,1742,0,0,0
32.0,58.0,2642,4095,0,869,0,0,0
32.0,58.0,2672,4095,0,0,0,0,0
32.0,58.0,2626,4095,0,0,0,0,0
32.0,58.0,2650,4095,0,1680,0,0,0
32.0,58.0,2608,4095,0,2099,0,0,0
32.0,58.0,2615,4095,0,993,0,0,0
32.0,58.0,2656,4095,0,0,0,0,0
32.0,58.0,2633,4095,0,0,0,0,0
32.0,58.0,2655,4095,0,1739,0,0,0
32.0,58.0,2621,4095,0,1779,0,0,0
32.0,58.0,2615,4095,0,1246,0,0,0
31.9,58.0,2608,4095,0,0,0,0,0
31.9,58.0,2639,4095,0,0,0,0,0
31.9,58.0,2666,4095,0,1424,0,0,0
31.9,58.0,2629,4095,0,1431,0,0,0
32.0,57.9,2665,4095,0,0,0,0,0
32.0,57.9,2629,4095,0,0,0,0,0
32.0,57.9,2675,4095,0,0,0,0,0
32.0,57.9,2735,4095,0,1579,0,0,0
32.0,57.9,2759,4095,0,528,0,0,0
32.0,57.9,2775,4095,0,0,0,0,0
32.0,57.9,2721,4095,0,0,0,0,0
32.0,57.9,2685,4095,0,0,0,0,0
32.0,57.9,2636,4095,0,1847,0,0,0
32.0,57.9,2659,4095,0,711,0,0,0
32.0,57.9,2670,4095,0,0,0,0,0
32.0,57.9,2617,4095,0,0,0,0,0
32.0,57.9,2635,4095,0,1435,0,0,0
32.0,57.9,2591,4095,0,1409,0,0,0
32.0,57.9,2611,4095,0,752,0,0,0
32.0,57.9,2630,4095,0,0,0,0,0
32.0,57.9,2623,4095,0,511,0,0,0
32.0,57.9,2610,4095,0,1823,0,0,0
32.0,57.9,2559,4095,0,1782,0,0,0
32.0,57.9,2599,4095,0,1008,0,0,0
32.0,57.9,2559,4095,0,0,0,0,0
32.0,57.9,2610,4095,0,326,0,0,0
32.0,57.9,2602,4095,0,1660,0,0,0
32.0,57.9,2557,4095,0,1712,0,0,0
32.0,57.9,2588,4095,0,0,0,0,0
32.0,57.9,2559,4095,0,0,0,0,0
32.0,57.9,2602,4095,0,0,0,0,0
32.0,57.9,2615,4095,0,1424,0,0,0
32.0,57.8,2617,4095,0,0,0,0,0
32.0,57.8,2594,4095,0,0,0,0,0
32.0,57.8,2559,4095,0,0,0,0,0
32.0,57.8,2593,4095,0,0,0,0,0
32.0,57.9,2559,4095,0,1187,0,0,0
32.0,57.9,2614,4095,0,0,0,0,0
32.0,57.9,2606,4095,0,0,0,0,0
32.0,57.9,2539,4095,0,0,0,0,0
31.9,57.8,2582,4095,0,1583,0,0,0
31.9,57.8,2549,4095,0,1610,0,0,0
31.9,57.8,2589,4095,0,848,0,0,0
31.9,57.8,2613,4095,0,0,0,0,0
31.9,57.8,2608,4095,0,470,0,0,0
31.9,57.8,2595,4095,0,1673,0,0,0
31.9,57.8,2544,4095,0,1590,0,0,0
31.9,57.8,2559,4095,0,877,0,0,0
32.0,57.7,2544,4095,0,0,0,0,0
32.0,57.7,2592,4095,0,0,0,0,0
32.0,57.7,2608,4095,0,1650,0,0,0
32.0,57.7,2557,4095,0,2074,0,0,0
31.9,57.6,2592,4095,0,0,0,0,0
31.9,57.6,2544,4095,0,0,0,0,0
31.9,57.6,2559,4095,0,0,0,0,0
31.9,57.6,2610,4095,0,1148,0,0,0
32.0,57.6,2583,4095,0,707,0,0,0
32.0,57.6,2607,4095,0,0,0,0,0
32.0,57.6,2551,4095,0,0,0,0,0
32.0,57.6,2550,4095,0,0,0,0,0
32.0,57.7,2543,4095,0,1664,0,0,0
32.0,57.7,2559,4095,0,763,0,0,0
32.0,57.7,2615,4095,0,0,0,0,0
32.0,57.7,2559,4095,0,0,0,0,0
32.0,57.7,2597,4095,0,1361,0,0,0
32.0,57.7,2544,4095,0,1509,0,0,0
32.0,57.7,2559,4095,0,845,0,0,0
32.0,57.7,2611,4095,0,0,0,0,0
31.9,57.6,2591,4095,0,0,0,0,0
31.9,57.6,2607,4095,0,1408,0,0,0
31.9,57.6,2545,4095,0,1773,0,0,0
31.9,57.6,2557,4095,0,944,0,0,0
31.9,57.5,2546,4095,0,0,0,0,0
31.9,57.5,2595,4095,0,0,0,0,0
31.9,57.5,2611,4095,0,2309,0,0,0
31.9,57.5,2559,4095,0,1751,0,0,0
32.0,57.5,2601,4095,0,0,0,0,0
32.0,57.5,2559,4095,0,0,0,0,0
32.0,57.5,2603,4095,0,0,0,0,0
32.0,57.5,2643,4095,0,1424,0,0,0
32.0,57.6,2651,4095,0,0,0,0,0
32.0,57.6,2655,4095,0,0,0,0,0
32.0,57.6,2613,4095,0,0,0,0,0
32.0,57.6,2637,4095,0,0,0,0,0
31.9,57.7,2625,4095,0,1099,0,0,0
31.9,57.7,2669,4095,0,36,0,0,0
31.9,57.7,2669,4095,0,0,0,0,0
31.9,57.7,2630,4095,0,0,0,0,0
32.0,57.7,2658,4095,0,1535,0,0,0
32.0,57.7,2661,4095,0,1175,0,0,0
32.0,57.7,2713,4095,0,434,0,0,0
32.0,57.7,2736,4095,0,0,0,0,0
32.0,57.8,2766,4095,0,1279,0,0,0
32.0,57.8,2785,4095,0,1808,0,0,0
32.0,57.8,2813,4095,0,1831,0,0,0
32.0,57.8,2850,4095,0,479,0,0,0
31.9,57.8,2871,4095,0,0,0,0,0
31.9,57.8,2896,4095,0,1429,0,0,0
31.9,57.8,2896,4095,0,1739,0,0,0
31.9,57.8,2883,4095,0,1266,0,0,0
31.9,57.8,2883,4095,0,0,0,0,0
31.9,57.8,2901,4095,0,0,0,0,0
31.9,57.8,2919,4095,0,1616,0,0,0
31.9,57.8,2891,4095,0,1423,0,0,0
32.0,57.9,2895,4095,0,0,0,0,0
32.0,57.9,2861,4095,0,0,0,0,0
32.0,57.9,2878,4095,0,0,0,0,0
32.0,57.9,2891,4095,0,1530,0,0,0
31.9,57.8,2896,4095,0,0,0,0,0
31.9,57.8,2880,4095,0,0,0,0,0
31.9,57.8,2862,4095,0,0,0,0,0
31.9,57.8,2897,4095,0,0,0,0,0
31.9,57.7,2890,4095,0,1010,0,0,0
31.9,57.7,2914,4095,0,0,0,0,0
31.9,57.7,2883,4095,0,0,0,0,0
31.9,57.7,2887,4095,0,0,0,0,0
31.9,57.6,2883,4095,0,1487,0,0,0
31.9,57.6,2894,4095,0,970,0,0,0
31.9,57.6,2919,4095,0,0,0,0,0
31.9,57.6,2896,4095,0,0,0,0,0
32.0,57.7,2910,4095,0,2518,0,0,0
32.0,57.7,2883,4095,0,2749,0,0,0
32.0,57.7,2895,4095,0,816,0,0,0
32.0,57.7,2896,4095,0,0,0,0,0
31.9,57.7,2886,4095,0,508,0,0,0
31.9,57.7,2875,4095,0,1370,0,0,0
31.9,57.7,2857,4095,0,1613,0,0,0
31.9,57.7,2875,4095,0,631,0,0,0
31.9,57.8,2854,4095,0,0,0,0,0
31.9,57.8,2874,4095,0,1179,0,0,0
31.9,57.8,2842,4095,0,1397,0,0,0
31.9,57.8,2818,4095,0,1328,0,0,0
31.9,57.9,2812,4095,0,0,0,0,0
31.9,57.9,2822,4095,0,0,0,0,0
31.9,57.9,2832,4095,0,1697,0,0,0
31.9,57.9,2803,4095,0,1456,0,0,0
32.0,57.9,2823,4095,0,0,0,0,0
32.0,57.9,2801,4095,0,0,0,0,0
32.0,57.9,2833,4095,0,0,0,0,0
32.0,57.9,2859,4095,0,1680,0,0,0
31.9,58.0,2859,4095,0,0,0,0,0
31.9,58.0,2803,4095,0,0,0,0,0
31.9,58.0,2743,4095,0,0,0,0,0
31.9,58.0,2750,4095,0,36,0,0,0
31.9,58.0,2706,4095,0,827,0,0,0
31.9,58.0,2724,4095,0,0,0,0,0
31.9,58.0,2695,4095,0,0,0,0,0
31.9,58.0,2721,4095,0,0,0,0,0
31.9,58.0,2736,4095,0,1462,0,0,0
31.9,58.0,2781,4095,0,595,0,0,0
31.9,58.0,2799,4095,0,0,0,0,0
31.9,58.0,2768,4095,0,0,0,0,0
31.9,58.0,2770,4095,0,1477,0,0,0
31.9,58.0,2740,4095,0,1121,0,0,0
31.9,58.0,2757,4095,0,0,0,0,0
31.9,58.0,2774,4095,0,0,0,0,0
31.9,57.9,2716,4095,0,1578,0,0,0
31.9,57.9,2646,4095,0,1915,0,0,0
31.9,57.9,2640,4095,0,1003,0,0,0
31.9,57.9,2663,4095,0,0,0,0,0
32.0,57.9,2645,4095,0,0,0,0,0
32.0,57.9,2638,4095,0,1415,0,0,0
32.0,57.9,2587,4095,0,1359,0,0,0
32.0,57.9,2608,4095,0,833,0,0,0
31.9,57.9,2527,4095,0,0,0,0,0
31.9,57.9,2627,4095,0,797,0,0,0
31.9,57.9,2604,4095,0,1267,0,0,0
31.9,57.9,2559,4095,0,1342,0,0,0
31.9,57.9,2556,4095,0,0,0,0,0
31.9,57.9,2579,4095,0,0,0,0,0
31.9,57.9,2615,4095,0,1469,0,0,0
31.9,57.9,2559,4095,0,1584,0,0,0
31.9,57.9,2595,4095,0,0,0,0,0
31.9,57.9,2544,4095,0,0,0,0,0
31.9,57.9,2581,4095,0,0,0,0,0
31.9,57.9,2609,4095,0,1615,0,0,0
31.9,58.0,2607,4095,0,0,0,0,0
31.9,58.0,2582,4095,0,0,0,0,0
31.9,58.0,2544,4095,0,0,0,0,0
31.9,58.0,2583,4095,0,0,0,0,0
31.9,58.0,2558,4095,0,1073,0,0,0
31.9,58.0,2607,4095,0,0,0,0,0
31.9,58.0,2559,4095,0,0,0,0,0
31.9,58.0,2539,4095,0,0,0,0,0
31.9,58.1,2530,4095,0,1739,0,0,0
31.9,58.1,2559,4095,0,1134,0,0,0
31.9,58.1,2602,4095,0,0,0,0,0
31.9,58.1,2551,4095,0,0,0,0,0
32.0,58.1,2581,4095,0,1552,0,0,0
32.0,58.1,2529,4095,0,1600,0,0,0
32.0,58.1,2559,4095,0,930,0,0,0
32.0,58.1,2601,4095,0,0,0,0,0
31.9,58.0,2589,4095,0,751,0,0,0
31.9,58.0,2559,4095,0,1639,0,0,0
31.9,58.0,2522,4095,0,1626,0,0,0
31.9,58.0,2559,4095,0,979,0,0,0
32.0,58.0,2533,4095,0,0,0,0,0
32.0,58.0,2593,4095,0,1407,0,0,0
32.0,58.0,2547,4095,0,1650,0,0,0
32.0,58.0,2529,4095,0,1456,0,0,0
31.9,58.0,2522,4095,0,0,0,0,0
31.9,58.0,2548,4095,0,0,0,0,0
31.9,58.0,2591,4095,0,1443,0,0,0
31.9,58.0,2542,4095,0,1829,0,0,0
32.0,58.0,2559,4095,0,0,0,0,0
32.0,58.0,2521,4095,0,0,0,0,0
32.0,58.0,2559,4095,0,0,0,0,0
32.0,58.0,2587,4095,0,1432,0,0,0
32.0,58.0,2589,4095,0,0,0,0,0
32.0,58.0,2554,4095,0,0,0,0,0
32.0,58.0,2530,4095,0,0,0,0,0
32.0,58.0,2559,4095,0,0,0,0,0
32.0,58.0,2545,4095,0,786,0,0,0
32.0,58.0,2595,4095,0,0,0,0,0
32.0,58.0,2544,4095,0,0,0,0,0
32.0,58.0,2536,4095,0,0,0,0,0
31.9,58.0,2533,4095,0,2039,0,0,0
31.9,58.0,2559,4095,0,803,0,0,0
31.9,58.0,2597,4095,0,0,0,0,0
31.9,58.0,2542,4095,0,0,0,0,0
32.0,58.1,2559,4095,0,1447,0,0,0
32.0,58.1,2531,4095,0,1328,0,0,0
32.0,58.1,2579,4095,0,614,0,0,0
32.0,58.1,2594,4095,0,0,0,0,0
31.9,58.0,2603,4095,0,1698,0,0,0
31.9,58.0,2559,4095,0,1341,0,0,0
31.9,58.0,2544,4095,0,1598,0,0,0
31.9,58.0,2596,4095,0,110,0,0,0
31.9,58.0,2559,4095,0,0,0,0,0
31.9,58.0,2608,4095,0,1360,0,0,0
31.9,58.0,2559,4095,0,2973,0,0,0
31.9,58.0,2554,4095,0,1331,0,0,0
32.0,58.0,2545,4095,0,0,0,0,0
32.0,58.0,2594,4095,0,0,0,0,0
32.0,58.0,2611,4095,0,2442,0,0,0
32.0,58.0,2559,4095,0,1750,0,0,0
31.9,57.8,2597,4095,0,0,0,0,0
31.9,57.8,2559,4095,0,0,0,0,0
31.9,57.8,2629,4095,0,77,0,0,0
31.9,57.8,2649,4095,0,1323,0,0,0
31.9,57.7,2697,4095,0,0,0,0,0
31.9,57.7,2683,4095,0,0,0,0,0
31.9,57.7,2704,4095,0,0,0,0,0
31.9,57.7,2755,4095,0,861,0,0,0
31.9,57.6,2758,4095,0,652,0,0,0
31.9,57.6,2790,4095,0,0,0,0,0
31.9,57.6,2770,4095,0,0,0,0,0
31.9,57.6,2797,4095,0,0,0,0,0
31.9,57.6,2799,4095,0,1200,0,0,0
31.9,57.6,2863,4095,0,0,0,0,0
31.9,57.6,2869,4095,0,0,0,0,0
31.9,57.6,2851,4095,0,0,0,0,0
31.9,57.5,2844,4095,0,1564,0,0,0
31.9,57.5,2798,4095,0,1136,0,0,0
31.9,57.5,2871,4095,0,0,0,0,0
31.9,57.5,2850,4095,0,0,0,0,0
31.9,57.4,1495,4095,0,1680,0,0,1
31.9,57.4,1093,4095,0,1647,0,0,1
31.9,57.4,1074,4095,0,0,0,0,1
31.9,57.4,1086,4095,0,0,0,0,1
31.9,57.4,1085,4095,0,1568,0,0,1
31.9,57.4,2694,4095,0,1573,0,0,0
31.9,57.4,2849,4095,0,2091,0,0,0
31.9,57.4,2861,4095,0,1134,0,0,0
31.9,57.4,2858,4095,0,0,0,0,0
31.9,57.4,2891,4095,0,178,0,0,0
31.9,57.4,2897,4095,0,1904,0,0,0
31.9,57.4,2875,4095,0,2079,0,0,0
31.9,57.4,2888,4095,0,0,0,0,0
31.9,57.4,2895,4095,0,0,0,0,0
31.9,57.4,2896,4095,0,114,0,0,0
31.9,57.4,2887,4095,0,1971,0,0,0
31.9,57.4,2882,4095,0,0,0,0,0
31.9,57.4,2822,4095,0,0,0,0,0
31.9,57.4,2730,4095,0,0,0,0,0
31.9,57.4,2735,4095,0,0,0,0,0
31.9,57.6,2720,4095,0,838,0,0,0
31.9,57.6,2768,4095,0,0,0,0,0
31.9,57.6,2722,4095,0,0,0,0,0
31.9,57.6,2685,4095,0,0,0,0,0
31.9,57.7,2667,4095,0,1647,0,0,0
31.9,57.7,2653,4095,0,860,0,0,0
31.9,57.7,2655,4095,0,0,0,0,0
31.9,57.7,2608,4095,0,0,0,0,0
31.9,57.8,2619,4095,0,1781,0,0,0
31.9,57.8,2559,4095,0,1721,0,0,0
31.9,57.8,2559,4095,0,1094,0,0,0
31.9,57.8,2619,4095,0,0,0,0,0
31.9,57.8,2559,4095,0,0,0,0,0
31.9,57.8,2603,4095,0,1641,0,0,0
31.9,57.8,2546,4095,0,1478,0,0,0
31.9,57.8,2559,4095,0,799,0,0,0
31.9,57.8,2544,4095,0,0,0,0,0
31.9,57.8,2589,4095,0,0,0,0,0
31.9,57.8,2597,4095,0,1594,0,0,0
31.9,57.8,2541,4095,0,1494,0,0,0
31.9,57.8,2559,4095,0,0,0,0,0
31.9,57.8,2537,4095,0,0,0,0,0
31.9,57.8,2583,4095,0,0,0,0,0
31.9,57.8,2595,4095,0,1395,0,0,0
31.9,57.7,2602,4095,0,0,0,0,0
31.9,57.7,2559,4095,0,0,0,0,0
31.9,57.7,2533,4095,0,0,0,0,0
31.9,57.7,2559,4095,0,0,0,0,0
31.9,57.6,2545,4095,0,814,0,0,0
31.9,57.6,2579,4095,0,0,0,0,0
31.9,57.6,2559,4095,0,0,0,0,0
31.9,57.6,2533,4095,0,0,0,0,0
31.9,57.6,2529,4095,0,1643,0,0,0
31.9,57.6,2545,4095,0,944,0,0,0
31.9,57.6,2590,4095,0,0,0,0,0
31.9,57.6,2554,4095,0,0,0,0,0
31.9,57.6,2579,4095,0,1457,0,0,0
31.9,57.6,2526,4095,0,2085,0,0,0
31.9,57.6,2544,4095,0,885,0,0,0
31.9,57.6,2591,4095,0,0,0,0,0
31.9,57.6,2559,4095,0,1,0,0,0
31.9,57.6,2559,4095,0,1360,0,0,0
31.9,57.6,2524,4095,0,1696,0,0,0
31.9,57.6,2545,4095,0,966,0,0,0
31.9,57.6,2525,4095,0,0,0,0,0
31.9,57.6,2577,4095,0,272,0,0,0
31.9,57.6,2559,4095,0,2190,0,0,0
31.9,57.6,2519,4095,0,1289,0,0,0
31.9,57.5,2538,4095,0,0,0,0,0
31.9,57.5,2533,4095,0,0,0,0,0
31.9,57.5,2579,4095,0,432,0,0,0
31.9,57.5,2559,4095,0,1650,0,0,0
31.9,57.4,2585,4095,0,0,0,0,0
31.9,57.4,2541,4095,0,0,0,0,0
31.9,57.4,2534,4095,0,0,0,0,0
31.9,57.4,2559,4095,0,429,0,0,0
31.9,57.4,2550,4095,0,689,0,0,0
31.9,57.4,2585,4095,0,0,0,0,0
31.9,57.4,2539,4095,0,0,0,0,0
31.9,57.4,2527,4095,0,0,0,0,0
31.9,57.4,2515,4095,0,1883,0,0,0
31.9,57.4,2555,4095,0,683,0,0,0
31.9,57.4,2590,4095,0,0,0,0,0
31.9,57.4,2544,4095,0,0,0,0,0
31.9,57.4,2559,4095,0,1527,0,0,0
31.9,57.4,2519,4095,0,1524,0,0,0
31.9,57.4,2547,4095,0,813,0,0,0
31.9,57.4,2605,4095,0,0,0,0,0
31.9,57.5,2559,4095,0,394,0,0,0
31.9,57.5,2559,4095,0,1473,0,0,0
31.9,57.5,2527,4095,0,1703,0,0,0
31.9,57.5,2547,4095,0,791,0,0,0
31.9,57.6,2530,4095,0,0,0,0,0
31.9,57.6,2579,4095,0,213,0,0,0
31.9,57.6,2559,4095,0,1606,0,0,0
31.9,57.6,2506,4095,0,1520,0,0,0
31.9,57.7,2549,4095,0,0,0,0,0
31.9,57.7,2530,4095,0,0,0,0,0
31.9,57.7,2559,4095,0,0,0,0,0
31.9,57.7,2583,4095,0,1706,0,0,0
31.9,57.8,2592,4095,0,0,0,0,0
31.9,57.8,2557,4095,0,0,0,0,0
31.9,57.8,2533,4095,0,0,0,0,0
31.9,57.8,2559,4095,0,0,0,0,0
31.9,57.8,2544,4095,0,979,0,0,0
31.9,57.8,2593,4095,0,0,0,0,0
31.9,57.8,2559,4095,0,0,0,0,0
31.9,57.8,2526,4095,0,0,0,0,0
31.9,57.9,2537,4095,0,1619,0,0,0
31.9,57.9,2542,4095,0,1679,0,0,0
31.9,57.9,2581,4095,0,0,0,0,0
31.9,57.9,2559,4095,0,0,0,0,0
31.9,57.9,2593,4095,0,1647,0,0,0
31.9,57.9,2549,4095,0,1600,0,0,0
31.9,57.9,2522,4095,0,1360,0,0,0
31.9,57.9,2559,4095,0,750,0,0,0
31.8,57.9,2535,4095,0,0,0,0,0
31.8,57.9,2586,4095,0,775,0,0,0
31.8,57.9,2559,4095,0,1531,0,0,0
31.8,57.9,2525,4095,0,1634,0,0,0
31.9,57.8,2544,4095,0,0,0,0,0
31.9,57.8,2528,4095,0,0,0,0,0
31.9,57.8,2559,4095,0,53,0,0,0
31.9,57.8,2586,4095,0,1422,0,0,0
31.8,57.8,2596,4095,0,0,0,0,0
31.8,57.8,2559,4095,0,0,0,0,0
31.8,57.8,2529,4095,0,0,0,0,0
31.8,57.8,2559,4095,0,0,0,0,0
31.9,57.7,2512,4095,0,1044,0,0,0
31.9,57.7,2592,4095,0,0,0,0,0
31.9,57.7,2579,4095,0,0,0,0,0
31.9,57.7,2532,4095,0,0,0,0,0
31.8,57.8,2547,4095,0,2754,0,0,0
31.8,57.8,2559,4095,0,1138,0,0,0
31.8,57.8,2559,4095,0,290,0,0,0
31.8,57.8,2590,4095,0,0,0,0,0
31.9,57.7,2598,4095,0,1406,0,0,0
31.9,57.7,2559,4095,0,1851,0,0,0
31.9,57.7,2528,4095,0,2064,0,0,0
31.9,57.7,2559,4095,0,741,0,0,0
31.8,57.7,2544,4095,0,0,0,0,0
31.8,57.7,2594,4095,0,736,0,0,0
31.8,57.7,2580,4095,0,1515,0,0,0
31.8,57.7,2529,4095,0,1648,0,0,0
31.9,57.6,2551,4095,0,0,0,0,0
31.9,57.6,2535,4095,0,0,0,0,0
31.9,57.6,2580,4095,0,0,0,0,0
31.9,57.6,2593,4095,0,1428,0,0,0
31.8,57.7,2599,4095,0,0,0,0,0
31.8,57.7,2559,4095,0,0,0,0,0
31.8,57.7,2535,4095,0,0,0,0,0
31.8,57.7,2559,4095,0,0,0,0,0
31.9,57.7,2544,4095,0,1731,0,0,0
31.9,57.7,2592,4095,0,0,0,0,0
31.9,57.7,2593,4095,0,0,0,0,0
31.9,57.7,2541,4095,0,0,0,0,0
31.8,57.7,2559,4095,0,2469,0,0,0
31.8,57.7,2538,4095,0,1456,0,0,0
31.8,57.7,2559,4095,0,615,0,0,0
31.8,57.7,2597,4095,0,0,0,0,0
31.9,57.6,2595,4095,0,839,0,0,0
31.9,57.6,2559,4095,0,1584,0,0,0
31.9,57.6,2534,4095,0,1585,0,0,0
31.9,57.6,2559,4095,0,922,0,0,0
31.8,57.6,2542,4095,0,0,0,0,0
31.8,57.6,2588,4095,0,223,0,0,0
31.8,57.6,2589,4095,0,1652,0,0,0
31.8,57.6,2538,4095,0,1638,0,0,0
31.8,57.6,2559,4095,0,0,0,0,0
31.8,57.6,2537,4095,0,0,0,0,0
31.8,57.6,2559,4095,0,0,0,0,0
31.8,57.6,2599,4095,0,1786,0,0,0
31.9,57.7,2601,4095,0,0,0,0,0
31.9,57.7,2583,4095,0,0,0,0,0
31.9,57.7,2534,4095,0,0,0,0,0
31.9,57.7,2559,4095,0,0,0,0,0
31.8,57.8,2539,4095,0,1840,0,0,0
31.8,57.8,2586,4095,0,326,0,0,0
31.8,57.8,2592,4095,0,0,0,0,0
31.8,57.8,2544,4095,0,0,0,0,0
31.9,57.8,2559,4095,0,1838,0,0,0
31.9,57.8,2537,4095,0,1477,0,0,0
31.9,57.8,2559,4095,0,869,0,0,0
31.9,57.8,2605,4095,0,0,0,0,0
31.8,57.9,2598,4095,0,441,0,0,0
31.8,57.9,2587,4095,0,1615,0,0,0
31.8,57.9,2535,4095,0,2113,0,0,0
31.8,57.9,2559,4095,0,911,0,0,0
31.8,57.9,2544,4095,0,0,0,0,0
31.8,57.9,2590,4095,0,0,0,0,0
31.8,57.9,2599,4095,0,1299,0,0,0
31.8,57.9,2550,4095,0,1657,0,0,0
31.8,58.0,2582,4095,0,0,0,0,0
31.8,58.0,2543,4095,0,0,0,0,0
31.8,58.0,2578,4095,0,0,0,0,0
31.8,58.0,2609,4095,0,1631,0,0,0
31.9,58.1,2608,4095,0,0,0,0,0
31.9,58.1,2602,4095,0,0,0,0,0
31.9,58.1,2553,4095,0,0,0,0,0
31.9,58.1,2559,4095,0,0,0,0,0
31.9,58.1,2554,4095,0,1279,0,0,0
31.9,58.1,2604,4095,0,560,0,0,0
31.9,58.1,2610,4095,0,0,0,0,0
31.9,58.1,2559,4095,0,0,0,0,0
31.9,58.0,2589,4095,0,2205,0,0,0
31.9,58.0,2551,4095,0,1510,0,0,0
31.9,58.0,2590,4095,0,713,0,0,0
31.9,58.0,2615,4095,0,0,0,0,0
31.8,58.0,2611,4095,0,755,0,0,0
31.8,58.0,2595,4095,0,1682,0,0,0
31.8,58.0,2549,4095,0,1687,0,0,0
31.8,58.0,2583,4095,0,1283,0,0,0
31.9,57.9,2559,4095,0,0,0,0,0
31.9,57.9,2611,4095,0,400,0,0,0
31.9,57.9,2603,4095,0,1647,0,0,0
31.9,57.9,2558,4095,0,1637,0,0,0
31.8,57.8,2579,4095,0,0,0,0,0
31.8,57.8,2559,4095,0,0,0,0,0
31.8,57.8,2618,4095,0,326,0,0,0
31.8,57.8,2613,4095,0,1363,0,0,0
31.8,57.7,2629,4095,0,0,0,0,0
31.8,57.7,2591,4095,0,0,0,0,0
31.8,57.7,2586,4095,0,0,0,0,0
31.8,57.7,2622,4095,0,319,0,0,0
31.8,57.8,2608,4095,0,784,0,0,0
31.8,57.8,2640,4095,0,0,0,0,0
31.8,57.8,2603,4095,0,0,0,0,0
31.8,57.8,2595,4095,0,0,0,0,0
31.9,57.8,2595,4095,0,2008,0,0,0
31.9,57.8,2631,4095,0,1038,0,0,0
31.9,57.8,2667,4095,0,0,0,0,0
31.9,57.8,2634,4095,0,0,0,0,0
31.8,57.8,2657,4095,0,1979,0,0,0
31.8,57.8,2630,4095,0,1690,0,0,0
31.8,57.8,2673,4095,0,737,0,0,0
31.8,57.8,2719,4095,0,0,0,0,0
31.8,57.8,2751,4095,0,458,0,0,0
31.8,57.8,2789,4095,0,1906,0,0,0
31.8,57.8,2807,4095,0,1837,0,0,0
31.8,57.8,2863,4095,0,753,0,0,0
31.8,57.9,2869,4095,0,0,0,0,0
31.8,57.9,2910,4095,0,426,0,0,0
31.8,57.9,2910,4095,0,1409,0,0,0
31.8,57.9,2894,4095,0,1648,0,0,0
31.9,57.9,2905,4095,0,0,0,0,0
31.9,57.9,2907,4095,0,0,0,0,0
31.9,57.9,2928,4095,0,271,0,0,0
31.9,57.9,2929,4095,0,1493,0,0,0
31.8,57.9,2933,4095,0,0,0,0,0
31.8,57.9,2914,4095,0,0,0,0,0
31.8,57.9,2907,4095,0,0,0,0,0
31.8,57.9,2928,4095,0,107,0,0,0
31.8,57.9,2918,4095,0,923,0,0,0
31.8,57.9,2939,4095,0,0,0,0,0
31.8,57.9,2914,4095,0,0,0,0,0
31.8,57.9,2906,4095,0,0,0,0,0
31.8,58.0,2900,4095,0,1799,0,0,0
31.8,58.0,2915,4095,0,849,0,0,0
31.8,58.0,2935,4095,0,0,0,0,0
31.8,58.0,2913,4095,0,0,0,0,0
31.8,58.0,2924,4095,0,1495,0,0,0
31.8,58.0,2897,4095,0,2139,0,0,0
31.8,58.0,2899,4095,0,924,0,0,0
31.8,58.0,2932,4095,0,0,0,0,0
31.8,58.0,2927,4095,0,323,0,0,0
31.8,58.0,2920,4095,0,1644,0,0,0
31.8,58.0,2902,4095,0,1743,0,0,0
31.8,58.0,2915,4095,0,790,0,0,0
31.9,58.0,2907,4095,0,0,0,0,0
31.9,58.0,2930,4095,0,689,0,0,0
31.9,58.0,2922,4095,0,1786,0,0,0
31.9,58.0,2897,4095,0,1535,0,0,0
31.9,58.0,2903,4095,0,0,0,0,0
31.9,58.0,2910,4095,0,0,0,0,0
31.9,58.0,2931,4095,0,887,0,0,0
31.9,58.0,2918,4095,0,1908,0,0,0
31.9,58.0,2928,4095,0,0,0,0,0
31.9,58.0,2911,4095,0,0,0,0,0
31.9,58.0,2908,4095,0,0,0,0,0
31.9,58.0,2931,4095,0,1002,0,0,0
31.9,58.1,2922,4095,0,0,0,0,0
31.9,58.1,2933,4095,0,0,0,0,0
31.9,58.1,2907,4095,0,0,0,0,0
31.9,58.1,2906,4095,0,0,0,0,0
31.9,58.1,2896,4095,0,1631,0,0,0
31.9,58.1,2913,4095,0,818,0,0,0
31.9,58.1,2929,4095,0,0,0,0,0
31.9,58.1,2902,4095,0,0,0,0,0
31.9,58.0,2913,4095,0,1344,0,0,0
31.9,58.0,2896,4095,0,2201,0,0,0
31.9,58.0,2909,4095,0,917,0,0,0
31.9,58.0,2927,4095,0,0,0,0,0
31.9,58.0,2918,4095,0,0,0,0,0
31.9,58.0,2926,4095,0,1496,0,0,0
31.9,58.0,2896,4095,0,1737,0,0,0
31.9,58.0,2902,4095,0,976,0,0,0
31.9,58.0,2895,4095,0,0,0,0,0
31.9,58.0,2913,4095,0,0,0,0,0
31.9,58.0,2925,4095,0,1864,0,0,0
31.9,58.0,2896,4095,0,1456,0,0,0
31.8,57.9,2910,4095,0,0,0,0,0
31.8,57.9,2887,4095,0,0,0,0,0
31.8,57.9,2901,4095,0,0,0,0,0
31.8,57.9,2923,4095,0,1434,0,0,0
31.9,57.9,2910,4095,0,36,0,0,0
31.9,57.9,2919,4095,0,0,0,0,0
31.9,57.9,2892,4095,0,0,0,0,0
31.9,57.9,2899,4095,0,0,0,0,0
31.9,57.9,2893,4095,0,1263,0,0,0
31.9,57.9,2911,4095,0,578,0,0,0
31.9,57.9,2924,4095,0,0,0,0,0
31.9,57.9,2896,4095,0,0,0,0,0
31.9,57.9,2906,4095,0,1432,0,0,0
31.9,57.9,2889,4095,0,1591,0,0,0
31.9,57.9,2907,4095,0,805,0,0,0
31.9,57.9,2924,4095,0,0,0,0,0
31.9,57.9,2915,4095,0,310,0,0,0
31.9,57.9,2917,4095,0,1673,0,0,0
31.9,57.9,2893,4095,0,1842,0,0,0
31.9,57.9,2902,4095,0,866,0,0,0
31.9,57.9,2895,4095,0,0,0,0,0
31.9,57.9,2915,4095,0,0,0,0,0
31.9,57.9,2919,4095,0,1731,0,0,0
31.9,57.9,2895,4095,0,1456,0,0,0
31.9,57.9,2911,4095,0,0,0,0,0
31.9,57.9,2893,4095,0,0,0,0,0
31.9,57.9,2927,4095,0,0,0,0,0
31.9,57.9,2928,4095,0,1786,0,0,0
31.9,57.9,2922,4095,0,0,0,0,0
31.9,57.9,2918,4095,0,0,0,0,0
31.9,57.9,2895,4095,0,0,0,0,0
31.9,57.9,2905,4095,0,0,0,0,0
31.9,57.9,2894,4095,0,1573,0,0,0
31.9,57.9,2913,4095,0,214,0,0,0
31.9,57.9,2916,4095,0,0,0,0,0
31.9,57.9,2892,4095,0,0,0,0,0
31.9,57.9,2903,4095,0,1491,0,0,0
31.9,57.9,2891,4095,0,1977,0,0,0
31.9,57.9,2906,4095,0,715,0,0,0
31.9,57.9,2927,4095,0,0,0,0,0
31.9,57.9,2919,4095,0,479,0,0,0
31.9,57.9,2909,4095,0,1373,0,0,0
31.9,57.9,2882,4095,0,1470,0,0,0
31.9,57.9,2898,4095,0,797,0,0,0
31.9,57.9,2886,4095,0,0,0,0,0
31.9,57.9,2909,4095,0,0,0,0,0
31.9,57.9,2912,4095,0,1463,0,0,0
31.9,57.9,2892,4095,0,2083,0,0,0
31.9,57.9,2899,4095,0,0,0,0,0
31.9,57.9,2881,4095,0,0,0,0,0
31.9,57.9,2900,4095,0,0,0,0,0
31.9,57.9,2917,4095,0,1613,0,0,0
31.9,57.9,2911,4095,0,0,0,0,0
31.9,57.9,2905,4095,0,0,0,0,0
31.9,57.9,2882,4095,0,0,0,0,0
31.9,57.9,2890,4095,0,0,0,0,0
31.9,57.9,2881,4095,0,545,0,0,0
31.9,57.9,2900,4095,0,0,0,0,0
31.9,57.9,2913,4095,0,0,0,0,0
31.9,57.9,2891,4095,0,0,0,0,0
31.8,57.9,2895,4095,0,1365,0,0,0
31.8,57.9,2878,4095,0,1001,0,0,0
31.8,57.9,2895,4095,0,287,0,0,0
31.8,57.9,2912,4095,0,0,0,0,0
31.9,57.9,2899,4095,0,561,0,0,0
31.9,57.9,2915,4095,0,1273,0,0,0
31.9,57.9,2891,4095,0,1275,0,0,0
31.9,57.9,2882,4095,0,597,0,0,0
31.9,57.9,2894,4095,0,0,0,0,0
31.9,57.9,2893,4095,0,72,0,0,0
31.9,57.9,2907,4095,0,948,0,0,0
31.9,57.9,2895,4095,0,1019,0,0,0
31.9,57.9,2903,4095,0,0,0,0,0
31.9,57.9,2879,4095,0,0,0,0,0
31.9,57.9,2879,4095,0,0,0,0,0
31.9,57.9,2899,4095,0,192,0,0,0
31.9,57.9,2882,4095,0,777,0,0,0
31.9,57.9,2906,4095,0,0,0,0,0
31.9,57.9,2886,4095,0,0,0,0,0
31.9,57.9,2871,4095,0,0,0,0,0
31.9,57.9,2880,4095,0,1337,0,0,0
31.9,57.9,2883,4095,0,1101,0,0,0
31.9,57.9,2907,4095,0,0,0,0,0
31.9,57.9,2905,4095,0,0,0,0,0
31.9,57.9,2911,4095,0,1501,0,0,0
31.9,57.9,2891,4095,0,1601,0,0,0
31.9,57.9,2881,4095,0,538,0,0,0
31.9,57.9,2901,4095,0,0,0,0,0
31.9,57.9,2885,4095,0,0,0,0,0
31.9,57.9,2883,3980,0,155,0,0,0
31.9,57.9,2901,4095,0,331,0,0,0
31.9,57.9,2901,4095,0,373,0,0,0
31.9,57.9,2890,4095,0,0,0,0,0
31.9,57.9,2877,4095,0,0,0,0,0
31.9,57.9,2896,4095,0,0,0,0,0
31.9,57.9,2912,4095,0,41,0,0,0
31.9,57.9,2900,4095,0,0,0,0,0
31.9,57.9,2901,4095,0,0,0,0,0
31.9,57.9,2879,4095,0,0,0,0,0
31.9,57.9,2883,4095,0,22,0,0,0
31.9,57.9,2874,4095,0,880,0,0,0
31.9,57.9,2891,4095,0,2,0,0,0
31.9,57.9,2911,4095,0,0,0,0,0
31.9,57.9,2894,4095,0,0,0,0,0
31.9,57.9,2901,4095,0,1631,0,0,0
31.9,57.9,2881,4095,0,1670,0,0,0
31.9,57.9,2883,4095,0,1056,0,0,0
31.9,57.9,2902,4095,0,150,0,0,0
31.9,57.9,2880,4095,0,529,0,0,0
31.9,57.9,2907,4095,0,1709,0,0,0
31.9,57.9,2896,4095,0,1232,0,0,0
31.9,57.9,2870,4095,0,1083,0,0,0
31.9,57.9,2887,4095,0,0,0,0,0
31.9,57.9,2880,4095,0,0,0,0,0
31.9,57.9,2897,4095,0,0,0,0,0
31.9,57.9,2909,4095,0,1898,0,0,0
31.9,57.9,2905,4095,0,0,0,0,0
31.9,57.9,2905,4095,0,0,0,0,0
31.9,57.9,2877,4095,0,0,0,0,0
31.9,57.9,2887,4095,0,0,0,0,0
31.9,57.8,2874,4095,0,1289,0,0,0
31.9,57.8,2895,4095,0,713,0,0,0
31.9,57.8,2910,4095,0,0,0,0,0
31.9,57.8,2887,4095,0,0,0,0,0
31.9,57.9,2897,4095,0,1826,0,0,0
31.9,57.9,2871,4095,0,1085,0,0,0
31.9,57.9,2879,4095,0,331,0,0,0
31.9,57.9,2902,4095,0,0,0,0,0
31.9,57.8,2891,4095,0,159,0,0,0
31.9,57.8,2910,4095,0,758,0,0,0
31.9,57.8,2889,4095,0,715,0,0,0
31.9,57.8,2877,4095,0,770,0,0,0
31.9,57.9,2878,4095,0,0,0,0,0
31.9,57.9,2885,4095,0,0,0,0,0
31.9,57.9,2903,4095,0,233,0,0,0
31.9,57.9,2898,4095,0,924,0,0,0
31.9,57.9,2912,4095,0,0,0,0,0
31.9,57.9,2896,4095,0,0,0,0,0
31.9,57.9,2879,4095,0,0,0,0,0
31.9,57.9,2897,4095,0,78,0,0,0
31.9,57.9,2881,4095,0,538,0,0,0
31.9,57.9,2909,4095,0,0,0,0,0
31.9,57.9,2912,4095,0,0,0,0,0
31.9,57.9,2887,4095,0,0,0,0,0
31.9,57.9,2903,4095,0,1199,0,0,0
31.9,57.9,2875,4095,0,1600,0,0,0
31.9,57.9,2894,4095,0,66,0,0,0
31.9,57.9,2913,4095,0,0,0,0,0
31.8,57.8,2896,4095,0,384,0,0,0
31.8,57.8,2913,4095,0,1302,0,0,0
31.8,57.8,2896,4095,0,1104,0,0,0
31.8,57.8,2878,4095,0,950,0,0,0
31.9,57.8,2882,4095,0,0,0,0,0
31.9,57.8,2885,4095,0,603,0,0,0
31.9,57.8,2901,4095,0,1994,0,0,0
31.9,57.8,2906,4095,0,4080,0,0,0
31.9,57.8,2906,4095,0,0,0,0,0
31.9,57.8,2896,4095,0,0,0,0,0
31.9,57.8,2094,4095,0,0,0,0,0
31.9,57.8,1603,4095,0,1801,0,0,1
31.9,57.8,2681,4095,0,501,0,0,0
31.9,57.8,2617,4095,0,0,0,0,0
31.9,57.8,2711,4095,0,0,0,0,0
31.9,57.8,2727,4095,0,0,0,0,0
31.9,57.9,2785,4095,0,1203,0,0,0
31.9,57.9,2765,4095,0,959,0,0,0
31.9,57.9,2768,4095,0,26,0,0,0
31.9,57.9,2770,4095,0,0,0,0,0
31.9,57.8,2755,4095,0,722,0,0,0
31.9,57.8,2785,4095,0,725,0,0,0
31.9,57.8,2701,4095,0,737,0,0,0
31.9,57.8,2559,4095,0,719,0,0,0
31.9,57.9,2416,4095,0,720,0,0,0
31.9,57.9,2729,4095,0,720,0,0,0
31.9,57.9,2128,4095,0,715,0,0,0
31.9,57.9,1968,4095,0,715,0,0,0
31.9,57.8,1897,4095,0,719,0,0,1
31.9,57.8,1555,4095,0,722,0,0,1
31.9,57.8,2325,4095,0,739,0,0,0
31.9,57.8,1866,4095,0,733,0,0,1
31.9,57.8,1974,4095,0,718,0,0,0
31.9,57.8,2736,4095,0,733,0,0,0
31.9,57.8,2901,4095,0,720,0,0,0
31.9,57.8,2889,4095,0,718,0,0,0
31.9,57.8,2899,4095,0,718,0,0,0
31.9,57.8,2880,4095,0,715,0,0,0
31.9,57.8,2894,4095,0,1040,0,0,0
31.9,57.8,2914,4095,0,720,0,0,0
31.9,57.8,2903,4095,0,714,0,0,0
31.9,57.8,2909,4095,0,713,0,0,0
31.9,57.8,2886,4095,0,715,0,0,0
31.9,57.8,2869,4095,0,715,0,0,0
31.9,57.8,2688,4095,0,715,0,0,0
31.9,57.8,2270,4095,0,711,0,0,0
31.9,57.8,2727,4095,0,717,0,0,0
31.9,57.8,1081,4095,0,713,0,0,1
31.9,57.8,1365,4095,0,713,0,0,1
31.9,57.8,2197,4095,0,737,0,0,0
31.9,57.8,2178,4095,0,736,0,0,0
31.9,57.8,2115,4095,0,713,0,0,0
31.8,57.8,2688,4095,0,709,0,0,0
31.8,57.8,2707,4095,0,708,0,0,0
31.8,57.8,2650,4095,0,715,0,0,0
31.8,57.8,2666,4095,0,723,0,0,0
31.9,57.8,2662,4095,0,720,0,0,0
31.9,57.8,2690,4095,0,717,0,0,0
31.9,57.8,2730,4095,0,689,0,0,0
31.9,57.8,2697,4095,0,713,0,0,0
31.8,57.8,2724,4095,0,715,0,0,0
31.8,57.8,2678,4095,0,715,0,0,0
31.8,57.8,2685,4095,0,710,0,0,0
31.8,57.8,2725,4095,0,710,0,0,0
31.9,57.8,2674,4095,0,716,0,0,0
31.9,57.8,2730,4095,0,711,0,0,0
31.9,57.8,2689,4095,0,714,0,0,0
31.9,57.8,2682,4095,0,704,0,0,0
31.9,57.8,2672,4095,0,706,0,0,0
31.9,57.8,2704,4095,0,719,0,0,0
31.9,57.8,2738,4095,0,747,0,0,0
31.9,57.8,2712,4095,0,710,0,0,0
31.9,57.8,2735,4095,0,707,0,0,0
31.9,57.8,2686,4095,0,715,0,0,0
31.9,57.8,2691,4095,0,706,0,0,0
31.9,57.8,2736,4095,0,715,0,0,0
31.9,57.8,2705,4095,0,711,0,0,0
31.9,57.8,2736,4095,0,706,0,0,0
31.9,57.8,2697,4095,0,707,0,0,0
31.9,57.8,2689,4095,0,709,0,0,0
31.8,57.8,2678,4095,0,730,0,0,0
31.8,57.8,2704,4095,0,713,0,0,0
31.8,57.8,2712,4095,0,706,0,0,0
31.8,57.8,2711,4095,0,709,0,0,0
31.9,57.8,2731,4095,0,714,0,0,0
31.9,57.8,2683,4095,0,703,0,0,0
31.9,57.8,2688,4095,0,704,0,0,0
31.9,57.8,2687,4095,0,711,0,0,0
31.9,57.8,2697,4095,0,711,0,0,0
31.9,57.8,2725,4095,0,715,0,0,0
31.9,57.8,2678,4095,0,717,0,0,0
31.9,57.8,2670,4095,0,707,0,0,0
31.9,57.8,2665,4095,0,717,0,0,0
31.9,57.8,2699,4095,0,709,0,0,0
31.9,57.8,2730,4095,0,707,0,0,0
31.9,57.8,2692,4095,0,707,0,0,0
31.9,57.8,2715,4095,0,718,0,0,0
31.9,57.8,2669,4095,0,711,0,0,0
31.9,57.8,2688,4095,0,701,0,0,0
31.9,57.8,2736,4095,0,714,0,0,0
31.9,57.8,2713,4095,0,706,0,0,0
31.9,57.8,2723,4095,0,705,0,0,0
31.9,57.8,2675,4095,0,706,0,0,0
31.9,57.8,2691,4095,0,705,0,0,0
31.9,57.8,2672,4095,0,708,0,0,0
31.9,57.8,2717,4095,0,704,0,0,0
31.9,57.8,2730,4095,0,718,0,0,0
31.9,57.8,2684,4095,0,717,0,0,0
31.9,57.8,2702,4095,0,708,0,0,0
31.9,57.8,2674,4095,0,707,0,0,0
31.9,57.8,2717,4095,0,710,0,0,0
31.9,57.8,2730,4095,0,706,0,0,0
31.9,57.8,2725,4095,0,708,0,0,0
31.9,57.8,2704,4095,0,710,0,0,0
31.9,57.8,2679,4095,0,710,0,0,0
31.9,57.8,2718,4095,0,705,0,0,0
31.9,57.8,2701,4095,0,709,0,0,0
31.9,57.8,2736,4095,0,705,0,0,0
31.9,57.8,2703,4095,0,710,0,0,0
31.9,57.8,2681,4095,0,694,0,0,0
31.8,57.8,2676,4095,0,707,0,0,0
31.8,57.8,2704,4095,0,706,0,0,0
31.8,57.8,2741,4095,0,683,0,0,0
31.8,57.8,2704,4095,0,715,0,0,0
31.9,57.7,2725,4095,0,713,0,0,0
31.9,57.7,2675,4095,0,706,0,0,0
31.9,57.7,2694,4095,0,709,0,0,0
31.9,57.7,2735,4095,0,708,0,0,0
31.8,57.7,2717,4095,0,709,0,0,0
31.8,57.7,2718,4095,0,711,0,0,0
31.8,57.7,2621,4095,0,697,0,0,0
31.8,57.7,2658,4095,0,704,0,0,0
31.8,57.7,2559,4095,0,715,0,0,0
31.8,57.7,2687,4095,0,704,0,0,0
31.8,57.7,2715,4095,0,711,0,0,0
31.8,57.7,2667,4095,0,705,0,0,0
31.9,57.7,2686,4095,0,711,0,0,0
31.9,57.7,2673,4095,0,709,0,0,0
31.9,57.7,2717,4095,0,708,0,0,0
31.9,57.7,2727,4095,0,705,0,0,0
31.9,57.7,2731,4095,0,706,0,0,0
31.9,57.7,2689,4095,0,705,0,0,0
31.9,57.7,2672,4095,0,709,0,0,0
31.9,57.7,2722,4095,0,718,0,0,0
31.9,57.7,2685,4095,0,847,0,0,0
31.9,57.7,2735,4095,0,709,0,0,0
31.9,57.7,2693,4095,0,706,0,0,0
31.9,57.7,2672,4095,0,711,0,0,0
31.9,57.7,2517,4095,0,705,0,0,0
31.9,57.7,2522,4095,0,705,0,0,0
31.9,57.7,2630,4095,0,722,0,0,0
31.9,57.7,2627,4095,0,711,0,0,0
31.9,57.7,2662,4095,0,710,0,0,0
31.9,57.7,2674,4095,0,703,0,0,0
31.9,57.7,2704,4095,0,704,0,0,0
31.9,57.7,2740,4095,0,703,0,0,0
31.9,57.7,2724,4095,0,707,0,0,0
31.9,57.7,2727,4095,0,706,0,0,0
31.9,57.7,2681,4095,0,705,0,0,0
31.9,57.7,2704,4095,0,705,0,0,0
31.9,57.7,2687,4095,0,709,0,0,0
31.9,57.7,2730,4095,0,704,0,0,0
31.9,57.7,2732,4095,0,708,0,0,0
31.9,57.7,2683,4095,0,705,0,0,0
31.9,57.7,2703,4095,0,703,0,0,0
31.9,57.7,2689,4095,0,702,0,0,0
31.9,57.7,2736,4095,0,705,0,0,0
31.9,57.7,2737,4095,0,708,0,0,0
31.9,57.6,2748,4095,0,707,0,0,0
31.9,57.6,2705,4095,0,704,0,0,0
31.9,57.6,2689,4095,0,710,0,0,0
31.9,57.6,2731,4095,0,705,0,0,0
31.9,57.4,2705,4095,0,706,0,0,0
31.9,57.4,2746,4095,0,706,0,0,0
31.9,57.4,2704,4095,0,705,0,0,0
31.9,57.4,2691,4095,0,703,0,0,0
31.9,57.3,2681,4095,0,702,0,0,0
31.9,57.3,2710,4095,0,704,0,0,0
31.9,57.3,2750,4095,0,699,0,0,0
31.9,57.3,2713,4095,0,709,0,0,0
31.9,57.2,2734,4095,0,702,0,0,0
31.9,57.2,2687,4095,0,703,0,0,0
31.9,57.2,2706,4095,0,706,0,0,0
31.9,57.2,2746,4095,0,704,0,0,0
31.9,57.1,2735,4095,0,688,0,0,0
31.9,57.1,2738,4095,0,704,0,0,0
31.9,57.1,2693,4095,0,709,0,0,0
31.9,57.1,2704,4095,0,704,0,0,0
31.9,57.1,2687,4095,0,709,0,0,0
31.9,57.1,2729,4095,0,705,0,0,0
31.9,57.1,2743,4095,0,705,0,0,0
31.9,57.1,2703,4095,0,698,0,0,0
31.9,57.2,2719,4095,0,758,0,0,0
31.9,57.2,2688,4095,0,702,0,0,0
31.9,57.2,2726,4095,0,701,0,0,0
31.9,57.2,2746,4095,0,705,0,0,0
31.8,57.2,2751,4095,0,715,0,0,0
31.8,57.2,2723,4095,0,705,0,0,0
31.8,57.2,2688,4095,0,698,0,0,0
31.8,57.2,2727,4095,0,704,0,0,0
31.8,57.3,2706,4095,0,708,0,0,0
31.8,57.3,2748,4095,0,708,0,0,0
31.8,57.3,2714,4095,0,704,0,0,0
31.8,57.3,2687,4095,0,711,0,0,0
31.9,57.4,2690,4095,0,710,0,0,0
31.9,57.4,2704,4095,0,720,0,0,0
31.9,57.4,2750,4095,0,709,0,0,0
31.9,57.4,2715,4095,0,699,0,0,0
31.8,57.4,2735,4095,0,708,0,0,0
31.8,57.4,2689,4095,0,704,0,0,0
31.8,57.4,2704,4095,0,704,0,0,0
31.8,57.4,2751,4095,0,704,0,0,0
31.9,57.5,2735,4095,0,704,0,0,0
31.9,57.5,2742,4095,0,702,0,0,0
31.9,57.5,2698,4095,0,704,0,0,0
31.9,57.5,2705,4095,0,708,0,0,0
31.8,57.5,2691,4095,0,705,0,0,0
31.8,57.5,2735,4095,0,741,0,0,0
31.8,57.5,2747,4095,0,704,0,0,0
31.8,57.5,2704,4095,0,703,0,0,0
31.9,57.6,2722,4095,0,703,0,0,0
31.9,57.6,2689,4095,0,704,0,0,0
31.9,57.6,2725,4095,0,704,0,0,0
31.9,57.6,2749,4095,0,688,0,0,0
31.9,57.6,2739,4095,0,703,0,0,0
31.9,57.6,2729,4095,0,708,0,0,0
31.9,57.6,2687,4095,0,704,0,0,0
31.9,57.6,2718,4095,0,695,0,0,0
31.8,57.6,2675,4095,0,704,0,0,0
31.8,57.6,2739,4095,0,707,0,0,0
31.8,57.6,2730,4095,0,702,0,0,0
31.8,57.6,2687,4095,0,718,0,0,0
31.9,57.6,2704,4095,0,703,0,0,0
31.9,57.6,2696,4095,0,703,0,0,0
31.9,57.6,2742,4095,0,704,0,0,0
31.9,57.6,2736,4095,0,704,0,0,0
31.8,57.6,2746,4095,0,703,0,0,0
31.8,57.6,2708,4095,0,698,0,0,0
31.8,57.6,2692,4095,0,703,0,0,0
31.8,57.6,2735,4095,0,705,0,0,0
31.9,57.6,2714,4095,0,703,0,0,0
31.9,57.6,2741,4095,0,699,0,0,0
31.9,57.6,2706,4095,0,701,0,0,0
31.9,57.6,2644,4095,0,699,0,0,0
31.9,57.6,2687,4095,0,695,0,0,0
31.9,57.6,2722,4095,0,702,0,0,0
31.9,57.6,2747,4095,0,704,0,0,0
31.9,57.6,2710,4095,0,702,0,0,0
31.9,57.6,2727,4095,0,706,0,0,0
31.9,57.6,2685,4095,0,703,0,0,0
31.9,57.6,2715,4095,0,706,0,0,0
31.9,57.6,2741,4095,0,650,0,0,0
31.8,57.6,2736,4095,0,704,0,0,0
31.8,57.6,2730,4095,0,706,0,0,0
31.8,57.6,2686,4095,0,665,0,0,0
31.8,57.6,2716,4095,0,702,0,0,0
31.8,57.6,2690,4095,0,707,0,0,0
31.8,57.6,2739,4095,0,701,0,0,0
31.8,57.6,2731,4095,0,704,0,0,0
31.8,57.6,2687,4095,0,698,0,0,0
31.9,57.6,2704,4095,0,705,0,0,0
31.9,57.6,2695,4095,0,801,0,0,0
31.9,57.6,2736,4095,0,706,0,0,0
31.9,57.6,2736,4095,0,706,0,0,0
31.8,57.6,2749,4095,0,703,0,0,0
31.8,57.6,2706,4095,0,701,0,0,0
31.8,57.6,2691,4095,0,702,0,0,0
31.8,57.6,2733,4095,0,697,0,0,0
31.9,57.6,2704,4095,0,704,0,0,0
31.9,57.6,2749,4095,0,702,0,0,0
31.9,57.6,2710,4095,0,702,0,0,0
31.9,57.6,2688,4095,0,703,0,0,0
31.9,57.7,2690,4095,0,699,0,0,0
31.9,57.7,2704,4095,0,702,0,0,0
31.9,57.7,2745,4095,0,703,0,0,0
31.9,57.7,2692,4095,0,704,0,0,0
31.8,57.6,2739,4095,0,699,0,0,0
31.8,57.6,2685,4095,0,699,0,0,0
31.8,57.6,2683,4095,0,702,0,0,0
31.8,57.6,2733,4095,0,705,0,0,0
31.9,57.7,2720,4095,0,701,0,0,0
31.9,57.7,2750,4095,0,698,0,0,0
31.9,57.7,2704,4095,0,698,0,0,0
31.9,57.7,2693,4095,0,698,0,0,0
31.9,57.6,2675,4095,0,698,0,0,0
31.9,57.6,2703,4095,0,704,0,0,0
31.9,57.6,2736,4095,0,704,0,0,0
31.9,57.6,2706,4095,0,699,0,0,0
31.8,57.6,2745,4095,0,709,0,0,0
31.8,57.6,2689,4095,0,699,0,0,0
31.8,57.6,2704,4095,0,695,0,0,0
31.8,57.6,2737,4095,0,700,0,0,0
31.9,57.6,2709,4095,0,698,0,0,0
31.9,57.6,2740,4095,0,695,0,0,0
31.9,57.6,2695,4095,0,693,0,0,0
31.9,57.6,2695,4095,0,693,0,0,0
31.8,57.6,2681,4095,0,701,0,0,0
31.8,57.6,2707,4095,0,701,0,0,0
31.8,57.6,2734,4095,0,702,0,0,0
31.8,57.6,2704,4095,0,693,0,0,0
31.8,57.6,2730,4095,0,704,0,0,0
31.8,57.6,2688,4095,0,695,0,0,0
31.8,57.6,2657,4095,0,699,0,0,0
31.8,57.6,2609,4095,0,693,0,0,0
31.8,57.6,2592,4095,0,695,0,0,0
31.8,57.6,2711,4095,0,693,0,0,0
31.8,57.6,2698,4095,0,697,0,0,0
31.8,57.6,2701,4095,0,699,0,0,0
31.9,57.6,2682,4095,0,703,0,0,0
31.9,57.6,2683,4095,0,694,0,0,0
31.9,57.6,2702,4095,0,695,0,0,0
31.9,57.6,2691,4095,0,700,0,0,0
31.9,57.6,2737,4095,0,684,0,0,0
31.9,57.6,2689,4095,0,695,0,0,0
31.9,57.6,2704,4095,0,702,0,0,0
31.9,57.6,2745,4095,0,691,0,0,0
31.8,57.6,2707,4095,0,699,0,0,0
31.8,57.6,2718,4095,0,703,0,0,0
31.8,57.6,2682,4095,0,693,0,0,0
31.8,57.6,2682,4095,0,701,0,0,0
31.8,57.6,2677,4095,0,694,0,0,0
31.8,57.6,2714,4095,0,699,0,0,0
31.8,57.6,2751,4095,0,673,0,0,0
31.8,57.6,2711,4095,0,694,0,0,0
31.8,57.6,2731,4095,0,695,0,0,0
31.8,57.6,2684,4095,0,690,0,0,0
31.8,57.6,2704,4095,0,695,0,0,0
31.8,57.6,2758,4095,0,694,0,0,0
31.9,57.6,2736,4095,0,703,0,0,0
31.9,57.6,2754,4095,0,701,0,0,0
31.9,57.6,2707,4095,0,738,0,0,0
31.9,57.6,2714,4095,0,690,0,0,0
31.9,57.6,2697,4095,0,701,0,0,0
31.9,57.6,2736,4095,0,688,0,0,0
31.9,57.6,2763,4095,0,690,0,0,0
31.9,57.6,2713,4095,0,690,0,0,0
31.8,57.6,2739,4095,0,706,0,0,0
31.8,57.6,2704,4095,0,693,0,0,0
31.8,57.6,2736,4095,0,688,0,0,0
31.8,57.6,2757,4095,0,702,0,0,0
31.8,57.7,2752,4095,0,702,0,0,0
31.8,57.7,2731,4095,0,699,0,0,0
31.8,57.7,2698,4095,0,695,0,0,0
31.8,57.7,2730,4095,0,701,0,0,0
31.8,57.6,2702,4095,0,692,0,0,0
31.8,57.6,2747,4095,0,699,0,0,0
31.8,57.6,2734,4095,0,699,0,0,0
31.8,57.6,2693,4095,0,695,0,0,0
31.8,57.6,2703,4095,0,700,0,0,0
31.8,57.6,2707,4095,0,701,0,0,0
31.8,57.6,2751,4095,0,704,0,0,0
31.8,57.6,2723,4095,0,703,0,0,0
31.8,57.7,2743,4095,0,697,0,0,0
31.8,57.7,2693,4095,0,690,0,0,0
31.8,57.7,2704,4095,0,694,0,0,0
31.8,57.7,2754,4095,0,695,0,0,0
31.8,57.7,2734,4095,0,699,0,0,0
31.8,57.7,2745,4095,0,695,0,0,0
31.8,57.7,2701,4095,0,694,0,0,0
31.8,57.7,2711,4095,0,702,0,0,0
31.8,57.6,2697,4095,0,689,0,0,0
31.8,57.6,2744,4095,0,578,0,0,0
31.8,57.6,2745,4095,0,693,0,0,0
31.8,57.6,2704,4095,0,698,0,0,0
31.9,57.7,2720,4095,0,700,0,0,0
31.9,57.7,2702,4095,0,688,0,0,0
31.9,57.7,2739,4095,0,695,0,0,0
31.9,57.7,2746,4095,0,702,0,0,0
31.8,57.6,2759,4095,0,698,0,0,0
31.8,57.6,2719,4095,0,693,0,0,0
31.8,57.6,2704,4095,0,700,0,0,0
31.8,57.6,2745,4095,0,693,0,0,0
31.8,57.6,2720,4095,0,698,0,0,0
31.8,57.6,2753,4095,0,688,0,0,0
31.8,57.6,2723,4095,0,695,0,0,0
31.8,57.6,2700,4095,0,694,0,0,0
31.8,57.6,2696,4095,0,698,0,0,0
31.8,57.6,2715,4095,0,698,0,0,0
31.8,57.6,2755,4095,0,691,0,0,0
31.8,57.6,2725,4095,0,694,0,0,0
31.8,57.6,2743,4095,0,698,0,0,0
31.8,57.6,2700,4095,0,699,0,0,0
31.8,57.6,2707,4095,0,702,0,0,0
31.8,57.6,2733,4095,0,693,0,0,0
31.9,57.6,2735,4095,0,695,0,0,0
31.9,57.6,2751,4095,0,695,0,0,0
31.9,57.6,2704,4095,0,694,0,0,0
31.9,57.6,2707,4095,0,697,0,0,0
31.8,57.6,2697,4095,0,695,0,0,0
31.8,57.6,2736,4095,0,693,0,0,0
31.8,57.6,2762,4095,0,645,0,0,0
31.8,57.6,2718,4095,0,688,0,0,0
31.8,57.6,2723,4095,0,699,0,0,0
31.8,57.6,2701,4095,0,688,0,0,0
31.8,57.6,2727,4095,0,693,0,0,0
31.8,57.6,2763,4095,0,697,0,0,0
31.8,57.6,2759,4095,0,698,0,0,0
31.8,57.6,2747,4095,0,694,0,0,0
31.8,57.6,2696,4095,0,697,0,0,0
31.8,57.6,2715,4095,0,702,0,0,0
31.8,57.6,2695,4095,0,693,0,0,0
31.8,57.6,2736,4095,0,694,0,0,0
31.8,57.6,2753,4095,0,696,0,0,0
31.8,57.6,2710,4095,0,695,0,0,0
31.8,57.6,2736,4095,0,697,0,0,0
31.8,57.6,2699,4095,0,698,0,0,0
31.8,57.6,2734,4095,0,695,0,0,0
31.8,57.6,2763,4095,0,692,0,0,0
31.8,57.6,2754,4095,0,704,0,0,0
31.8,57.6,2746,4095,0,693,0,0,0
31.8,57.6,2702,4095,0,694,0,0,0
31.8,57.6,2733,4095,0,694,0,0,0
31.8,57.6,2708,4095,0,699,0,0,0
31.8,57.6,2753,4095,0,702,0,0,0
31.8,57.6,2756,4095,0,694,0,0,0
31.8,57.6,2711,4095,0,705,0,0,0
31.8,57.6,2738,4095,0,698,0,0,0
31.8,57.6,2709,4095,0,693,0,0,0
31.8,57.6,2745,4095,0,700,0,0,0
31.8,57.6,2800,4095,0,697,0,0,0
31.8,57.6,2759,4095,0,690,0,0,0
31.8,57.6,2747,4095,0,688,0,0,0
31.8,57.6,2705,4095,0,704,0,0,0
31.8,57.6,2736,4095,0,692,0,0,0
31.8,57.6,2710,4095,0,699,0,0,0
31.8,57.6,2755,4095,0,690,0,0,0
31.8,57.6,2758,4095,0,697,0,0,0
31.8,57.6,2710,4095,0,695,0,0,0
31.8,57.6,2736,4095,0,698,0,0,0
31.8,57.6,2706,4095,0,703,0,0,0
31.8,57.6,2743,4095,0,694,0,0,0
31.8,57.6,2768,4095,0,689,0,0,0
31.8,57.6,2757,4095,0,698,0,0,0
31.8,57.6,2749,4095,0,698,0,0,0
31.8,57.6,2705,4095,0,693,0,0,0
31.8,57.6,2735,4095,0,688,0,0,0
31.8,57.6,2711,4095,0,697,0,0,0
31.8,57.6,2756,4095,0,700,0,0,0
31.8,57.6,2759,4095,0,698,0,0,0
31.8,57.6,2718,4095,0,695,0,0,0
31.8,57.6,2738,4095,0,697,0,0,0
31.8,57.6,2708,4095,0,693,0,0,0
31.8,57.6,2751,4095,0,698,0,0,0
31.8,57.6,2768,4095,0,699,0,0,0
31.8,57.6,2768,4095,0,691,0,0,0
31.8,57.6,2749,4095,0,698,0,0,0
31.8,57.6,2710,4095,0,688,0,0,0
31.8,57.6,2743,4095,0,699,0,0,0
31.8,57.6,2722,4095,0,690,0,0,0
31.8,57.6,2764,4095,0,694,0,0,0
31.8,57.6,2752,4095,0,695,0,0,0
31.8,57.6,2706,4095,0,693,0,0,0
31.8,57.6,2724,4095,0,694,0,0,0
31.8,57.6,2719,4095,0,692,0,0,0
31.8,57.6,2763,4095,0,690,0,0,0
31.8,57.6,2812,4095,0,694,0,0,0
31.8,57.7,2768,4095,0,693,0,0,0
31.8,57.7,2729,4095,0,694,0,0,0
31.8,57.7,2717,4095,0,691,0,0,0
31.8,57.7,2755,4095,0,688,0,0,0
31.8,57.6,2735,4095,0,696,0,0,0
31.8,57.6,2769,4095,0,690,0,0,0
31.8,57.6,2734,4095,0,694,0,0,0
31.8,57.6,2715,4095,0,688,0,0,0
31.8,57.6,2711,4095,0,695,0,0,0
31.8,57.6,2736,4095,0,688,0,0,0
31.8,57.6,2768,4095,0,690,0,0,0
31.8,57.6,2737,4095,0,692,0,0,0
31.8,57.6,2763,4095,0,683,0,0,0
31.8,57.6,2721,4095,0,690,0,0,0
31.8,57.6,2730,4095,0,691,0,0,0
31.8,57.6,2770,4095,0,693,0,0,0
31.8,57.6,2749,4095,0,624,0,0,0
31.8,57.6,2768,4095,0,688,0,0,0
31.8,57.6,2720,4095,0,688,0,0,0
31.8,57.6,2723,4095,0,688,0,0,0
31.8,57.6,2709,4095,0,691,0,0,0
31.8,57.6,2736,4095,0,694,0,0,0
31.8,57.6,2771,4095,0,689,0,0,0
31.8,57.6,2733,4095,0,686,0,0,0
31.8,57.6,2755,4095,0,694,0,0,0
31.8,57.6,2708,4095,0,680,0,0,0
31.8,57.6,2733,4095,0,678,0,0,0
31.8,57.6,2763,4095,0,691,0,0,0
31.8,57.6,2743,4095,0,690,0,0,0
31.8,57.6,2752,4095,0,693,0,0,0
31.8,57.6,2698,4095,0,689,0,0,0
31.8,57.6,2715,4095,0,688,0,0,0
31.8,57.6,2704,4095,0,688,0,0,0
31.8,57.6,2746,4095,0,691,0,0,0
31.8,57.6,2768,4095,0,695,0,0,0
31.8,57.6,2717,4095,0,689,0,0,0
31.8,57.7,2730,4095,0,688,0,0,0
31.8,57.7,2691,4095,0,688,0,0,0
31.8,57.7,2734,4095,0,685,0,0,0
31.8,57.7,2761,4095,0,685,0,0,0
31.8,57.7,2762,4095,0,693,0,0,0
31.8,57.7,2736,4095,0,688,0,0,0
31.8,57.7,2706,4095,0,691,0,0,0
31.8,57.7,2741,4095,0,688,0,0,0
31.8,57.7,2715,4095,0,704,0,0,0
31.8,57.7,2766,4095,0,694,0,0,0
31.8,57.7,2750,4095,0,688,0,0,0
31.8,57.7,2709,4095,0,691,0,0,0
31.8,57.7,2729,4095,0,686,0,0,0
31.8,57.7,2725,4095,0,689,0,0,0
31.8,57.7,2768,4095,0,688,0,0,0
31.8,57.7,2757,4095,0,695,0,0,0
31.8,57.6,2768,4095,0,690,0,0,0
31.8,57.6,2721,4095,0,692,0,0,0
31.8,57.6,2718,4095,0,697,0,0,0
31.8,57.6,2759,4095,0,688,0,0,0
31.8,57.6,2739,4095,0,697,0,0,0
31.8,57.6,2767,4095,0,697,0,0,0
31.8,57.6,2722,4095,0,688,0,0,0
31.8,57.6,2715,4095,0,695,0,0,0
31.8,57.6,2704,4095,0,696,0,0,0
31.8,57.6,2737,4095,0,688,0,0,0
31.8,57.6,2767,4095,0,693,0,0,0
31.8,57.6,2723,4095,0,674,0,0,0
31.8,57.6,2748,4095,0,688,0,0,0
31.8,57.6,2703,4095,0,688,0,0,0
31.8,57.6,2734,4095,0,688,0,0,0
31.8,57.6,2763,4095,0,687,0,0,0
31.8,57.6,2749,4095,0,689,0,0,0
31.8,57.6,2738,4095,0,768,0,0,0
31.8,57.6,2699,4095,0,688,0,0,0
31.8,57.6,2730,4095,0,685,0,0,0
31.8,57.6,2704,4095,0,699,0,0,0
31.8,57.6,2755,4095,0,688,0,0,0
31.8,57.6,2749,4095,0,679,0,0,0
31.8,57.6,2691,4095,0,689,0,0,0
31.8,57.5,2704,4095,0,707,0,0,0
31.8,57.5,2704,4095,0,688,0,0,0
31.8,57.5,2753,4095,0,689,0,0,0
31.8,57.5,2753,4095,0,690,0,0,0
31.8,57.5,2768,4095,0,683,0,0,0
31.8,57.5,2726,4095,0,688,0,0,0
31.8,57.5,2704,4095,0,689,0,0,0
31.8,57.5,2726,4095,0,707,0,0,0
31.8,57.5,2733,4095,0,688,0,0,0
31.8,57.5,2767,4095,0,690,0,0,0
31.8,57.5,2729,4095,0,688,0,0,0
31.8,57.5,2705,4095,0,684,0,0,0
31.8,57.5,2703,4095,0,688,0,0,0
31.8,57.5,2814,4095,0,688,0,0,0
31.8,57.5,2771,4095,0,689,0,0,0
31.8,57.5,2730,4095,0,582,0,0,0
31.9,57.5,2749,4095,0,688,0,0,0
31.9,57.5,2704,4095,0,685,0,0,0
31.9,57.5,2731,4095,0,689,0,0,0
31.9,57.5,2766,4095,0,689,0,0,0
31.8,57.5,2753,4095,0,688,0,0,0
31.8,57.5,2757,4095,0,688,0,0,0
31.8,57.5,2711,4095,0,688,0,0,0
31.8,57.5,2724,4095,0,670,0,0,0
31.8,57.5,2707,4095,0,693,0,0,0
31.8,57.5,2749,4095,0,684,0,0,0
31.8,57.5,2763,4095,0,704,0,0,0
31.8,57.5,2711,4095,0,688,0,0,0
31.9,57.5,2737,4095,0,691,0,0,0
31.9,57.5,2706,4095,0,693,0,0,0
31.9,57.5,2736,4095,0,689,0,0,0
31.9,57.5,2768,4095,0,682,0,0,0
31.8,57.3,2758,4095,0,694,0,0,0
31.8,57.3,2752,4095,0,688,0,0,0
31.8,57.3,2704,4095,0,687,0,0,0
31.8,57.3,2725,4095,0,679,0,0,0
31.8,57.3,2708,4095,0,689,0,0,0
31.8,57.3,2746,4095,0,695,0,0,0
31.8,57.3,2774,4095,0,690,0,0,0
31.8,57.3,2713,4095,0,692,0,0,0
31.8,57.3,2736,4095,0,688,0,0,0
31.8,57.3,2704,4095,0,689,0,0,0
31.8,57.3,2736,4095,0,683,0,0,0
31.8,57.3,2763,4095,0,688,0,0,0
31.8,57.4,2752,4095,0,688,0,0,0
31.8,57.4,2746,4095,0,699,0,0,0
31.8,57.4,2701,4095,0,686,0,0,0
31.8,57.4,2711,4095,0,686,0,0,0
31.8,57.4,2704,4095,0,683,0,0,0
31.8,57.4,2721,4095,0,694,0,0,0
31.8,57.4,2755,4095,0,686,0,0,0
31.8,57.4,2713,4095,0,687,0,0,0
31.8,57.4,2736,4095,0,687,0,0,0
31.8,57.4,2702,4095,0,643,0,0,0
31.8,57.4,2723,4095,0,688,0,0,0
31.8,57.4,2758,4095,0,688,0,0,0
31.8,57.4,2748,4095,0,688,0,0,0
31.8,57.4,2749,4095,0,685,0,0,0
31.8,57.4,2703,4095,0,686,0,0,0
31.8,57.4,2709,4095,0,704,0,0,0
31.8,57.5,2695,4095,0,688,0,0,0
31.8,57.5,2733,4095,0,687,0,0,0
31.8,57.5,2751,4095,0,688,0,0,0
31.8,57.5,2707,4095,0,688,0,0,0
31.8,57.5,2734,4095,0,686,0,0,0
31.8,57.5,2691,4095,0,689,0,0,0
31.8,57.5,2717,4095,0,688,0,0,0
31.8,57.5,2750,4095,0,708,0,0,0
31.8,57.5,2736,4095,0,688,0,0,0
31.8,57.5,2745,4095,0,689,0,0,0
31.8,57.5,2702,4095,0,689,0,0,0
31.8,57.5,2715,4095,0,679,0,0,0
31.8,57.5,2689,4095,0,688,0,0,0
31.8,57.5,2729,4095,0,683,0,0,0
31.8,57.5,2754,4095,0,683,0,0,0
31.8,57.5,2711,4095,0,685,0,0,0
31.9,57.5,2736,4095,0,683,0,0,0
31.9,57.5,2689,4095,0,688,0,0,0
31.9,57.5,2718,4095,0,692,0,0,0
31.9,57.5,2752,4095,0,688,0,0,0
31.8,57.5,2736,4095,0,688,0,0,0
31.8,57.5,2738,4095,0,686,0,0,0
31.8,57.5,2679,4095,0,687,0,0,0
31.8,57.5,2673,4095,0,689,0,0,0
31.8,57.5,2638,4095,0,688,0,0,0
31.8,57.5,2675,4095,0,679,0,0,0
31.8,57.5,2689,4095,0,686,0,0,0
31.8,57.5,2642,4095,0,685,0,0,0
31.8,57.5,2686,4095,0,687,0,0,0
31.8,57.5,2675,4095,0,687,0,0,0
31.8,57.5,2718,4095,0,688,0,0,0
31.8,57.5,2691,4095,0,691,0,0,0
31.8,57.5,2670,4095,0,690,0,0,0
31.8,57.5,2597,4095,0,688,0,0,0
31.8,57.5,2557,4095,0,688,0,0,0
31.8,57.5,2618,4095,0,688,0,0,0
31.8,57.5,2602,4095,0,688,0,0,0
31.8,57.5,2650,4095,0,706,0,0,0
31.8,57.5,2592,4095,0,687,0,0,0
31.8,57.5,2541,4095,0,688,0,0,0
31.8,57.5,2480,4095,0,691,0,0,0
31.8,57.5,2555,4095,0,688,0,0,0
31.8,57.5,2640,4095,0,688,0,0,0
31.8,57.5,2610,4095,0,687,0,0,0
31.8,57.5,2637,4095,0,689,0,0,0
31.8,57.5,2589,4095,0,689,0,0,0
31.8,57.5,2625,4095,0,713,0,0,0
31.8,57.5,2651,4095,0,689,0,0,0
31.8,57.4,2661,4095,0,685,0,0,0
31.8,57.4,2640,4095,0,688,0,0,0
31.8,57.4,2615,4095,0,688,0,0,0
31.8,57.4,2673,4095,0,689,0,0,0
31.8,57.3,2666,4095,0,688,0,0,0
31.8,57.3,2723,4095,0,685,0,0,0
31.8,57.3,2705,4095,0,691,0,0,0
31.8,57.3,2689,4095,0,678,0,0,0
31.8,57.2,2695,4095,0,688,0,0,0
31.8,57.2,2727,4095,0,681,0,0,0
31.8,57.2,2759,4095,0,691,0,0,0
31.8,57.2,2718,4095,0,687,0,0,0
31.8,57.2,2736,4095,0,688,0,0,0
31.8,57.2,2683,4095,0,688,0,0,0
31.8,57.2,2702,4095,0,678,0,0,0
31.8,57.2,2710,4095,0,684,0,0,0
31.8,57.1,2670,4095,0,687,0,0,0
31.8,57.1,2634,4095,0,688,0,0,0
31.8,57.1,2604,4095,0,663,0,0,0
31.8,57.1,2647,4095,0,687,0,0,0
31.8,57.1,2619,4095,0,683,0,0,0
31.8,57.1,2639,4095,0,683,0,0,0
31.8,57.1,2597,4095,0,685,0,0,0
31.8,57.1,2506,4095,0,688,0,0,0
31.8,57.0,2502,4095,0,673,0,0,0
31.8,57.0,2496,4095,0,682,0,0,0
31.8,57.0,2555,4095,0,678,0,0,0
31.8,57.0,2539,4095,0,688,0,0,0
31.8,57.0,2539,4095,0,682,0,0,0
31.8,57.0,2448,4095,0,676,0,0,0
31.8,57.0,2416,4095,0,688,0,0,0
31.8,57.0,2471,4095,0,687,0,0,0
31.8,56.9,2437,4095,0,689,0,0,0
31.8,56.9,2481,4095,0,679,0,0,0
31.8,56.9,2423,4095,0,688,0,0,0
31.8,56.9,2391,4095,0,687,0,0,0
31.8,56.9,2383,4095,0,688,0,0,0
31.8,56.9,2421,4095,0,689,0,0,0
31.8,56.9,2475,4095,0,689,0,0,0
31.8,56.9,2415,4095,0,683,0,0,0
31.8,56.9,2449,4095,0,682,0,0,0
31.8,56.9,2379,4095,0,685,0,0,0
31.8,56.9,2410,4095,0,686,0,0,0
31.8,56.9,2471,4095,0,679,0,0,0
31.8,56.9,2447,4095,0,687,0,0,0
31.8,56.9,2449,4095,0,675,0,0,0
31.8,56.9,2369,4095,0,685,0,0,0
31.8,56.9,2395,4095,0,675,0,0,0
31.8,57.0,2365,4095,0,683,0,0,0
31.8,57.0,2439,4095,0,682,0,0,0
31.8,57.0,2448,4095,0,684,0,0,0
31.8,57.0,2368,4095,0,685,0,0,0
31.8,57.1,2394,4095,0,688,0,0,0
31.8,57.1,2365,4095,0,674,0,0,0
31.8,57.1,2432,4095,0,668,0,0,0
31.8,57.1,2446,4095,0,675,0,0,0
31.8,57.2,2458,4095,0,672,0,0,0
31.8,57.2,2410,4095,0,686,0,0,0
31.8,57.2,2363,4095,0,668,0,0,0
31.8,57.2,2436,4095,0,683,0,0,0
31.8,57.2,2409,4095,0,688,0,0,0
31.8,57.2,2459,4095,0,678,0,0,0
31.8,57.2,2406,4095,0,681,0,0,0
31.8,57.2,2359,4095,0,683,0,0,0
31.8,57.3,2363,4095,0,679,0,0,0
31.8,57.3,2394,4095,0,683,0,0,0
31.8,57.3,2464,4095,0,679,0,0,0
31.8,57.3,2407,4095,0,677,0,0,0
31.8,57.3,2442,4095,0,677,0,0,0
31.8,57.3,2359,4095,0,675,0,0,0
31.8,57.3,2384,4095,0,683,0,0,0
31.8,57.3,2451,4095,0,687,0,0,0
31.8,57.3,2434,4095,0,704,0,0,0
31.8,57.3,2450,4095,0,683,0,0,0
31.8,57.3,2373,4095,0,683,0,0,0
31.8,57.3,2382,4095,0,685,0,0,0
31.8,57.3,2357,4095,0,686,0,0,0
31.8,57.3,2419,4095,0,677,0,0,0
31.8,57.3,2450,4095,0,679,0,0,0
31.8,57.3,2377,4095,0,682,0,0,0
31.8,57.3,2406,4095,0,689,0,0,0
31.8,57.3,2352,4095,0,685,0,0,0
31.8,57.3,2416,4095,0,711,0,0,0
31.8,57.3,2451,4095,0,678,0,0,0
31.8,57.2,2450,4095,0,681,0,0,0
31.8,57.2,2409,4095,0,684,0,0,0
31.8,57.2,2352,4095,0,678,0,0,0
31.8,57.2,2417,4095,0,679,0,0,0
31.8,57.1,2386,4095,0,682,0,0,0
31.8,57.1,2448,4095,0,683,0,0,0
31.8,57.1,2396,4095,0,681,0,0,0
31.8,57.1,2353,4095,0,674,0,0,0
31.8,57.1,2352,4095,0,685,0,0,0
31.8,57.1,2394,4095,0,682,0,0,0
31.8,57.1,2450,4095,0,681,0,0,0
31.8,57.1,2384,4095,0,686,0,0,0
31.8,57.0,2415,4095,0,682,0,0,0
31.8,57.0,2352,4095,0,693,0,0,0
31.8,57.0,2416,4095,0,675,0,0,0
31.8,57.0,2448,4095,0,669,0,0,0
31.8,57.1,2458,4095,0,687,0,0,0
31.8,57.1,2390,4095,0,678,0,0,0
31.8,57.1,2367,4095,0,671,0,0,0
31.8,57.1,2442,4095,0,678,0,0,0
31.8,57.2,2417,4095,0,683,0,0,0
31.8,57.2,2447,4095,0,672,0,0,0
31.8,57.2,2366,4095,0,688,0,0,0
31.8,57.2,2391,4095,0,678,0,0,0
31.8,57.2,2370,4095,0,667,0,0,0
31.8,57.2,2448,4095,0,682,0,0,0
31.8,57.2,2420,4095,0,671,0,0,0
31.8,57.2,2354,4095,0,684,0,0,0
31.8,57.2,2362,4095,0,676,0,0,0
31.8,57.2,2405,4095,0,675,0,0,0
31.8,57.2,2458,4095,0,678,0,0,0
31.8,57.2,2384,4095,0,685,0,0,0
31.8,57.3,2414,4095,0,681,0,0,0
31.8,57.3,2363,4095,0,689,0,0,0
31.8,57.3,2431,4095,0,686,0,0,0
31.8,57.3,2443,4095,0,687,0,0,0
31.8,57.3,2455,4095,0,687,0,0,0
31.8,57.3,2381,4095,0,682,0,0,0
31.8,57.3,2384,4095,0,683,0,0,0
31.8,57.3,2463,4095,0,679,0,0,0
31.8,57.3,2448,4095,0,678,0,0,0
31.8,57.3,2442,4095,0,679,0,0,0
31.8,57.3,2361,4095,0,688,0,0,0
31.8,57.3,2402,4095,0,674,0,0,0
31.8,57.3,2384,4095,0,676,0,0,0
31.8,57.3,2461,4095,0,682,0,0,0
31.8,57.3,2439,4095,0,682,0,0,0
31.8,57.3,2369,4095,0,675,0,0,0
31.8,57.3,2368,4095,0,679,0,0,0
31.8,57.3,2402,4095,0,673,0,0,0
31.8,57.3,2470,4095,0,683,0,0,0
31.8,57.3,2410,4095,0,671,0,0,0
31.8,57.3,2439,4095,0,684,0,0,0
31.8,57.3,2370,4095,0,678,0,0,0
31.8,57.3,2423,4095,0,675,0,0,0
31.8,57.3,2472,4095,0,663,0,0,0
31.8,57.3,2475,4095,0,681,0,0,0
31.8,57.3,2433,4095,0,673,0,0,0
31.8,57.3,2384,4095,0,711,0,0,0
31.8,57.3,2448,4095,0,678,0,0,0
31.8,57.3,2430,4095,0,679,0,0,0
31.8,57.3,2495,4095,0,683,0,0,0
31.8,57.3,2443,4095,0,672,0,0,0
31.8,57.3,2406,4095,0,675,0,0,0
31.8,57.3,2398,4095,0,677,0,0,0
31.8,57.3,2436,4095,0,678,0,0,0
31.8,57.3,2492,4095,0,678,0,0,0
31.8,57.3,2429,4095,0,675,0,0,0
31.8,57.3,2462,4095,0,679,0,0,0
31.8,57.3,2399,4095,0,675,0,0,0
31.8,57.3,2443,4095,0,675,0,0,0
31.8,57.3,2499,4095,0,672,0,0,0
31.8,57.3,2506,4095,0,672,0,0,0
31.8,57.3,2505,4095,0,680,0,0,0
31.8,57.3,2487,4095,0,683,0,0,0
31.8,57.3,2579,4095,11,684,0,0,0
31.8,57.3,2589,4095,0,683,0,0,0
31.8,57.3,2641,4095,0,678,0,0,0
31.8,57.3,2610,4095,0,676,0,0,0
31.8,57.3,2526,4095,0,678,0,0,0
31.8,57.3,2521,4095,0,688,0,0,0
31.8,57.3,2537,4095,0,669,0,0,0
31.8,57.3,2611,4095,0,671,0,0,0
31.8,57.3,2619,4095,0,668,0,0,0
31.8,57.3,2649,4095,0,671,0,0,0
31.8,57.3,2603,4095,0,679,0,0,0
31.8,57.3,2599,4095,0,675,0,0,0
31.8,57.3,2641,4095,0,681,0,0,0
31.8,57.3,2625,4095,0,689,0,0,0
31.8,57.3,2655,4095,0,679,0,0,0
31.8,57.3,2607,4095,0,670,0,0,0
31.8,57.3,2619,4095,0,670,0,0,0
31.8,57.3,2613,4095,0,673,0,0,0
31.8,57.3,2671,4095,0,681,0,0,0
31.8,57.3,2688,4095,0,664,0,0,0
31.8,57.3,2639,4095,0,681,0,0,0
31.8,57.3,2656,4095,0,677,0,0,0
31.8,57.3,2625,4095,0,681,0,0,0
31.8,57.3,2682,4095,0,677,0,0,0
31.8,57.3,2690,4095,0,684,0,0,0
31.8,57.3,2691,4095,0,671,0,0,0
31.8,57.3,2635,4095,0,680,0,0,0
31.8,57.3,2606,4095,0,658,0,0,0
31.8,57.3,2640,4095,0,641,0,0,0
31.8,57.3,2608,4095,0,669,0,0,0
31.8,57.3,2643,4095,0,679,0,0,0
31.8,57.3,2589,4095,0,666,0,0,0
31.8,57.3,2559,4095,0,670,0,0,0
31.8,57.3,2547,4095,0,678,0,0,0
31.8,57.3,2608,4095,0,671,0,0,0
31.8,57.3,2655,4095,0,677,0,0,0
31.8,57.3,2619,4095,0,669,0,0,0
31.8,57.3,2639,4095,0,688,0,0,0
31.8,57.3,2559,4095,0,665,0,0,0
31.8,57.3,2545,4095,0,662,0,0,0
31.8,57.3,2525,4095,0,677,0,0,0
31.8,57.1,2522,4095,0,678,0,0,0
31.8,57.1,2469,4095,0,672,0,0,0
31.8,57.1,2432,4095,0,671,0,0,0
31.8,57.1,2485,4095,0,672,0,0,0
31.8,57.0,2461,4095,0,679,0,0,0
31.8,57.0,2497,4095,0,670,0,0,0
31.8,57.0,2435,4095,0,675,0,0,0
31.8,57.0,2416,4095,0,669,0,0,0
31.8,56.9,2405,4095,0,672,0,0,0
31.8,56.9,2448,4095,0,675,0,0,0
31.8,56.9,2485,4095,0,672,0,0,0
31.8,56.9,2416,4095,0,683,0,0,0
31.8,57.1,2438,4095,0,678,0,0,0
31.8,57.1,2394,4095,0,681,0,0,0
31.8,57.1,2449,4095,0,666,0,0,0
31.8,57.1,2478,4095,0,672,0,0,0
31.8,57.2,2481,4095,0,688,0,0,0
31.8,57.2,2429,4095,0,676,0,0,0
31.8,57.2,2385,4095,0,677,0,0,0
31.8,57.2,2449,4095,0,679,0,0,0
31.8,57.2,2422,4095,0,674,0,0,0
31.8,57.2,2480,4095,0,682,0,0,0
31.8,57.2,2422,4095,0,671,0,0,0
31.8,57.2,2384,4095,0,673,0,0,0
31.8,57.3,2381,4095,0,678,0,0,0
31.8,57.3,2423,4095,0,688,0,0,0
31.8,57.3,2480,4095,0,674,0,0,0
31.8,57.3,2416,4095,0,677,0,0,0
31.8,57.3,2446,4095,0,675,0,0,0
31.8,57.3,2383,4095,0,675,0,0,0
31.8,57.3,2432,4095,0,672,0,0,0
31.8,57.3,2479,4095,0,675,0,0,0
31.8,57.3,2480,4095,0,673,0,0,0
31.8,57.3,2448,4095,0,673,0,0,0
31.8,57.3,2397,4095,0,675,0,0,0
31.8,57.3,2461,4095,0,676,0,0,0
31.8,57.3,2435,4095,0,675,0,0,0
31.8,57.3,2497,4095,0,673,0,0,0
31.8,57.3,2453,4095,0,675,0,0,0
31.8,57.3,2418,4095,0,673,0,0,0
31.8,57.4,2416,4095,0,672,0,0,0
31.8,57.4,2461,4095,0,662,0,0,0
31.8,57.4,2529,4095,0,669,0,0,0
31.8,57.4,2486,4095,0,672,0,0,0
31.8,57.4,2512,4095,0,678,0,0,0
31.8,57.4,2470,4095,0,677,0,0,0
31.8,57.4,2523,4095,0,675,0,0,0
31.8,57.4,2544,4095,0,675,0,0,0
31.8,57.4,2557,4095,0,672,0,0,0
31.8,57.4,2530,4095,0,675,0,0,0
31.8,57.4,2559,4095,0,673,0,0,0
31.8,57.4,2689,4095,0,672,0,0,0
31.8,57.4,2707,4095,0,677,0,0,0
31.8,57.4,2736,4095,0,675,0,0,0
31.8,57.4,2688,4095,0,684,0,0,0
31.8,57.4,2716,4095,0,674,0,0,0
31.8,57.4,2698,4095,0,678,0,0,0
31.8,57.4,2747,4095,0,678,0,0,0
31.8,57.4,2730,4095,0,678,0,0,0
31.8,57.4,2688,4095,0,672,0,0,0
31.8,57.4,2683,4095,0,672,0,0,0
31.8,57.4,2688,4095,0,671,0,0,0
31.8,57.4,2736,4095,0,691,0,0,0
31.8,57.4,2695,4095,0,675,0,0,0
31.8,57.4,2707,4095,0,672,0,0,0
31.8,57.4,2688,4095,0,671,0,0,0
31.8,57.4,2735,4095,0,664,0,0,0
31.8,57.4,2731,4095,0,665,0,0,0
31.8,57.4,2735,4095,0,678,0,0,0
31.8,57.4,2682,4095,0,671,0,0,0
31.8,57.4,2705,4095,0,666,0,0,0
31.8,57.4,2746,4095,0,682,0,0,0
31.8,57.4,2739,4095,0,669,0,0,0
31.8,57.4,2710,4095,0,678,0,0,0
31.8,57.4,2677,4095,0,675,0,0,0
31.8,57.4,2727,4095,0,673,0,0,0
31.8,57.4,2723,4095,0,673,0,0,0
31.8,57.4,2738,4095,0,667,0,0,0
31.8,57.4,2688,4095,0,669,0,0,0
31.8,57.4,2714,4095,0,667,0,0,0
31.8,57.4,2704,4095,0,669,0,0,0
31.8,57.4,2741,4095,0,663,0,0,0
31.8,57.4,2703,4095,0,671,0,0,0
31.8,57.4,2693,4095,0,675,0,0,0
31.8,57.3,2687,4095,0,670,0,0,0
31.8,57.3,2734,4095,0,667,0,0,0
31.8,57.3,2733,4095,0,664,0,0,0
31.8,57.3,2675,4095,0,663,0,0,0
31.8,57.3,2669,4095,0,669,0,0,0
31.8,57.3,2702,4095,0,663,0,0,0
31.8,57.3,2736,4095,0,661,0,0,0
31.8,57.3,2686,4095,0,667,0,0,0
31.8,57.3,2699,4095,0,670,0,0,0
31.8,57.3,2695,4095,0,665,0,0,0
31.8,57.3,2723,4095,0,670,0,0,0
31.8,57.3,2658,4095,0,667,0,0,0
31.8,57.3,2662,4095,0,669,0,0,0
31.8,57.3,2678,4095,0,666,0,0,0
31.8,57.3,2731,4095,0,668,0,0,0
31.8,57.3,2734,4095,0,662,0,0,0
31.8,57.3,2738,4095,0,683,0,0,0
31.8,57.3,2692,4095,0,663,0,0,0
31.8,57.3,2705,4095,0,661,0,0,0
31.8,57.3,2743,4095,0,662,0,0,0
31.8,57.3,2742,4095,0,666,0,0,0
31.8,57.3,2719,4095,0,682,0,0,0
31.8,57.3,2694,4095,0,670,0,0,0
31.8,57.3,2745,4095,0,671,0,0,0
31.8,57.3,2727,4095,0,663,0,0,0
31.8,57.3,2743,4095,0,666,0,0,0
31.8,57.3,2694,4095,0,662,0,0,0
31.8,57.3,2717,4095,0,657,0,0,0
31.8,57.3,2704,4095,0,661,0,0,0
31.8,57.3,2753,4095,0,668,0,0,0
31.8,57.3,2718,4095,0,669,0,0,0
31.8,57.3,2683,4095,0,673,0,0,0
31.8,57.3,2675,4095,0,663,0,0,0
31.8,57.3,2718,4095,0,673,0,0,0
31.8,57.3,2749,4095,0,671,0,0,0
31.8,57.3,2700,4095,0,667,0,0,0
31.8,57.3,2691,4095,0,670,0,0,0
31.8,57.3,2704,4095,0,663,0,0,0
31.8,57.3,2749,4095,0,671,0,0,0
31.8,57.3,2732,4095,0,674,0,0,0
31.8,57.3,2747,4095,0,579,0,0,0
31.8,57.3,2694,4095,0,661,0,0,0
31.8,57.3,2734,4095,0,667,0,0,0
31.8,57.3,2766,4095,0,672,0,0,0
31.8,57.4,2763,4095,0,663,0,0,0
31.8,57.4,2736,4095,0,674,0,0,0
31.8,57.4,2707,4095,0,670,0,0,0
31.8,57.4,2754,4095,0,671,0,0,0
31.8,57.4,2736,4095,0,676,0,0,0
31.8,57.4,2759,4095,0,671,0,0,0
31.8,57.4,2709,4095,0,669,0,0,0
31.8,57.4,2707,4095,0,665,0,0,0
31.8,57.4,2661,4095,0,661,0,0,0
31.8,57.4,2646,4095,0,670,0,0,0
31.8,57.4,2608,4095,0,672,0,0,0
31.8,57.4,2518,4095,0,673,0,0,0
31.8,57.3,2557,4095,0,667,0,0,0
31.8,57.3,2559,4095,0,673,0,0,0
31.8,57.3,2640,4095,0,687,0,0,0
31.8,57.3,2629,4095,0,659,0,0,0
31.8,57.4,2654,4095,0,673,0,0,0
31.8,57.4,2617,4095,0,674,0,0,0
31.8,57.4,2624,4095,0,641,0,0,0
31.8,57.4,2640,4095,0,673,0,0,0
31.8,57.3,2608,4095,0,674,0,0,0
31.8,57.3,2592,4095,0,673,0,0,0
31.8,57.3,2559,4095,0,675,0,0,0
31.8,57.3,2659,4095,0,672,0,0,0
31.8,57.4,2693,4095,0,671,0,0,0
31.8,57.4,2752,4095,0,665,0,0,0
31.8,57.4,2710,4095,0,667,0,0,0
31.8,57.4,2725,4095,0,656,0,0,0
31.8,57.4,2717,4095,0,673,0,0,0
31.8,57.4,2762,4095,0,672,0,0,0
31.8,57.4,2747,4095,0,668,0,0,0
31.8,57.4,2706,4095,0,665,0,0,0
31.8,57.4,2704,4095,0,671,0,0,0
31.8,57.4,2734,4095,0,674,0,0,0
31.8,57.4,2763,4095,0,674,0,0,0
31.8,57.4,2711,4095,0,679,0,0,0
31.8,57.4,2720,4095,0,675,0,0,0
31.8,57.4,2704,4095,0,672,0,0,0
31.8,57.4,2751,4095,0,667,0,0,0
31.8,57.4,2747,4095,0,666,0,0,0
31.8,57.4,2757,4095,0,676,0,0,0
31.8,57.4,2710,4095,0,668,0,0,0
31.8,57.4,2723,4095,0,618,0,0,0
31.8,57.4,2760,4095,0,662,0,0,0
31.8,57.4,2727,4095,0,675,0,0,0
31.8,57.4,2746,4095,0,671,0,0,0
31.8,57.4,2704,4095,0,666,0,0,0
31.8,57.4,2741,4095,0,671,0,0,0
31.8,57.4,2730,4095,0,663,0,0,0
31.8,57.4,2763,4095,0,674,0,0,0
31.8,57.4,2726,4095,0,665,0,0,0
31.8,57.4,2706,4095,0,670,0,0,0
31.8,57.4,2705,4095,0,662,0,0,0
31.8,57.4,2738,4095,0,660,0,0,0
31.8,57.4,2762,4095,0,670,0,0,0
31.8,57.4,2713,4095,0,669,0,0,0
31.9,57.4,2727,4095,0,673,0,0,0
31.9,57.4,2701,4095,0,669,0,0,0
31.9,57.4,2747,4095,0,675,0,0,0
31.9,57.4,2743,4095,0,667,0,0,0
31.9,57.4,2763,4095,0,676,0,0,0
31.9,57.4,2722,4095,0,673,0,0,0
31.9,57.4,2720,4095,0,666,0,0,0
31.9,57.4,2736,4095,0,669,0,0,0
31.8,57.4,2742,4095,0,668,0,0,0
31.8,57.4,2750,4095,0,667,0,0,0
31.8,57.4,2707,4095,0,661,0,0,0
31.8,57.4,2727,4095,0,667,0,0,0
31.8,57.5,2713,4095,0,634,0,0,0
31.8,57.5,2752,4095,0,672,0,0,0
31.8,57.5,2743,4095,0,669,0,0,0
31.8,57.5,2693,4095,0,659,0,0,0
31.8,57.5,2710,4095,0,667,0,0,0
31.8,57.5,2717,4095,0,660,0,0,0
31.8,57.5,2757,4095,0,671,0,0,0
31.8,57.5,2736,4095,0,671,0,0,0
31.9,57.6,2754,4095,0,669,0,0,0
31.9,57.6,2704,4095,0,667,0,0,0
31.9,57.6,2723,4095,0,659,0,0,0
31.9,57.6,2762,4095,0,662,0,0,0
31.8,57.6,2750,4095,0,666,0,0,0
31.8,57.6,2743,4095,0,663,0,0,0
31.8,57.6,2702,4095,0,669,0,0,0
31.8,57.6,2736,4095,0,661,0,0,0
31.9,57.5,2721,4095,0,674,0,0,0
31.9,57.5,2762,4095,0,667,0,0,0
31.9,57.5,2731,4095,0,666,0,0,0
31.9,57.5,2704,4095,0,665,0,0,0
31.8,57.5,2701,4095,0,672,0,0,0
31.8,57.5,2727,4095,0,667,0,0,0
31.8,57.5,2759,4095,0,672,0,0,0
31.8,57.5,2718,4095,0,592,0,0,0
31.8,57.4,2735,4095,0,672,0,0,0
31.8,57.4,2705,4095,0,672,0,0,0
31.8,57.4,2738,4095,0,666,0,0,0
31.8,57.4,2752,4095,0,665,0,0,0
31.8,57.4,2762,4095,0,663,0,0,0
31.8,57.4,2725,4095,0,667,0,0,0
31.8,57.4,2705,4095,0,666,0,0,0
31.8,57.4,2752,4095,0,665,0,0,0
31.9,57.3,2735,4095,0,668,0,0,0
31.9,57.3,2746,4095,0,667,0,0,0
31.9,57.3,2703,4095,0,665,0,0,0
31.9,57.3,2710,4095,0,670,0,0,0
31.8,57.3,2703,4095,0,667,0,0,0
31.8,57.3,2739,4095,0,715,0,0,0
31.8,57.3,2739,4095,0,666,0,0,0
31.8,57.3,2695,4095,0,672,0,0,0
31.9,57.3,2704,4095,0,672,0,0,0
31.9,57.3,2708,4095,0,667,0,0,0
31.9,57.3,2753,4095,0,672,0,0,0
31.9,57.3,2721,4095,0,675,0,0,0
31.9,57.3,2732,4095,0,675,0,0,0
31.9,57.3,2691,4095,0,667,0,0,0
31.9,57.3,2725,4095,0,666,0,0,0
31.9,57.3,2761,4095,0,663,0,0,0
31.9,57.3,2762,4095,0,668,0,0,0
31.9,57.3,2733,4095,0,667,0,0,0
31.9,57.3,2688,4095,0,666,0,0,0
31.9,57.3,2731,4095,0,656,0,0,0
31.8,57.3,2721,4095,0,670,0,0,0
31.8,57.3,2767,4095,0,671,0,0,0
31.8,57.3,2724,4095,0,667,0,0,0
31.8,57.3,2715,4095,0,667,0,0,0
31.8,57.3,2704,4095,0,670,0,0,0
31.8,57.3,2736,4095,0,658,0,0,0
31.8,57.3,2752,4095,0,666,0,0,0
31.8,57.3,2705,4095,0,593,0,0,0
31.8,57.3,2726,4095,0,669,0,0,0
31.8,57.3,2704,4095,0,666,0,0,0
31.8,57.3,2749,4095,0,662,0,0,0
31.8,57.3,2753,4095,0,656,0,0,0
31.8,57.3,2758,4095,0,671,0,0,0
31.8,57.3,2722,4095,0,666,0,0,0
31.8,57.3,2706,4095,0,670,0,0,0
31.8,57.3,2750,4095,0,666,0,0,0
31.9,57.3,2736,4095,0,666,0,0,0
31.9,57.3,2764,4095,0,667,0,0,0
31.9,57.3,2723,4095,0,665,0,0,0
31.9,57.3,2719,4095,0,666,0,0,0
31.8,57.3,2701,4095,0,673,0,0,0
31.8,57.3,2741,4095,0,663,0,0,0
31.8,57.3,2761,4095,0,666,0,0,0
31.8,57.3,2714,4095,0,659,0,0,0
31.8,57.4,2735,4095,0,667,0,0,0
31.8,57.4,2704,4095,0,663,0,0,0
31.8,57.4,2741,4095,0,676,0,0,0
31.8,57.4,2763,4095,0,668,0,0,0
31.8,57.4,2763,4095,0,665,0,0,0
31.8,57.4,2736,4095,0,666,0,0,0
31.8,57.4,2704,4095,0,666,0,0,0
31.8,57.4,2740,4095,0,667,0,0,0
31.8,57.4,2721,4095,0,669,0,0,0
31.8,57.4,2758,4095,0,669,0,0,0
31.8,57.4,2730,4095,0,665,0,0,0
31.8,57.4,2704,4095,0,667,0,0,0
31.8,57.4,2703,4095,0,668,0,0,0
31.8,57.4,2727,4095,0,707,0,0,0
31.8,57.4,2768,4095,0,661,0,0,0
31.8,57.4,2738,4095,0,670,0,0,0
31.8,57.6,2758,4095,0,673,0,0,0
31.8,57.6,2717,4095,0,670,0,0,0
31.8,57.6,2742,4095,0,663,0,0,0
31.8,57.6,2778,4095,0,663,0,0,0
31.8,57.6,2768,4095,0,671,0,0,0
31.8,57.6,2767,4095,0,666,0,0,0
31.8,57.6,2717,4095,0,675,0,0,0
31.8,57.6,2739,4095,0,667,0,0,0
31.8,57.5,2725,4095,0,671,0,0,0
31.8,57.5,2768,4095,0,670,0,0,0
31.8,57.5,2761,4095,0,665,0,0,0
31.8,57.5,2721,4095,0,673,0,0,0
31.8,57.5,2735,4095,0,668,0,0,0
31.8,57.5,2736,4095,0,665,0,0,0
31.8,57.5,2781,4095,0,687,0,0,0
31.8,57.5,2758,4095,0,662,0,0,0
31.8,57.4,2774,4095,0,670,0,0,0
31.8,57.4,2731,4095,0,663,0,0,0
31.8,57.4,2737,4095,0,667,0,0,0
31.8,57.4,2758,4095,0,673,0,0,0
31.8,57.3,2766,4095,0,665,0,0,0
31.8,57.3,2762,4095,0,669,0,0,0
31.8,57.3,2725,4095,0,672,0,0,0
31.8,57.3,2745,4095,0,662,0,0,0
31.8,57.3,2734,4095,0,667,0,0,0
31.8,57.3,2774,4095,0,670,0,0,0
31.8,57.3,2765,4095,0,668,0,0,0
31.8,57.3,2725,4095,0,670,0,0,0
31.8,57.4,2734,4095,0,670,0,0,0
31.8,57.4,2737,4095,0,672,0,0,0
31.8,57.4,2779,4095,0,665,0,0,0
31.8,57.4,2761,4095,0,667,0,0,0
31.8,57.4,2770,4095,0,669,0,0,0
31.8,57.4,2733,4095,0,670,0,0,0
31.8,57.4,2745,4095,0,661,0,0,0
31.8,57.4,2785,4095,0,668,0,0,0
31.8,57.4,2773,4095,0,663,0,0,0
31.8,57.4,2771,4095,0,669,0,0,0
31.8,57.4,2735,4095,0,661,0,0,0
31.8,57.4,2754,4095,0,672,0,0,0
31.8,57.4,2738,4095,0,667,0,0,0
31.8,57.4,2782,4095,0,663,0,0,0
31.8,57.4,2767,4095,0,667,0,0,0
31.8,57.4,2727,4095,0,669,0,0,0
31.9,57.4,2736,4095,0,676,0,0,0
31.9,57.4,2737,4095,0,667,0,0,0
31.9,57.4,2783,4095,0,668,0,0,0
31.9,57.4,2757,4095,0,669,0,0,0
31.8,57.5,2773,4095,0,663,0,0,0
31.8,57.5,2731,4095,0,666,0,0,0
31.8,57.5,2743,4095,0,667,0,0,0
31.8,57.5,2785,4095,0,670,0,0,0
31.8,57.5,2771,4095,0,670,0,0,0
31.8,57.5,2774,4095,0,663,0,0,0
31.8,57.5,2731,4095,0,667,0,0,0
31.8,57.5,2752,4095,0,642,0,0,0
31.8,57.5,2736,4095,0,688,0,0,0
31.8,57.5,2776,4095,0,669,0,0,0
31.8,57.5,2779,4095,0,624,0,0,0
31.8,57.5,2736,4095,0,663,0,0,0
31.9,57.5,2752,4095,0,667,0,0,0
31.9,57.5,2766,4095,0,666,0,0,0
31.9,57.5,2781,4095,0,663,0,0,0
31.9,57.5,2781,4095,0,661,0,0,0
31.9,57.5,2789,4095,0,686,0,0,0
31.9,57.5,2747,4095,0,670,0,0,0
31.9,57.5,2740,4095,0,667,0,0,0
31.9,57.5,2779,4095,0,666,0,0,0
31.8,57.4,2765,4095,0,671,0,0,0
31.8,57.4,2791,4095,0,683,0,0,0
31.8,57.4,2750,4095,0,667,0,0,0
31.8,57.4,2737,4095,0,662,0,0,0
31.9,57.4,2729,4095,0,671,0,0,0
31.9,57.4,2764,4095,0,666,0,0,0
31.9,57.4,2787,4095,0,663,0,0,0
31.9,57.4,2743,4095,0,671,0,0,0
31.8,57.4,2759,4095,0,669,0,0,0
31.8,57.4,2727,4095,0,673,0,0,0
31.8,57.4,2762,4095,0,665,0,0,0
31.8,57.4,2772,4095,0,670,0,0,0
31.8,57.5,2784,4095,0,671,0,0,0
31.8,57.5,2759,4095,0,669,0,0,0
31.8,57.5,2731,4095,0,660,0,0,0
31.8,57.5,2768,4095,0,656,0,0,0
31.8,57.6,2748,4095,0,647,0,0,0
31.8,57.6,2793,4095,0,669,0,0,0
31.8,57.6,2754,4095,0,665,0,0,0
31.8,57.6,2736,4095,0,668,0,0,0
31.9,57.7,2729,4095,0,667,0,0,0
31.9,57.7,2755,4095,0,665,0,0,0
31.9,57.7,2785,4095,0,662,0,0,0
31.9,57.7,2750,4095,0,663,0,0,0
31.8,58.0,2768,4095,0,672,0,0,0
31.8,58.0,2730,4095,0,661,0,0,0
31.8,58.0,2766,4095,0,656,0,0,0
31.8,58.0,2785,4095,0,664,0,0,0
31.9,58.3,2785,4095,0,667,0,0,0
31.9,58.3,2763,4095,0,663,0,0,0
31.9,58.3,2733,4095,0,665,0,0,0
31.9,58.3,2766,4095,0,665,0,0,0
31.9,58.3,2723,4095,0,670,0,0,0
31.9,58.3,2778,4095,0,661,0,0,0
31.9,58.3,2752,4095,0,662,0,0,0
31.9,58.3,2731,4095,0,667,0,0,0
31.9,58.1,2722,4095,0,663,0,0,0
31.9,58.1,2753,4095,0,667,0,0,0
31.9,58.1,2783,4095,0,667,0,0,0
31.9,58.1,2750,4095,0,665,0,0,0
31.9,57.9,2762,4095,0,671,0,0,0
31.9,57.9,2727,4095,0,663,0,0,0
31.9,57.9,2759,4095,0,662,0,0,0
31.9,57.9,2781,4095,0,669,0,0,0
31.9,57.8,2779,4095,0,511,0,0,0
31.9,57.8,2762,4095,0,574,0,0,0
31.9,57.8,2727,4095,0,666,0,0,0
31.9,57.8,2762,4095,0,666,0,0,0
31.9,57.7,2739,4095,0,672,0,0,0
31.9,57.7,2781,4095,0,643,0,0,0
31.9,57.7,2758,4095,0,663,0,0,0
31.9,57.7,2726,4095,0,665,0,0,0
31.9,57.7,2727,4095,0,668,0,0,0
31.9,57.7,2743,4095,0,663,0,0,0
31.9,57.7,2783,4095,0,661,0,0,0
31.9,57.7,2754,4095,0,662,0,0,0
31.9,57.6,2771,4095,0,663,0,0,0
31.9,57.6,2727,4095,0,666,0,0,0
31.9,57.6,2745,4095,0,666,0,0,0
31.9,57.6,2778,4095,0,647,0,0,0
31.9,57.5,2762,4095,0,671,0,0,0
31.9,57.5,2758,4095,0,669,0,0,0
31.9,57.5,2715,4095,0,704,0,0,0
31.9,57.5,2735,4095,0,665,0,0,0
31.9,57.5,2721,4095,0,666,0,0,0
31.9,57.5,2768,4095,0,665,0,0,0
31.9,57.5,2765,4095,0,666,0,0,0
31.9,57.5,2720,4095,0,663,0,0,0
31.9,57.5,2736,4095,0,650,0,0,0
31.9,57.5,2720,4095,0,659,0,0,0
31.9,57.5,2759,4095,0,672,0,0,0
31.9,57.5,2762,4095,0,669,0,0,0
31.9,57.6,2778,4095,0,663,0,0,0
31.9,57.6,2736,4095,0,663,0,0,0
31.9,57.6,2726,4095,0,661,0,0,0
31.9,57.6,2767,4095,0,670,0,0,0
31.9,57.7,2747,4095,0,658,0,0,0
31.9,57.7,2773,4095,0,662,0,0,0
31.9,57.7,2730,4095,0,656,0,0,0
31.9,57.7,2725,4095,0,656,0,0,0
31.9,57.6,2719,4095,0,659,0,0,0
31.9,57.6,2757,4095,0,666,0,0,0
31.9,57.6,2781,4095,0,661,0,0,0
31.9,57.6,2735,4095,0,660,0,0,0
31.9,57.5,2757,4095,0,667,0,0,0
31.9,57.5,2721,4095,0,657,0,0,0
31.9,57.5,2759,4095,0,662,0,0,0
31.9,57.5,2785,4095,0,657,0,0,0
31.9,57.5,2787,4095,0,663,0,0,0
31.9,57.5,2758,4095,0,665,0,0,0
31.9,57.5,2726,4095,0,657,0,0,0
31.9,57.5,2764,4095,0,656,0,0,0
31.9,57.4,2743,4095,0,665,0,0,0
31.9,57.4,2781,4095,0,665,0,0,0
31.9,57.4,2751,4095,0,659,0,0,0
31.9,57.4,2726,4095,0,670,0,0,0
31.9,57.4,2725,4095,0,659,0,0,0
31.9,57.4,2747,4095,0,662,0,0,0
31.9,57.4,2783,4095,0,656,0,0,0
31.9,57.4,2751,4095,0,662,0,0,0
31.9,57.4,2769,4095,0,666,0,0,0
31.9,57.4,2724,4095,0,666,0,0,0
31.9,57.4,2743,4095,0,659,0,0,0
31.9,57.4,2800,4095,0,657,0,0,0
31.9,57.4,2769,4095,0,663,0,0,0
31.9,57.4,2768,4095,0,666,0,0,0
31.9,57.4,2721,4095,0,658,0,0,0
31.9,57.4,2742,4095,0,661,0,0,0
31.9,57.3,2725,4095,0,662,0,0,0
31.9,57.3,2767,4095,0,663,0,0,0
31.9,57.3,2768,4095,0,658,0,0,0
31.9,57.3,2721,4095,0,656,0,0,0
31.9,57.3,2737,4095,0,667,0,0,0
31.9,57.3,2729,4095,0,668,0,0,0
31.9,57.3,2759,4095,0,667,0,0,0
31.9,57.3,2768,4095,0,665,0,0,0
31.9,57.3,2778,4095,0,667,0,0,0
31.9,57.3,2736,4095,0,665,0,0,0
31.9,57.3,2736,4095,0,635,0,0,0
31.9,57.3,2774,4095,0,659,0,0,0
31.9,57.3,2762,4095,0,663,0,0,0
31.9,57.3,2781,4095,0,673,0,0,0
31.9,57.3,2731,4095,0,656,0,0,0
31.9,57.3,2736,4095,0,663,0,0,0
31.9,57.3,2727,4095,0,675,0,0,0
31.9,57.3,2761,4095,0,672,0,0,0
31.9,57.3,2777,4095,0,662,0,0,0
31.9,57.3,2721,4095,0,669,0,0,0
31.9,57.3,2738,4095,0,640,0,0,0
31.9,57.3,2717,4095,0,672,0,0,0
31.9,57.3,2758,4095,0,658,0,0,0
31.9,57.3,2768,4095,0,663,0,0,0
31.9,57.3,2771,4095,0,668,0,0,0
31.9,57.3,2736,4095,0,662,0,0,0
31.9,57.3,2716,4095,0,662,0,0,0
31.9,57.3,2761,4095,0,679,0,0,0
31.9,57.3,2745,4095,0,665,0,0,0
31.9,57.3,2774,4095,0,660,0,0,0
31.9,57.3,2737,4095,0,671,0,0,0
31.9,57.3,2719,4095,0,668,0,0,0
31.9,57.3,2714,4095,0,663,0,0,0
31.9,57.3,2737,4095,0,664,0,0,0
31.9,57.3,2773,4095,0,667,0,0,0
31.9,57.3,2737,4095,0,665,0,0,0
31.9,57.3,2757,4095,0,666,0,0,0
31.9,57.3,2709,4095,0,665,0,0,0
31.9,57.3,2733,4095,0,662,0,0,0
31.9,57.3,2769,4095,0,669,0,0,0
31.9,57.3,2759,4095,0,661,0,0,0
31.9,57.3,2763,4095,0,665,0,0,0
31.9,57.3,2717,4095,0,664,0,0,0
31.9,57.3,2727,4095,0,657,0,0,0
31.9,57.3,2711,4095,0,670,0,0,0
31.9,57.3,2747,4095,0,657,0,0,0
31.9,57.3,2762,4095,0,656,0,0,0
31.9,57.3,2711,4095,0,658,0,0,0
31.9,57.3,2729,4095,0,669,0,0,0
31.9,57.3,2709,4095,0,661,0,0,0
31.9,57.3,2743,4095,0,659,0,0,0
31.9,57.3,2759,4095,0,662,0,0,0
31.9,57.2,2765,4095,0,662,0,0,0
31.9,57.2,2736,4095,0,660,0,0,0
31.9,57.2,2703,4095,0,663,0,0,0
31.9,57.2,2739,4095,0,661,0,0,0
31.9,57.2,2726,4095,0,665,0,0,0
31.9,57.2,2758,4095,0,667,0,0,0
31.9,57.2,2742,4095,0,694,0,0,0
31.9,57.2,2703,4095,0,668,0,0,0
31.9,57.2,2706,4095,0,663,0,0,0
31.9,57.2,2715,4095,0,663,0,0,0
31.9,57.2,2763,4095,0,666,0,0,0
31.9,57.2,2746,4095,0,662,0,0,0
31.9,57.3,2755,4095,0,663,0,0,0
31.9,57.3,2717,4095,0,666,0,0,0
31.9,57.3,2715,4095,0,665,0,0,0
31.9,57.3,2754,4095,0,663,0,0,0
31.9,57.3,2736,4095,0,673,0,0,0
31.9,57.3,2764,4095,0,667,0,0,0
31.9,57.3,2721,4095,0,661,0,0,0
31.9,57.3,2735,4095,0,662,0,0,0
31.9,57.3,2699,4095,0,667,0,0,0
31.9,57.3,2723,4095,0,673,0,0,0
31.9,57.3,2757,4095,0,663,0,0,0
31.9,57.3,2732,4095,0,663,0,0,0
31.9,57.3,2749,4095,0,666,0,0,0
31.9,57.3,2704,4095,0,667,0,0,0
31.9,57.3,2709,4095,0,671,0,0,0
31.9,57.3,2753,4095,0,668,0,0,0
31.9,57.3,2738,4095,0,664,0,0,0
31.9,57.3,2755,4095,0,669,0,0,0
31.9,57.3,2716,4095,0,662,0,0,0
31.9,57.3,2704,4095,0,657,0,0,0
31.9,57.3,2698,4095,0,665,0,0,0
31.9,57.3,2726,4095,0,666,0,0,0
31.9,57.3,2764,4095,0,663,0,0,0
31.9,57.3,2736,4095,0,663,0,0,0
31.9,57.3,2755,4095,0,660,0,0,0
31.9,57.3,2711,4095,0,665,0,0,0
31.9,57.3,2715,4095,0,661,0,0,0
31.9,57.3,2753,4095,0,665,0,0,0
31.9,57.4,2726,4095,0,663,0,0,0
31.9,57.4,2754,4095,0,667,0,0,0
31.9,57.4,2720,4095,0,664,0,0,0
31.9,57.4,2704,4095,0,661,0,0,0
31.9,57.4,2709,4095,0,663,0,0,0
31.9,57.4,2716,4095,0,667,0,0,0
31.9,57.4,2755,4095,0,664,0,0,0
31.9,57.4,2725,4095,0,657,0,0,0
31.9,57.4,2751,4095,0,669,0,0,0
31.9,57.4,2705,4095,0,683,0,0,0
31.9,57.4,2711,4095,0,662,0,0,0
31.9,57.4,2757,4095,0,661,0,0,0
31.9,57.4,2736,4095,0,660,0,0,0
31.9,57.4,2750,4095,0,663,0,0,0
31.9,57.4,2719,4095,0,663,0,0,0
31.9,57.4,2709,4095,0,662,0,0,0
31.9,57.3,2703,4095,0,661,0,0,0
31.9,57.3,2734,4095,0,667,0,0,0
31.9,57.3,2767,4095,0,659,0,0,0
31.9,57.3,2729,4095,0,663,0,0,0
31.9,57.3,2747,4095,0,661,0,0,0
31.9,57.3,2704,4095,0,659,0,0,0
31.9,57.3,2735,4095,0,664,0,0,0
31.9,57.3,2765,4095,0,659,0,0,0
31.9,57.3,2751,4095,0,576,0,0,0
31.9,57.3,2745,4095,0,660,0,0,0
31.9,57.3,2702,4095,0,660,0,0,0
31.9,57.3,2736,4095,0,659,0,0,0
31.9,57.3,2720,4095,0,663,0,0,0
31.9,57.3,2763,4095,0,662,0,0,0
31.9,57.3,2757,4095,0,662,0,0,0
31.9,57.3,2708,4095,0,657,0,0,0
31.9,57.3,2752,4095,0,659,0,0,0
31.9,57.3,2720,4095,0,656,0,0,0
31.9,57.3,2759,4095,0,667,0,0,0
31.9,57.3,2746,4095,0,657,0,0,0
31.9,57.3,2761,4095,0,659,0,0,0
31.9,57.3,2714,4095,0,656,0,0,0
31.9,57.3,2714,4095,0,666,0,0,0
31.9,57.3,2735,4095,0,658,0,0,0
31.9,57.3,2748,4095,0,664,0,0,0
31.9,57.3,2757,4095,0,665,0,0,0
31.9,57.3,2706,4095,0,664,0,0,0
31.9,57.3,2721,4095,0,662,0,0,0
31.9,57.2,2705,4095,0,662,0,0,0
31.9,57.2,2751,4095,0,661,0,0,0
31.9,57.2,2742,4095,0,661,0,0,0
31.9,57.2,2691,4095,0,661,0,0,0
31.9,57.3,2703,4095,0,662,0,0,0
31.9,57.3,2706,4095,0,665,0,0,0
31.9,57.3,2754,4095,0,660,0,0,0
31.9,57.3,2735,4095,0,662,0,0,0
31.9,57.2,2749,4095,0,684,0,0,0
31.9,57.2,2704,4095,0,662,0,0,0
31.9,57.2,2718,4095,0,663,0,0,0
31.9,57.2,2757,4095,0,659,0,0,0
31.9,57.2,2753,4095,0,667,0,0,0
31.9,57.2,2743,4095,0,663,0,0,0
31.9,57.2,2695,4095,0,667,0,0,0
31.9,57.2,2727,4095,0,662,0,0,0
31.9,57.2,2711,4095,0,659,0,0,0
31.9,57.2,2761,4095,0,665,0,0,0
31.9,57.2,2737,4095,0,660,0,0,0
31.9,57.2,2704,4095,0,663,0,0,0
31.9,57.2,2702,4095,0,662,0,0,0
31.9,57.2,2723,4095,0,658,0,0,0
31.9,57.2,2764,4095,0,663,0,0,0
31.9,57.2,2716,4095,0,659,0,0,0
31.9,57.2,2731,4095,0,662,0,0,0
31.9,57.2,2699,4095,0,667,0,0,0
31.9,57.2,2711,4095,0,662,0,0,0
31.9,57.2,2758,4095,0,654,0,0,0
31.9,57.2,2763,4095,0,668,0,0,0
31.9,57.2,2733,4095,0,659,0,0,0
31.9,57.2,2707,4095,0,659,0,0,0
31.9,57.2,2754,4095,0,655,0,0,0
31.9,57.2,2736,4095,0,667,0,0,0
31.9,57.2,2769,4095,0,665,0,0,0
31.9,57.2,2730,4095,0,657,0,0,0
31.9,57.2,2718,4095,0,662,0,0,0
31.9,57.2,2704,4095,0,661,0,0,0
31.9,57.2,2740,4095,0,656,0,0,0
31.9,57.2,2767,4095,0,658,0,0,0
31.9,57.2,2716,4095,0,687,0,0,0
31.9,57.2,2736,4095,0,661,0,0,0
31.9,57.2,2706,4095,0,661,0,0,0
31.9,57.2,2751,4095,0,658,0,0,0
31.9,57.2,2765,4095,0,659,0,0,0
31.9,57.2,2768,4095,0,666,0,0,0
31.9,57.2,2736,4095,0,698,0,0,0
31.9,57.2,2704,4095,0,658,0,0,0
31.9,57.2,2747,4095,0,661,0,0,0
31.9,57.2,2729,4095,0,662,0,0,0
31.9,57.2,2765,4095,0,656,0,0,0
31.9,57.2,2735,4095,0,658,0,0,0
31.9,57.2,2701,4095,0,661,0,0,0
31.9,57.2,2702,4095,0,661,0,0,0
31.9,57.2,2713,4095,0,656,0,0,0
31.9,57.2,2746,4095,0,662,0,0,0
31.9,57.2,2703,4095,0,658,0,0,0
31.9,57.3,2685,4095,0,658,0,0,0
31.9,57.3,2607,4095,0,662,0,0,0
31.9,57.3,2593,4095,0,661,0,0,0
31.9,57.3,2645,4095,0,651,0,0,0
31.9,57.3,2640,4095,0,657,0,0,0
31.9,57.3,2677,4095,0,658,0,0,0
31.9,57.3,2642,4095,0,656,0,0,0
31.9,57.3,2627,4095,0,658,0,0,0
31.9,57.3,2634,4095,0,660,0,0,0
31.9,57.3,2671,4095,0,661,0,0,0
31.9,57.3,2719,4095,0,660,0,0,0
31.9,57.3,2699,4095,0,662,0,0,0
31.9,57.2,2714,4095,0,660,0,0,0
31.9,57.2,2672,4095,0,659,0,0,0
31.9,57.2,2659,4095,0,656,0,0,0
31.9,57.2,2707,4095,0,656,0,0,0
31.9,57.2,2689,4095,0,671,0,0,0
31.9,57.2,2736,4095,0,659,0,0,0
31.9,57.2,2705,4095,0,591,0,0,0
31.9,57.2,2670,4095,0,656,0,0,0
31.9,57.2,2681,4095,0,655,0,0,0
31.9,57.2,2695,4095,0,662,0,0,0
31.9,57.2,2767,4095,0,659,0,0,0
31.9,57.2,2751,4095,0,663,0,0,0
31.9,57.3,2759,4095,0,661,0,0,0
31.9,57.3,2724,4095,0,658,0,0,0
31.9,57.3,2689,4095,0,662,0,0,0
31.9,57.3,2710,4095,0,658,0,0,0
31.9,57.3,2675,4095,0,658,0,0,0
31.9,57.3,2702,4095,0,659,0,0,0
31.9,57.3,2678,4095,0,658,0,0,0
31.9,57.3,2618,4095,0,656,0,0,0
32.0,57.3,2647,4095,0,662,0,0,0
32.0,57.3,2625,4095,0,665,0,0,0
32.0,57.3,2688,4095,0,661,0,0,0
32.0,57.3,2737,4095,0,663,0,0,0
31.9,57.3,2750,4095,0,663,0,0,0
31.9,57.3,2742,4095,0,666,0,0,0
31.9,57.3,2704,4095,0,659,0,0,0
31.9,57.3,2722,4095,0,661,0,0,0
31.9,57.3,2704,4095,0,661,0,0,0
31.9,57.3,2738,4095,0,657,0,0,0
31.9,57.3,2768,4095,0,656,0,0,0
31.9,57.3,2735,4095,0,661,0,0,0
31.9,57.2,2754,4095,0,662,0,0,0
31.9,57.2,2714,4095,0,659,0,0,0
31.9,57.2,2726,4095,0,658,0,0,0
31.9,57.2,2768,4095,0,650,0,0,0
31.9,57.2,2751,4095,0,666,0,0,0
31.9,57.2,2768,4095,0,657,0,0,0
31.9,57.2,2736,4095,0,659,0,0,0
31.9,57.2,2720,4095,0,656,0,0,0
32.0,57.2,2709,4095,0,657,0,0,0
32.0,57.2,2723,4095,0,662,0,0,0
32.0,57.2,2765,4095,0,661,0,0,0
32.0,57.2,2753,4095,0,660,0,0,0
31.9,57.2,2768,4095,0,663,0,0,0
31.9,57.2,2736,4095,0,661,0,0,0
31.9,57.2,2710,4095,0,661,0,0,0
31.9,57.2,2752,4095,0,656,0,0,0
31.9,57.3,2734,4095,0,660,0,0,0
31.9,57.3,2768,4095,0,663,0,0,0
31.9,57.3,2750,4095,0,663,0,0,0
31.9,57.3,2707,4095,0,657,0,0,0
31.9,57.3,2717,4095,0,658,0,0,0
31.9,57.3,2714,4095,0,662,0,0,0
31.9,57.3,2758,4095,0,657,0,0,0
31.9,57.3,2757,4095,0,661,0,0,0
32.0,57.3,2766,4095,0,663,0,0,0
32.0,57.3,2736,4095,0,661,0,0,0
32.0,57.3,2706,4095,0,659,0,0,0
32.0,57.3,2746,4095,0,661,0,0,0
31.9,57.3,2725,4095,0,667,0,0,0
31.9,57.3,2762,4095,0,663,0,0,0
31.9,57.3,2747,4095,0,662,0,0,0
31.9,57.3,2704,4095,0,657,0,0,0
32.0,57.3,2731,4095,0,663,0,0,0
32.0,57.3,2706,4095,0,656,0,0,0
32.0,57.3,2755,4095,0,658,0,0,0
32.0,57.3,2754,4095,0,661,0,0,0
31.9,57.3,2767,4095,0,661,0,0,0
31.9,57.3,2736,4095,0,650,0,0,0
31.9,57.3,2704,4095,0,658,0,0,0
31.9,57.3,2739,4095,0,656,0,0,0
31.9,57.4,2719,4095,0,666,0,0,0
31.9,57.4,2759,4095,0,662,0,0,0
31.9,57.4,2751,4095,0,657,0,0,0
31.9,57.4,2704,4095,0,660,0,0,0
31.9,57.5,2726,4095,0,658,0,0,0
31.9,57.5,2706,4095,0,657,0,0,0
31.9,57.5,2747,4095,0,655,0,0,0
31.9,57.5,2768,4095,0,656,0,0,0
31.9,57.5,2768,4095,0,658,0,0,0
31.9,57.5,2747,4095,0,663,0,0,0
31.9,57.5,2703,4095,0,661,0,0,0
31.9,57.5,2734,4095,0,603,0,0,0
31.9,57.4,2707,4095,0,658,0,0,0
31.9,57.4,2751,4095,0,664,0,0,0
31.9,57.4,2757,4095,0,657,0,0,0
31.9,57.4,2713,4095,0,656,0,0,0
31.9,57.3,2732,4095,0,662,0,0,0
31.9,57.3,2704,4095,0,659,0,0,0
31.9,57.3,2735,4095,0,658,0,0,0
31.9,57.3,2753,4095,0,664,0,0,0
31.9,57.4,2733,4095,0,662,0,0,0
31.9,57.4,2736,4095,0,657,0,0,0
31.9,57.4,2698,4095,0,665,0,0,0
31.9,57.4,2730,4095,0,656,0,0,0
31.9,57.4,2707,4095,0,660,0,0,0
31.9,57.4,2752,4095,0,658,0,0,0
31.9,57.4,2752,4095,0,656,0,0,0
31.9,57.4,2695,4095,0,659,0,0,0
31.9,57.5,2717,4095,0,658,0,0,0
31.9,57.5,2692,4095,0,657,0,0,0
31.9,57.5,2741,4095,0,669,0,0,0
31.9,57.5,2768,4095,0,657,0,0,0
32.0,57.4,2754,4095,0,658,0,0,0
32.0,57.4,2719,4095,0,659,0,0,0
32.0,57.4,2698,4095,0,656,0,0,0
32.0,57.4,2717,4095,0,658,0,0,0
31.9,57.4,2699,4095,0,661,0,0,0
31.9,57.4,2746,4095,0,720,0,0,0
31.9,57.4,2753,4095,0,657,0,0,0
31.9,57.4,2704,4095,0,657,0,0,0
32.0,57.3,2735,4095,0,656,0,0,0
32.0,57.3,2694,4095,0,654,0,0,0
32.0,57.3,2736,4095,0,658,0,0,0
32.0,57.3,2751,4095,0,658,0,0,0
31.9,57.3,2762,4095,0,659,0,0,0
31.9,57.3,2736,4095,0,655,0,0,0
31.9,57.3,2702,4095,0,660,0,0,0
31.9,57.3,2736,4095,0,657,0,0,0
32.0,57.3,2709,4095,0,657,0,0,0
32.0,57.3,2757,4095,0,659,0,0,0
32.0,57.3,2736,4095,0,660,0,0,0
32.0,57.3,2699,4095,0,656,0,0,0
32.0,57.3,2711,4095,0,656,0,0,0
32.0,57.3,2711,4095,0,657,0,0,0
32.0,57.3,2753,4095,0,656,0,0,0
32.0,57.3,2742,4095,0,656,0,0,0
31.9,57.2,2753,4095,0,661,0,0,0
31.9,57.2,2705,4095,0,656,0,0,0
31.9,57.2,2704,4095,0,658,0,0,0
31.9,57.2,2749,4095,0,656,0,0,0
32.0,57.2,2729,4095,0,657,0,0,0
32.0,57.2,2757,4095,0,656,0,0,0
32.0,57.2,2714,4095,0,657,0,0,0
32.0,57.2,2703,4095,0,661,0,0,0
32.0,57.3,2700,4095,0,657,0,0,0
32.0,57.3,2732,4095,0,654,0,0,0
32.0,57.3,2757,4095,0,656,0,0,0
32.0,57.3,2714,4095,0,656,0,0,0
31.9,57.2,2731,4095,0,666,0,0,0
31.9,57.2,2692,4095,0,655,0,0,0
31.9,57.2,2731,4095,0,657,0,0,0
31.9,57.2,2757,4095,0,656,0,0,0
32.0,57.2,2751,4095,0,657,0,0,0
32.0,57.2,2743,4095,0,656,0,0,0
32.0,57.2,2691,4095,0,642,0,0,0
32.0,57.2,2730,4095,0,657,0,0,0
32.0,57.2,2705,4095,0,656,0,0,0
32.0,57.2,2751,4095,0,657,0,0,0
32.0,57.2,2734,4095,0,658,0,0,0
32.0,57.2,2692,4095,0,658,0,0,0
32.0,57.2,2705,4095,0,656,0,0,0
32.0,57.2,2703,4095,0,642,0,0,0
32.0,57.2,2747,4095,0,659,0,0,0
32.0,57.2,2740,4095,0,741,0,0,0
32.0,57.2,2747,4095,0,656,0,0,0
32.0,57.2,2709,4095,0,658,0,0,0
32.0,57.2,2703,4095,0,647,0,0,0
32.0,57.2,2747,4095,0,658,0,0,0
32.0,57.2,2726,4095,0,659,0,0,0
32.0,57.2,2757,4095,0,691,0,0,0
32.0,57.2,2713,4095,0,661,0,0,0
32.0,57.2,2701,4095,0,656,0,0,0
32.0,57.2,2695,4095,0,657,0,0,0
32.0,57.2,2726,4095,0,659,0,0,0
32.0,57.2,2760,4095,0,657,0,0,0
32.0,57.2,2711,4095,0,663,0,0,0
32.0,57.3,2738,4095,0,656,0,0,0
32.0,57.3,2689,4095,0,655,0,0,0
32.0,57.3,2722,4095,0,659,0,0,0
32.0,57.3,2751,4095,0,656,0,0,0
32.0,57.3,2743,4095,0,662,0,0,0
32.0,57.3,2731,4095,0,662,0,0,0
32.0,57.3,2687,4095,0,656,0,0,0
32.0,57.3,2719,4095,0,656,0,0,0
32.0,57.2,2704,4095,0,662,0,0,0
32.0,57.2,2723,4095,0,656,0,0,0
32.0,57.2,2725,4095,0,662,0,0,0
32.0,57.2,2688,4095,0,661,0,0,0
32.0,57.3,2695,4095,0,662,0,0,0
32.0,57.3,2705,4095,0,656,0,0,0
32.0,57.3,2752,4095,0,657,0,0,0
32.0,57.3,2721,4095,0,665,0,0,0
32.0,57.3,2746,4095,0,656,0,0,0
32.0,57.3,2690,4095,0,657,0,0,0
32.0,57.3,2707,4095,0,655,0,0,0
32.0,57.3,2746,4095,0,784,0,0,0
32.0,57.3,2730,4095,0,662,0,0,0
32.0,57.3,2734,4095,0,659,0,0,0
32.0,57.3,2686,4095,0,658,0,0,0
32.0,57.3,2704,4095,0,651,0,0,0
32.0,57.3,2688,4095,0,658,0,0,0
32.0,57.3,2731,4095,0,647,0,0,0
32.0,57.3,2730,4095,0,656,0,0,0
32.0,57.3,2677,4095,0,659,0,0,0
32.0,57.2,2695,4095,0,655,0,0,0
32.0,57.2,2686,4095,0,656,0,0,0
32.0,57.2,2723,4095,0,655,0,0,0
32.0,57.2,2688,4095,0,656,0,0,0
32.0,57.2,2704,4095,0,661,0,0,0
32.0,57.2,2672,4095,0,651,0,0,0
32.0,57.2,2687,4095,0,657,0,0,0
32.0,57.2,2736,4095,0,656,0,0,0
32.0,57.2,2708,4095,0,658,0,0,0
32.0,57.2,2733,4095,0,656,0,0,0
32.0,57.2,2672,4095,0,661,0,0,0
32.0,57.2,2679,4095,0,653,0,0,0
32.0,57.2,2672,4095,0,669,0,0,0
32.0,57.2,2718,4095,0,653,0,0,0
32.0,57.2,2735,4095,0,661,0,0,0
32.0,57.2,2681,4095,0,654,0,0,0
32.0,57.2,2702,4095,0,656,0,0,0
32.0,57.2,2681,4095,0,658,0,0,0
32.0,57.2,2723,4095,0,653,0,0,0
32.0,57.2,2733,4095,0,658,0,0,0
32.0,57.2,2741,4095,0,656,0,0,0
32.0,57.2,2699,4095,0,654,0,0,0
32.0,57.2,2683,4095,0,655,0,0,0
32.0,57.2,2730,4095,0,659,0,0,0
32.0,57.2,2704,4095,0,656,0,0,0
32.0,57.2,2742,4095,0,657,0,0,0
32.0,57.2,2692,4095,0,656,0,0,0
32.0,57.2,2688,4095,0,656,0,0,0
32.0,57.2,2683,4095,0,656,0,0,0
32.0,57.2,2709,4095,0,654,0,0,0
32.0,57.2,2736,4095,0,660,0,0,0
32.0,57.2,2688,4095,0,653,0,0,0
32.0,57.3,2713,4095,0,659,0,0,0
32.0,57.3,2670,4095,0,657,0,0,0
32.0,57.3,2715,4095,0,662,0,0,0
32.0,57.3,2734,4095,0,658,0,0,0
32.0,57.3,2733,4095,0,656,0,0,0
32.0,57.3,2703,4095,0,657,0,0,0
32.0,57.3,2670,4095,0,655,0,0,0
32.0,57.3,2711,4095,0,650,0,0,0
32.0,57.3,2688,4095,0,650,0,0,0
32.0,57.3,2733,4095,0,653,0,0,0
32.0,57.3,2704,4095,0,651,0,0,0
32.0,57.3,2672,4095,0,654,0,0,0
32.0,57.3,2688,4095,0,653,0,0,0
32.0,57.3,2697,4095,0,652,0,0,0
32.0,57.3,2738,4095,0,650,0,0,0
32.0,57.3,2716,4095,0,655,0,0,0
32.0,57.2,2739,4095,0,654,0,0,0
32.0,57.2,2689,4095,0,656,0,0,0
32.0,57.2,2704,4095,0,646,0,0,0
32.0,57.2,2753,4095,0,655,0,0,0
32.0,57.2,2739,4095,0,656,0,0,0
32.0,57.2,2746,4095,0,654,0,0,0
32.0,57.2,2697,4095,0,651,0,0,0
32.0,57.2,2714,4095,0,650,0,0,0
32.0,57.2,2691,4095,0,655,0,0,0
32.0,57.2,2736,4095,0,652,0,0,0
32.0,57.2,2747,4095,0,650,0,0,0
32.0,57.2,2695,4095,0,653,0,0,0
32.1,57.2,2720,4095,0,657,0,0,0
32.1,57.2,2694,4095,0,654,0,0,0
32.1,57.2,2737,4095,0,657,0,0,0
32.1,57.2,2746,4095,0,654,0,0,0
32.0,57.2,2756,4095,0,656,0,0,0
32.0,57.2,2720,4095,0,647,0,0,0
32.0,57.2,2704,4095,0,653,0,0,0
32.0,57.2,2751,4095,0,656,0,0,0
32.0,57.2,2727,4095,0,656,0,0,0
32.0,57.2,2759,4095,0,650,0,0,0
32.0,57.2,2730,4095,0,656,0,0,0
32.0,57.2,2701,4095,0,648,0,0,0
32.1,57.1,2694,4095,0,656,0,0,0
32.1,57.1,2741,4095,0,656,0,0,0
32.1,57.1,2758,4095,0,637,0,0,0
32.1,57.1,2721,4095,0,655,0,0,0
32.0,57.2,2746,4095,0,658,0,0,0
32.0,57.2,2702,4095,0,656,0,0,0
32.0,57.2,2721,4095,0,653,0,0,0
32.0,57.2,2759,4095,0,653,0,0,0
32.1,57.2,2739,4095,0,650,0,0,0
32.1,57.2,2752,4095,0,651,0,0,0
32.1,57.2,2704,4095,0,656,0,0,0
32.1,57.2,2709,4095,0,702,0,0,0
32.1,57.2,2695,4095,0,656,0,0,0
32.1,57.2,2736,4095,0,651,0,0,0
32.1,57.2,2755,4095,0,655,0,0,0
32.1,57.2,2705,4095,0,654,0,0,0
32.0,57.2,2731,4095,0,656,0,0,0
32.0,57.2,2695,4095,0,656,0,0,0
32.0,57.2,2732,4095,0,651,0,0,0
32.0,57.2,2762,4095,0,656,0,0,0
32.0,57.3,2747,4095,0,655,0,0,0
32.0,57.3,2742,4095,0,654,0,0,0
32.0,57.3,2695,4095,0,655,0,0,0
32.0,57.3,2719,4095,0,655,0,0,0
32.1,57.3,2695,4095,0,656,0,0,0
32.1,57.3,2739,4095,0,656,0,0,0
32.1,57.3,2751,4095,0,652,0,0,0
32.1,57.3,2702,4095,0,655,0,0,0
32.0,57.3,2735,4095,0,655,0,0,0
32.0,57.3,2694,4095,0,652,0,0,0
32.0,57.3,2736,4095,0,653,0,0,0
32.0,57.3,2759,4095,0,656,0,0,0
32.1,57.2,2753,4095,0,656,0,0,0
32.1,57.2,2738,4095,0,651,0,0,0
32.1,57.2,2702,4095,0,668,0,0,0
32.1,57.2,2730,4095,0,651,0,0,0
32.1,57.2,2705,4095,0,654,0,0,0
32.1,57.2,2752,4095,0,635,0,0,0
32.1,57.2,2752,4095,0,653,0,0,0
32.1,57.2,2706,4095,0,656,0,0,0
32.1,57.2,2729,4095,0,650,0,0,0
32.1,57.2,2704,4095,0,655,0,0,0
32.1,57.2,2750,4095,0,651,0,0,0
32.1,57.2,2758,4095,0,651,0,0,0
32.1,57.2,2767,4095,0,651,0,0,0
32.1,57.2,2736,4095,0,646,0,0,0
32.1,57.2,2704,4095,0,651,0,0,0
32.1,57.2,2718,4095,0,651,0,0,0
32.1,57.2,2714,4095,0,661,0,0,0
32.1,57.2,2763,4095,0,654,0,0,0
32.1,57.2,2736,4095,0,654,0,0,0
32.1,57.2,2706,4095,0,660,0,0,0
32.1,57.2,2722,4095,0,655,0,0,0
32.1,57.2,2703,4095,0,651,0,0,0
32.1,57.2,2745,4095,0,649,0,0,0
32.1,57.2,2757,4095,0,649,0,0,0
32.1,57.2,2767,4095,0,652,0,0,0
32.1,57.2,2737,4095,0,653,0,0,0
32.1,57.2,2705,4095,0,653,0,0,0
32.1,57.2,2726,4095,0,656,0,0,0
32.1,57.2,2718,4095,0,656,0,0,0
32.1,57.2,2762,4095,0,653,0,0,0
32.1,57.2,2738,4095,0,653,0,0,0
32.1,57.2,2704,4095,0,622,0,0,0
32.1,57.2,2723,4095,0,653,0,0,0
32.1,57.2,2707,4095,0,655,0,0,0
32.1,57.2,2755,4095,0,653,0,0,0
32.1,57.2,2765,4095,0,650,0,0,0
32.1,57.2,2767,4095,0,656,0,0,0
32.1,57.2,2739,4095,0,627,0,0,0
32.1,57.2,2709,4095,0,656,0,0,0
32.1,57.2,2742,4095,0,656,0,0,0
32.0,57.1,2718,4095,0,656,0,0,0
32.0,57.1,2763,4095,0,650,0,0,0
32.0,57.1,2757,4095,0,656,0,0,0
32.0,57.1,2705,4095,0,650,0,0,0
32.0,57.2,2730,4095,0,684,0,0,0
32.0,57.2,2697,4095,0,654,0,0,0
32.0,57.2,2736,4095,0,656,0,0,0
32.0,57.2,2763,4095,0,653,0,0,0
32.1,57.2,2754,4095,0,656,0,0,0
32.1,57.2,2754,4095,0,651,0,0,0
32.1,57.2,2705,4095,0,651,0,0,0
32.1,57.2,2709,4095,0,656,0,0,0
32.1,57.2,2693,4095,0,653,0,0,0
32.1,57.2,2736,4095,0,650,0,0,0
32.1,57.2,2767,4095,0,659,0,0,0
32.1,57.2,2735,4095,0,656,0,0,0
32.1,57.1,2758,4095,0,654,0,0,0
32.1,57.1,2715,4095,0,641,0,0,0
32.1,57.1,2717,4095,0,653,0,0,0
32.1,57.1,2754,4095,0,655,0,0,0
32.1,57.1,2735,4095,0,652,0,0,0
32.1,57.1,2768,4095,0,654,0,0,0
32.1,57.1,2736,4095,0,654,0,0,0
32.1,57.1,2705,4095,0,655,0,0,0
32.1,57.2,2722,4095,0,656,0,0,0
32.1,57.2,2722,4095,0,650,0,0,0
32.1,57.2,2762,4095,0,650,0,0,0
32.1,57.2,2756,4095,0,650,0,0,0
32.1,57.1,2768,4095,0,656,0,0,0
32.1,57.1,2736,4095,0,655,0,0,0
32.1,57.1,2704,4095,0,655,0,0,0
32.1,57.1,2742,4095,0,652,0,0,0
32.1,57.1,2714,4095,0,640,0,0,0
32.1,57.1,2757,4095,0,653,0,0,0
32.1,57.1,2746,4095,0,658,0,0,0
32.1,57.1,2702,4095,0,647,0,0,0
32.1,57.1,2726,4095,0,656,0,0,0
32.1,57.1,2704,4095,0,662,0,0,0
32.1,57.1,2739,4095,0,656,0,0,0
32.1,57.1,2759,4095,0,656,0,0,0
32.1,57.1,2763,4095,0,659,0,0,0
32.1,57.1,2742,4095,0,654,0,0,0
32.1,57.1,2704,4095,0,653,0,0,0
32.1,57.1,2736,4095,0,651,0,0,0
32.1,57.1,2713,4095,0,656,0,0,0
32.1,57.1,2751,4095,0,652,0,0,0
32.1,57.1,2760,4095,0,657,0,0,0
32.1,57.1,2703,4095,0,653,0,0,0
32.1,57.2,2731,4095,0,653,0,0,0
32.1,57.2,2697,4095,0,672,0,0,0
32.1,57.2,2721,4095,0,649,0,0,0
32.1,57.2,2766,4095,0,655,0,0,0
32.1,57.2,2739,4095,0,656,0,0,0
32.1,57.2,2758,4095,0,649,0,0,0
32.1,57.2,2702,4095,0,655,0,0,0
32.1,57.2,2686,4095,0,653,0,0,0
32.1,57.2,2693,4095,0,654,0,0,0
32.1,57.2,2727,4095,0,657,0,0,0
32.1,57.2,2768,4095,0,656,0,0,0
32.1,57.2,2746,4095,0,653,0,0,0
32.1,57.1,2768,4095,0,656,0,0,0
32.1,57.1,2719,4095,0,655,0,0,0
32.1,57.1,2707,4095,0,657,0,0,0
32.1,57.1,2750,4095,0,655,0,0,0
32.1,57.1,2727,4095,0,650,0,0,0
32.1,57.1,2769,4095,0,650,0,0,0
32.1,57.1,2745,4095,0,653,0,0,0
32.1,57.1,2704,4095,0,656,0,0,0
32.1,57.1,2713,4095,0,647,0,0,0
32.1,57.1,2705,4095,0,653,0,0,0
32.1,57.1,2752,4095,0,653,0,0,0
32.1,57.1,2758,4095,0,656,0,0,0
32.1,57.1,2769,4095,0,656,0,0,0
32.1,57.1,2741,4095,0,654,0,0,0
32.1,57.1,2709,4095,0,654,0,0,0
32.1,57.1,2747,4095,0,654,0,0,0
32.1,57.1,2720,4095,0,656,0,0,0
32.1,57.1,2762,4095,0,656,0,0,0
32.1,57.1,2753,4095,0,655,0,0,0
32.1,57.1,2707,4095,0,651,0,0,0
32.1,57.1,2730,4095,0,651,0,0,0
32.1,57.1,2713,4095,0,649,0,0,0
32.1,57.1,2761,4095,0,659,0,0,0
32.1,57.1,2768,4095,0,653,0,0,0
32.1,57.1,2771,4095,0,654,0,0,0
32.1,57.1,2742,4095,0,653,0,0,0
32.1,57.1,2709,4095,0,656,0,0,0
32.1,57.1,2751,4095,0,655,0,0,0
32.1,57.0,2731,4095,0,656,0,0,0
32.1,57.0,2768,4095,0,649,0,0,0
32.1,57.0,2747,4095,0,656,0,0,0
32.1,57.0,2705,4095,0,653,0,0,0
32.1,57.0,2720,4095,0,653,0,0,0
32.1,57.0,2718,4095,0,652,0,0,0
32.1,57.0,2768,4095,0,656,0,0,0
32.1,57.0,2754,4095,0,635,0,0,0
32.1,57.0,2768,4095,0,654,0,0,0
32.1,57.0,2727,4095,0,655,0,0,0
32.1,57.0,2707,4095,0,655,0,0,0
32.1,57.0,2752,4095,0,651,0,0,0
32.1,57.0,2728,4095,0,656,0,0,0
32.1,57.0,2766,4095,0,652,0,0,0
32.1,57.0,2734,4095,0,651,0,0,0
32.1,57.0,2699,4095,0,650,0,0,0
32.1,57.0,2700,4095,0,655,0,0,0
32.1,57.0,2717,4095,0,651,0,0,0
32.1,57.0,2754,4095,0,656,0,0,0
32.1,57.0,2736,4095,0,686,0,0,0
32.1,57.0,2753,4095,0,654,0,0,0
32.1,57.0,2710,4095,0,650,0,0,0
32.1,57.0,2701,4095,0,686,0,0,0
32.1,57.0,2743,4095,0,656,0,0,0
32.1,57.1,2719,4095,0,655,0,0,0
32.1,57.1,2759,4095,0,640,0,0,0
32.1,57.1,2725,4095,0,654,0,0,0
32.1,57.1,2702,4095,0,656,0,0,0
32.1,57.2,2704,4095,0,656,0,0,0
32.1,57.2,2714,4095,0,658,0,0,0
32.1,57.2,2758,4095,0,647,0,0,0
32.1,57.2,2741,4095,0,656,0,0,0
32.1,57.1,2759,4095,0,657,0,0,0
32.1,57.1,2719,4095,0,650,0,0,0
32.1,57.1,2708,4095,0,651,0,0,0
32.1,57.1,2750,4095,0,654,0,0,0
32.1,57.2,2722,4095,0,655,0,0,0
32.1,57.2,2755,4095,0,627,0,0,0
32.1,57.2,2736,4095,0,655,0,0,0
32.1,57.2,2703,4095,0,651,0,0,0
32.1,57.2,2707,4095,0,653,0,0,0
32.1,57.2,2656,4095,0,651,0,0,0
32.1,57.2,2755,4095,0,645,0,0,0
32.1,57.2,2490,4095,0,655,0,0,0
32.1,57.1,989,4095,0,656,0,0,1
32.1,57.1,1047,4095,0,654,0,0,1
32.1,57.1,1041,4095,0,671,0,0,1
32.1,57.1,1044,4095,0,675,0,0,1
32.1,57.1,1010,4095,0,680,0,0,1
32.1,57.1,1023,4095,0,675,0,0,1
32.1,57.1,1062,4095,0,672,0,0,1
32.1,57.1,1046,4095,0,670,0,0,1
32.1,57.1,976,4095,0,668,0,0,1
32.1,57.1,980,4095,0,671,0,0,1
32.1,57.1,977,4095,0,670,0,0,1
32.1,57.1,1072,4095,0,674,0,0,1
32.1,57.1,1007,4095,0,662,0,0,1
32.1,57.1,2836,4095,0,672,0,0,0
32.1,57.1,2821,4095,0,674,0,0,0
32.1,57.1,2825,4095,0,653,0,0,0
32.1,57.1,2814,4095,0,644,0,0,0
32.1,57.1,2803,4095,0,645,0,0,0
32.1,57.1,2846,4095,0,648,0,0,0
32.1,57.1,2822,4095,0,649,0,0,0
32.1,57.1,2832,4095,0,650,0,0,0
32.1,57.1,2814,4095,0,640,0,0,0
32.1,57.1,2829,4095,0,651,0,0,0
32.1,57.1,2845,4095,0,651,0,0,0
32.1,57.1,2834,4095,0,651,0,0,0
32.1,57.1,2843,4095,0,643,0,0,0
32.1,57.1,2821,4095,0,651,0,0,0
32.1,57.1,2819,4095,0,651,0,0,0
32.1,57.1,2811,4095,0,653,0,0,0
32.1,57.1,2827,4095,0,651,0,0,0
32.1,57.1,2842,4095,0,647,0,0,0
32.1,57.1,2827,4095,0,651,0,0,0
32.1,57.1,2837,4095,0,656,0,0,0
32.1,57.1,2816,4095,0,627,0,0,0
32.1,57.1,2819,4095,0,654,0,0,0
32.1,57.1,2843,4095,0,653,0,0,0
32.1,57.1,2832,4095,0,653,0,0,0
32.1,57.1,2844,4095,0,649,0,0,0
32.1,57.1,2826,4095,0,653,0,0,0
32.1,57.1,2816,4095,0,652,0,0,0
32.1,57.1,2815,4095,0,655,0,0,0
32.1,57.1,2829,4095,0,649,0,0,0
32.1,57.1,2849,4095,0,653,0,0,0
32.1,57.1,2833,4095,0,655,0,0,0
32.1,57.1,2841,4095,0,654,0,0,0
32.1,57.1,2823,4095,0,645,0,0,0
32.1,57.1,2818,4095,0,653,0,0,0
32.1,57.1,2843,4095,0,642,0,0,0
32.1,57.1,2832,4095,0,649,0,0,0
32.1,57.1,2845,4095,0,651,0,0,0
32.1,57.1,2831,4095,0,660,0,0,0
32.1,57.1,2819,4095,0,649,0,0,0
32.1,57.1,2816,4095,0,650,0,0,0
32.1,57.1,2830,4095,0,644,0,0,0
32.1,57.1,2849,4095,0,624,0,0,0
32.1,57.1,2834,4095,0,651,0,0,0
32.1,57.1,2839,4095,0,653,0,0,0
32.1,57.1,2825,4095,0,652,0,0,0
32.1,57.1,2832,4095,0,649,0,0,0
32.1,57.1,2844,4095,0,650,0,0,0
32.1,57.1,2832,4095,0,656,0,0,0
32.1,57.1,2862,4095,0,652,0,0,0
32.1,57.1,2833,4095,0,636,0,0,0
32.1,57.1,2825,4095,0,655,0,0,0
32.1,57.0,2821,4095,0,650,0,0,0
32.1,57.0,2832,4095,0,647,0,0,0
32.1,57.0,2853,4095,0,650,0,0,0
32.1,57.0,2843,4095,0,651,0,0,0
32.1,57.1,2853,4095,0,646,0,0,0
32.1,57.1,2832,4095,0,649,0,0,0
32.1,57.1,2831,4095,0,651,0,0,0
32.1,57.1,2849,4095,0,650,0,0,0
32.1,57.1,2837,4095,0,649,0,0,0
32.1,57.1,2855,4095,0,657,0,0,0
32.1,57.1,2832,4095,0,643,0,0,0
32.1,57.1,2823,4095,0,650,0,0,0
32.1,57.1,2816,4095,0,650,0,0,0
32.1,57.1,2830,4095,0,651,0,0,0
32.1,57.1,2849,4095,0,645,0,0,0
32.1,57.1,2831,4095,0,638,0,0,0
32.1,57.1,2842,4095,0,646,0,0,0
32.1,57.1,2815,4095,0,646,0,0,0
32.1,57.1,2821,4095,0,643,0,0,0
32.1,57.1,2839,4095,0,650,0,0,0
32.1,57.0,2836,4095,0,656,0,0,0
32.1,57.0,2841,4095,0,651,0,0,0
32.1,57.0,2817,4095,0,647,0,0,0
32.1,57.0,2820,4095,0,643,0,0,0
32.0,57.0,2811,4095,0,653,0,0,0
32.0,57.0,2828,4095,0,644,0,0,0
32.0,57.0,2845,4095,0,644,0,0,0
32.0,57.0,2823,4095,0,643,0,0,0
32.1,57.1,2839,4095,0,644,0,0,0
32.1,57.1,2816,4095,0,640,0,0,0
32.1,57.1,2830,4095,0,647,0,0,0
32.1,57.1,2838,4095,0,645,0,0,0
32.1,57.0,2832,4095,0,692,0,0,0
32.1,57.0,2835,4095,0,651,0,0,0
32.1,57.0,2814,4095,0,645,0,0,0
32.1,57.0,2834,4095,0,645,0,0,0
32.1,57.0,2819,4095,0,650,0,0,0
32.1,57.0,2838,4095,0,651,0,0,0
32.1,57.0,2831,4095,0,650,0,0,0
32.1,57.0,2809,4095,0,649,0,0,0
32.1,57.0,2821,4095,0,644,0,0,0
32.1,57.0,2818,4095,0,641,0,0,0
32.1,57.0,2838,4095,0,648,0,0,0
32.1,57.0,2847,4095,0,644,0,0,0
32.1,57.0,2847,4095,0,647,0,0,0
32.1,57.0,2831,4095,0,651,0,0,0
32.1,57.0,2815,4095,0,646,0,0,0
32.1,57.0,2835,4095,0,647,0,0,0
32.1,57.0,2827,4095,0,652,0,0,0
32.1,57.0,2851,4095,0,645,0,0,0
32.1,57.0,2841,4095,0,643,0,0,0
32.1,57.0,2818,4095,0,650,0,0,0
32.1,57.0,2819,4095,0,650,0,0,0
32.1,57.0,2826,4095,0,651,0,0,0
32.1,57.0,2849,4095,0,641,0,0,0
32.1,57.0,2842,4095,0,647,0,0,0
32.1,57.0,2849,4095,0,646,0,0,0
32.1,57.0,2829,4095,0,645,0,0,0
32.1,57.0,2819,4095,0,645,0,0,0
32.1,57.0,2843,4095,0,645,0,0,0
32.1,57.0,2831,4095,0,646,0,0,0
32.1,57.0,2854,4095,0,647,0,0,0
32.1,57.0,2832,4095,0,649,0,0,0
32.1,57.0,2817,4095,0,651,0,0,0
32.1,57.0,2821,4095,0,651,0,0,0
32.1,57.0,2830,4095,0,646,0,0,0
32.1,57.0,2855,4095,0,655,0,0,0
32.1,57.0,2848,4095,0,645,0,0,0
32.1,56.9,2855,4095,0,646,0,0,0
32.1,56.9,2835,4095,0,643,0,0,0
32.1,56.9,2825,4095,0,647,0,0,0
32.1,56.9,2839,4095,0,646,0,0,0
32.1,56.9,2828,4095,0,648,0,0,0
32.1,56.9,2847,4095,0,601,0,0,0
32.1,56.9,2837,4095,0,647,0,0,0
32.1,56.9,2813,4095,0,647,0,0,0
32.1,56.8,2827,4095,0,651,0,0,0
32.1,56.8,2816,4095,0,648,0,0,0
32.1,56.8,2835,4095,0,649,0,0,0
32.1,56.8,2842,4095,0,654,0,0,0
32.1,56.7,2832,4095,0,647,0,0,0
32.1,56.7,2827,4095,0,643,0,0,0
32.1,56.7,2801,4095,0,649,0,0,0
32.1,56.7,2822,4095,0,650,0,0,0
32.1,56.8,2809,4095,0,651,0,0,0
32.1,56.8,2832,4095,0,643,0,0,0
32.1,56.8,2833,4095,0,650,0,0,0
32.1,56.8,2809,4095,0,646,0,0,0
32.1,56.8,2820,4095,0,653,0,0,0
32.1,56.8,2809,4095,0,646,0,0,0
32.1,56.8,2831,4095,0,647,0,0,0
32.1,56.8,2838,4095,0,627,0,0,0
32.1,56.9,2835,4095,0,650,0,0,0
32.1,56.9,2831,4095,0,651,0,0,0
32.1,56.9,2802,4095,0,645,0,0,0
32.1,56.9,2822,4095,0,640,0,0,0
32.1,56.9,2802,4095,0,649,0,0,0
32.1,56.9,2826,4095,0,651,0,0,0
32.1,56.9,2827,4095,0,644,0,0,0
32.1,56.9,2803,4095,0,643,0,0,0
32.1,56.9,2819,4095,0,647,0,0,0
32.1,56.9,2809,4095,0,647,0,0,0
32.1,56.9,2832,4095,0,647,0,0,0
32.1,56.9,2842,4095,0,651,0,0,0
32.1,56.9,2836,4095,0,651,0,0,0
32.1,56.9,2832,4095,0,647,0,0,0
32.1,56.9,2805,4095,0,646,0,0,0
32.1,56.9,2859,4095,0,645,0,0,0
32.1,57.0,2815,4095,0,640,0,0,0
32.1,57.0,2837,4095,0,652,0,0,0
32.1,57.0,2815,4095,0,649,0,0,0
32.1,57.0,2814,4095,0,661,0,0,0
32.1,57.0,2832,4095,0,646,0,0,0
32.1,57.0,2806,4095,0,640,0,0,0
32.1,57.0,2832,4095,0,653,0,0,0
32.1,57.0,2837,4095,0,649,0,0,0
32.1,57.0,2839,4095,0,642,0,0,0
32.1,57.0,2830,4095,0,639,0,0,0
32.1,57.0,2804,4095,0,652,0,0,0
32.1,57.0,2822,4095,0,646,0,0,0
32.1,57.0,2810,4095,0,651,0,0,0
32.1,57.0,2834,4095,0,647,0,0,0
32.1,57.0,2832,4095,0,651,0,0,0
32.1,57.0,2810,4095,0,640,0,0,0
32.1,57.1,2818,4095,0,579,0,0,0
32.1,57.1,2811,4095,0,645,0,0,0
32.1,57.1,2832,4095,0,646,0,0,0
32.1,57.1,2839,4095,0,642,0,0,0
32.1,57.1,2837,4095,0,653,0,0,0
32.1,57.1,2821,4095,0,650,0,0,0
32.1,57.1,2807,4095,0,647,0,0,0
32.1,57.1,2832,4095,0,586,0,0,0
32.1,57.0,2830,4095,0,651,0,0,0
32.1,57.0,2849,4095,0,635,0,0,0
32.1,57.0,2832,4095,0,658,0,0,0
32.1,57.0,2814,4095,0,647,0,0,0
32.1,57.0,2816,4095,0,647,0,0,0
32.1,57.0,2822,4095,0,562,0,0,0
32.1,57.0,2843,4095,0,657,0,0,0
32.1,57.0,2832,4095,0,650,0,0,0
32.1,56.9,2842,4095,0,650,0,0,0
32.1,56.9,2814,4095,0,645,0,0,0
32.1,56.9,2815,4095,0,643,0,0,0
32.1,56.9,2835,4095,0,630,0,0,0
32.1,56.9,2823,4095,0,649,0,0,0
32.1,56.9,2836,4095,0,650,0,0,0
32.1,56.9,2809,4095,0,656,0,0,0
32.1,56.9,2811,4095,0,647,0,0,0
32.1,56.9,2803,4095,0,645,0,0,0
32.1,56.9,2825,4095,0,640,0,0,0
32.1,56.9,2839,4095,0,646,0,0,0
32.1,56.9,2816,4095,0,644,0,0,0
32.1,56.9,2829,4095,0,643,0,0,0
32.1,56.9,2806,4095,0,641,0,0,0
32.1,56.9,2823,4095,0,641,0,0,0
32.1,56.9,2835,4095,0,646,0,0,0
32.1,56.9,2832,4095,0,657,0,0,0
32.1,56.9,2821,4095,0,647,0,0,0
32.1,56.9,2800,4095,0,650,0,0,0
32.1,56.9,2816,4095,0,641,0,0,0
32.1,56.9,2805,4095,0,647,0,0,0
32.1,56.9,2832,4095,0,565,0,0,0
32.1,56.9,2830,4095,0,649,0,0,0
32.1,56.9,2805,4095,0,649,0,0,0
32.1,56.9,2815,4095,0,648,0,0,0
32.1,56.9,2815,4095,0,650,0,0,0
32.1,56.9,2835,4095,0,647,0,0,0
32.1,56.9,2828,4095,0,644,0,0,0
32.1,56.9,2839,4095,0,645,0,0,0
32.1,56.9,2814,4095,0,647,0,0,0
32.1,56.9,2817,4095,0,645,0,0,0
32.1,56.9,2839,4095,0,646,0,0,0
32.1,56.9,2832,4095,0,647,0,0,0
32.1,56.9,2834,4095,0,646,0,0,0
32.1,56.9,2814,4095,0,645,0,0,0
32.1,56.9,2822,4095,0,645,0,0,0
32.1,57.0,2810,4095,0,644,0,0,0
32.1,57.0,2834,4095,0,646,0,0,0
32.1,57.0,2833,4095,0,651,0,0,0
32.1,57.0,2806,4095,0,648,0,0,0
32.1,56.9,2814,4095,0,645,0,0,0
32.1,56.9,2816,4095,0,651,0,0,0
32.1,56.9,2836,4095,0,647,0,0,0
32.1,56.9,2830,4095,0,651,0,0,0
32.1,56.9,2837,4095,0,650,0,0,0
32.1,56.9,2810,4095,0,645,0,0,0
32.1,56.9,2819,4095,0,657,0,0,0
32.1,56.9,2841,4095,0,646,0,0,0
32.1,56.9,2833,4095,0,647,0,0,0
32.1,56.9,2832,4095,0,642,0,0,0
32.1,56.9,2806,4095,0,646,0,0,0
32.1,56.9,2823,4095,0,645,0,0,0
32.1,56.9,2811,4095,0,653,0,0,0
32.1,56.9,2835,4095,0,649,0,0,0
32.1,56.9,2825,4095,0,653,0,0,0
32.1,56.9,2803,4095,0,624,0,0,0
32.1,56.9,2803,4095,0,650,0,0,0
32.1,56.9,2819,4095,0,647,0,0,0
32.1,56.9,2838,4095,0,643,0,0,0
32.1,56.9,2811,4095,0,647,0,0,0
32.1,57.0,2828,4095,0,629,0,0,0
32.1,57.0,2800,4095,0,662,0,0,0
32.1,57.0,2817,4095,0,650,0,0,0
32.1,57.0,2838,4095,0,645,0,0,0
32.2,57.1,2831,4095,0,647,0,0,0
32.2,57.1,2825,4095,0,646,0,0,0
32.2,57.1,2802,4095,0,646,0,0,0
32.2,57.1,2822,4095,0,646,0,0,0
32.1,57.2,2809,4095,0,645,0,0,0
32.1,57.2,2895,4095,0,645,0,0,0
32.1,57.2,2821,4095,0,643,0,0,0
32.1,57.2,2800,4095,0,646,0,0,0
32.2,57.2,2801,4095,0,653,0,0,0
32.2,57.2,2814,4095,0,618,0,0,0
32.2,57.2,2837,4095,0,675,0,0,0
32.2,57.2,2820,4095,0,646,0,0,0
32.1,57.1,2827,4095,0,647,0,0,0
32.1,57.1,2800,4095,0,653,0,0,0
32.1,57.1,2812,4095,0,644,0,0,0
32.1,57.1,2834,4095,0,653,0,0,0
32.1,57.2,2828,4095,0,646,0,0,0
32.1,57.2,2827,4095,0,649,0,0,0
32.1,57.2,2802,4095,0,569,0,0,0
32.1,57.2,2814,4095,0,644,0,0,0
32.1,57.3,2802,4095,0,586,0,0,0
32.1,57.3,2833,4095,0,644,0,0,0
32.1,57.3,2830,4095,0,654,0,0,0
32.1,57.3,2804,4095,0,641,0,0,0
32.2,57.2,2810,4095,0,647,0,0,0
32.2,57.2,2805,4095,0,642,0,0,0
32.2,57.2,2831,4095,0,645,0,0,0
32.2,57.2,2831,4095,0,679,0,0,0
32.2,57.1,2837,4095,0,650,0,0,0
32.2,57.1,2814,4095,0,641,0,0,0
32.2,57.1,2806,4095,0,644,0,0,0
32.2,57.1,2830,4095,0,646,0,0,0
32.2,57.0,2819,4095,0,650,0,0,0
32.2,57.0,2835,4095,0,643,0,0,0
32.2,57.0,2815,4095,0,647,0,0,0
32.2,57.0,2810,4095,0,642,0,0,0
32.1,56.9,2802,4095,0,646,0,0,0
32.1,56.9,2819,4095,0,643,0,0,0
32.1,56.9,2837,4095,0,644,0,0,0
32.1,56.9,2816,4095,0,646,0,0,0
32.1,56.9,2830,4095,0,645,0,0,0
32.1,56.9,2803,4095,0,656,0,0,0
32.1,56.9,2830,4095,0,645,0,0,0
32.1,56.9,2837,4095,0,647,0,0,0
32.2,56.9,2835,4095,0,646,0,0,0
32.2,56.9,2831,4095,0,645,0,0,0
32.2,56.9,2803,4095,0,645,0,0,0
32.2,56.9,2819,4095,0,645,0,0,0
32.2,56.9,2812,4095,0,651,0,0,0
32.2,56.9,2833,4095,0,647,0,0,0
32.2,56.9,2830,4095,0,643,0,0,0
32.2,56.9,2805,4095,0,642,0,0,0
32.2,56.9,2811,4095,0,649,0,0,0
32.2,56.9,2811,4095,0,646,0,0,0
32.2,56.9,2832,4095,0,646,0,0,0
32.2,56.9,2832,4095,0,640,0,0,0
32.2,56.9,2837,4095,0,646,0,0,0
32.2,56.9,2814,4095,0,644,0,0,0
32.2,56.9,2811,4095,0,649,0,0,0
32.2,56.9,2832,4095,0,647,0,0,0
32.2,56.9,2817,4095,0,647,0,0,0
32.2,56.9,2835,4095,0,650,0,0,0
32.2,56.9,2814,4095,0,644,0,0,0
32.2,56.9,2806,4095,0,649,0,0,0
32.2,56.9,2800,4095,0,643,0,0,0
32.2,56.9,2815,4095,0,649,0,0,0
32.2,56.9,2835,4095,0,647,0,0,0
32.2,56.9,2814,4095,0,640,0,0,0
32.2,56.9,2825,4095,0,653,0,0,0
32.2,56.9,2799,4095,0,642,0,0,0
32.2,56.9,2814,4095,0,523,0,0,0
32.2,56.9,2833,4095,0,646,0,0,0
32.2,56.9,2825,4095,0,720,0,0,0
32.2,56.9,2831,4095,0,649,0,0,0
32.2,56.9,2803,4095,0,643,0,0,0
32.2,56.9,2811,4095,0,646,0,0,0
32.2,56.9,2800,4095,0,651,0,0,0
32.2,56.9,2826,4095,0,643,0,0,0
32.2,56.9,2833,4095,0,644,0,0,0
32.2,56.9,2807,4095,0,649,0,0,0
32.2,56.9,2822,4095,0,649,0,0,0
32.2,56.9,2803,4095,0,643,0,0,0
32.2,56.9,2825,4095,0,647,0,0,0
32.2,56.9,2838,4095,0,654,0,0,0
32.2,56.9,2837,4095,0,650,0,0,0
32.2,56.9,2825,4095,0,644,0,0,0
32.2,56.9,2806,4095,0,653,0,0,0
32.2,56.9,2827,4095,0,651,0,0,0
32.3,56.8,2813,4095,0,652,0,0,0
32.3,56.8,2850,4095,0,643,0,0,0
32.3,56.8,2832,4095,0,651,0,0,0
32.3,56.8,2805,4095,0,659,0,0,0
32.3,56.7,2815,4095,0,609,0,0,0
32.3,56.7,2805,4095,0,649,0,0,0
32.3,56.7,2826,4095,0,647,0,0,0
32.3,56.7,2829,4095,0,644,0,0,0
32.2,56.7,2832,4095,0,651,0,0,0
32.2,56.7,2815,4095,0,647,0,0,0
32.2,56.7,2799,4095,0,640,0,0,0
32.2,56.7,2817,4095,0,640,0,0,0
32.2,56.7,2800,4095,0,642,0,0,0
32.2,56.7,2799,4095,0,643,0,0,0
32.2,56.7,2815,4095,0,641,0,0,0
32.2,56.7,2789,4095,0,641,0,0,0
32.2,56.7,2801,4095,0,645,0,0,0
32.2,56.7,2798,4095,0,647,0,0,0
32.2,56.7,2816,4095,0,645,0,0,0
32.2,56.7,2823,4095,0,640,0,0,0
32.2,56.7,2832,4095,0,646,0,0,0
32.2,56.7,2815,4095,0,642,0,0,0
32.2,56.7,2798,4095,0,640,0,0,0
32.2,56.7,2813,4095,0,767,0,0,0
32.2,56.7,2801,4095,0,641,0,0,0
32.2,56.7,2826,4095,0,641,0,0,0
32.2,56.7,2821,4095,0,631,0,0,0
32.2,56.7,2801,4095,0,642,0,0,0
32.2,56.6,2802,4095,0,642,0,0,0
32.2,56.6,2800,4095,0,685,0,0,0
32.2,56.6,2814,4095,0,640,0,0,0
32.2,56.6,2825,4095,0,644,0,0,0
32.2,56.6,2820,4095,0,641,0,0,0
32.2,56.6,2818,4095,0,640,0,0,0
32.2,56.6,2795,4095,0,645,0,0,0
32.2,56.6,2801,4095,0,640,0,0,0
32.2,56.7,2781,4095,0,669,0,0,0
32.2,56.7,2804,4095,0,640,0,0,0
32.2,56.7,2821,4095,0,643,0,0,0
32.2,56.7,2800,4095,0,639,0,0,0
32.2,56.7,2813,4095,0,643,0,0,0
32.2,56.7,2784,4095,0,642,0,0,0
32.2,56.7,2781,4095,0,642,0,0,0
32.2,56.7,2798,4095,0,640,0,0,0
32.2,56.7,2793,4095,0,649,0,0,0
32.2,56.7,2815,4095,0,642,0,0,0
32.2,56.7,2779,4095,0,646,0,0,0
32.2,56.7,2743,4095,0,639,0,0,0
32.2,56.7,2480,4095,0,643,0,0,0
32.2,56.7,930,4095,0,640,0,0,1
32.2,56.7,993,4095,0,640,0,0,1
32.2,56.7,974,4095,0,667,0,0,1
32.3,56.7,1082,4095,0,659,0,0,1
32.3,56.7,1065,4095,0,668,0,0,1
32.3,56.7,1047,4095,0,665,0,0,1
32.3,56.7,1049,4095,0,660,0,0,1
32.2,56.7,1045,4095,0,656,0,0,1
32.2,56.7,1091,4095,0,663,0,0,1
32.2,56.7,1067,4095,0,656,0,0,1
32.2,56.7,997,4095,0,658,0,0,1
32.2,56.7,2801,4095,0,647,0,0,0
32.2,56.7,2797,4095,0,665,0,0,0
32.2,56.7,2813,4095,0,638,0,0,0
32.2,56.7,2831,4095,0,640,0,0,0
32.3,56.7,2832,4095,0,636,0,0,0
32.3,56.7,2832,4095,0,639,0,0,0
32.3,56.7,2802,4095,0,637,0,0,0
32.3,56.7,2814,4095,0,639,0,0,0
32.3,56.7,2800,4095,0,643,0,0,0
32.3,56.7,2817,4095,0,643,0,0,0
32.3,56.7,2832,4095,0,646,0,0,0
32.3,56.7,2807,4095,0,640,0,0,0
32.3,56.7,2827,4095,0,643,0,0,0
32.3,56.7,2800,4095,0,637,0,0,0
32.3,56.7,2815,4095,0,638,0,0,0
32.3,56.7,2832,4095,0,640,0,0,0
32.2,56.6,2817,4095,0,646,0,0,0
32.2,56.6,2838,4095,0,639,0,0,0
32.2,56.6,2819,4095,0,637,0,0,0
32.2,56.6,2799,4095,0,634,0,0,0
32.2,56.6,2809,4095,0,640,0,0,0
32.2,56.6,2809,4095,0,629,0,0,0
32.2,56.6,2821,4095,0,637,0,0,0
32.2,56.6,2826,4095,0,641,0,0,0
32.3,56.6,2819,4095,0,640,0,0,0
32.3,56.6,2811,4095,0,639,0,0,0
32.3,56.6,2794,4095,0,640,0,0,0
32.3,56.6,2807,4095,0,639,0,0,0
32.2,56.7,2805,4095,0,640,0,0,0
32.2,56.7,2822,4095,0,643,0,0,0
32.2,56.7,2841,4095,0,640,0,0,0
32.2,56.7,2821,4095,0,643,0,0,0
32.3,56.6,2832,4095,0,642,0,0,0
32.3,56.6,2810,4095,0,620,0,0,0
32.3,56.6,2811,4095,0,640,0,0,0
32.3,56.6,2835,4095,0,640,0,0,0
32.3,56.7,2822,4095,0,638,0,0,0
32.3,56.7,2842,4095,0,638,0,0,0
32.3,56.7,2831,4095,0,643,0,0,0
32.3,56.7,2804,4095,0,640,0,0,0
32.2,56.6,2814,4095,0,638,0,0,0
32.2,56.6,2810,4095,0,642,0,0,0
32.2,56.6,2831,4095,0,643,0,0,0
32.2,56.6,2846,4095,0,644,0,0,0
32.3,56.7,2847,4095,0,647,0,0,0
32.3,56.7,2832,4095,0,644,0,0,0
32.3,56.7,2805,4095,0,643,0,0,0
32.3,56.7,2816,4095,0,642,0,0,0
32.3,56.7,2805,4095,0,633,0,0,0
32.3,56.7,2826,4095,0,641,0,0,0
32.3,56.7,2838,4095,0,643,0,0,0
32.3,56.7,2810,4095,0,645,0,0,0
32.3,56.7,2819,4095,0,641,0,0,0
32.3,56.7,2790,4095,0,647,0,0,0
32.3,56.7,2807,4095,0,641,0,0,0
32.3,56.7,2832,4095,0,643,0,0,0
32.2,56.7,2822,4095,0,639,0,0,0
32.2,56.7,2832,4095,0,642,0,0,0
32.2,56.7,2799,4095,0,644,0,0,0
32.2,56.7,2785,4095,0,631,0,0,0
32.3,56.7,2797,4095,0,641,0,0,0
32.3,56.7,2810,4095,0,685,0,0,0
32.3,56.7,2829,4095,0,640,0,0,0
32.3,56.7,2822,4095,0,637,0,0,0
32.3,56.7,2834,4095,0,634,0,0,0
32.3,56.7,2813,4095,0,634,0,0,0
32.3,56.7,2802,4095,0,637,0,0,0
32.3,56.7,2827,4095,0,639,0,0,0
32.3,56.7,2802,4095,0,638,0,0,0
32.3,56.7,2829,4095,0,637,0,0,0
32.3,56.7,2815,4095,0,641,0,0,0
32.3,56.7,2798,4095,0,640,0,0,0
32.3,56.7,2809,4095,0,638,0,0,0
32.3,56.7,2810,4095,0,634,0,0,0
32.3,56.7,2825,4095,0,638,0,0,0
32.3,56.7,2828,4095,0,635,0,0,0
32.3,56.7,2811,4095,0,635,0,0,0
32.3,56.7,2804,4095,0,633,0,0,0
32.3,56.7,2795,4095,0,638,0,0,0
32.3,56.7,2818,4095,0,632,0,0,0
32.3,56.7,2810,4095,0,640,0,0,0
32.3,56.7,2832,4095,0,640,0,0,0
32.3,56.7,2815,4095,0,640,0,0,0
32.3,56.7,2762,4095,0,640,0,0,0
32.2,56.7,2789,4095,0,634,0,0,0
32.2,56.7,2798,4095,0,639,0,0,0
32.2,56.7,2823,4095,0,639,0,0,0
32.2,56.7,2842,4095,0,641,0,0,0
32.2,56.7,2830,4095,0,637,0,0,0
32.2,56.7,2811,4095,0,640,0,0,0
32.2,56.7,2768,4095,0,637,0,0,0
32.2,56.7,2800,4095,0,636,0,0,0
32.2,56.7,2797,4095,0,642,0,0,0
32.2,56.7,2831,4095,0,640,0,0,0
32.2,56.7,2850,4095,0,656,0,0,0
32.2,56.7,2826,4095,0,638,0,0,0
32.2,56.7,2836,4095,0,645,0,0,0
32.2,56.7,2815,4095,0,634,0,0,0
32.2,56.7,2826,4095,0,640,0,0,0
32.2,56.7,2850,4095,0,635,0,0,0
32.2,56.7,2832,4095,0,639,0,0,0
32.2,56.7,2851,4095,0,641,0,0,0
32.2,56.7,2823,4095,0,640,0,0,0
32.2,56.7,2815,4095,0,640,0,0,0
32.2,56.8,2813,4095,0,641,0,0,0
32.2,56.8,2823,4095,0,640,0,0,0
32.2,56.8,2845,4095,0,638,0,0,0
32.2,56.8,2834,4095,0,645,0,0,0
32.2,56.7,2845,4095,0,640,0,0,0
32.2,56.7,2825,4095,0,641,0,0,0
32.2,56.7,2813,4095,0,641,0,0,0
32.2,56.7,2832,4095,0,640,0,0,0
32.2,56.8,2822,4095,0,640,0,0,0
32.2,56.8,2845,4095,0,640,0,0,0
32.2,56.8,2832,4095,0,642,0,0,0
32.2,56.8,2811,4095,0,631,0,0,0
32.2,56.8,2818,4095,0,640,0,0,0
32.2,56.8,2812,4095,0,640,0,0,0
32.2,56.8,2835,4095,0,645,0,0,0
32.2,56.8,2841,4095,0,636,0,0,0
32.2,56.8,2842,4095,0,644,0,0,0
32.2,56.8,2826,4095,0,640,0,0,0
32.2,56.8,2810,4095,0,655,0,0,0
32.2,56.8,2826,4095,0,640,0,0,0
32.2,56.8,2815,4095,0,640,0,0,0
32.2,56.8,2838,4095,0,639,0,0,0
32.2,56.8,2839,4095,0,636,0,0,0
32.2,56.8,2807,4095,0,640,0,0,0
32.2,56.8,2829,4095,0,640,0,0,0
32.2,56.8,2811,4095,0,642,0,0,0
32.2,56.8,2832,4095,0,638,0,0,0
32.2,56.8,2850,4095,0,642,0,0,0
32.2,56.8,2841,4095,0,629,0,0,0
32.2,56.8,2845,4095,0,637,0,0,0
32.2,56.8,2820,4095,0,641,0,0,0
32.2,56.8,2818,4095,0,644,0,0,0
32.2,56.8,2814,4095,0,643,0,0,0
32.2,56.8,2827,4095,0,643,0,0,0
32.2,56.8,2848,4095,0,640,0,0,0
32.2,56.8,2839,4095,0,639,0,0,0
32.2,56.8,2839,4095,0,642,0,0,0
32.2,56.8,2823,4095,0,639,0,0,0
32.2,56.8,2851,4095,0,642,0,0,0
32.2,56.8,2839,4095,0,640,0,0,0
32.2,56.8,2827,4095,0,643,0,0,0
32.2,56.8,2852,4095,0,641,0,0,0
32.2,56.8,2842,4095,0,638,0,0,0
32.2,56.8,2817,4095,0,650,0,0,0
32.2,56.8,2832,4095,0,643,0,0,0
32.2,56.8,2817,4095,0,640,0,0,0
32.2,56.8,2832,4095,0,640,0,0,0
32.2,56.8,2850,4095,0,650,0,0,0
32.2,56.8,2847,4095,0,643,0,0,0
32.2,56.8,2850,4095,0,640,0,0,0
32.2,56.8,2819,4095,0,640,0,0,0
32.2,56.8,2818,4095,0,647,0,0,0
32.2,56.8,2817,4095,0,638,0,0,0
32.2,56.8,2830,4095,0,643,0,0,0
32.2,56.8,2851,4095,0,619,0,0,0
32.2,56.8,2838,4095,0,642,0,0,0
32.2,56.8,2857,4095,0,643,0,0,0
32.2,56.8,2832,4095,0,624,0,0,0
32.2,56.8,2819,4095,0,640,0,0,0
32.2,56.8,2836,4095,0,644,0,0,0
32.2,56.9,2822,4095,0,642,0,0,0
32.2,56.9,2843,4095,0,834,0,0,0
32.2,56.9,2849,4095,0,641,0,0,0
32.2,56.9,2829,4095,0,630,0,0,0
32.2,56.9,2842,4095,0,630,0,0,0
32.2,56.9,2816,4095,0,643,0,0,0
32.2,56.9,2821,4095,0,720,0,0,0
32.2,56.9,2845,4095,0,641,0,0,0
32.2,56.9,2832,4095,0,640,0,0,0
32.2,56.9,2851,4095,0,636,0,0,0
32.2,56.9,2836,4095,0,641,0,0,0
32.2,56.9,2817,4095,0,645,0,0,0
32.2,56.9,2830,4095,0,640,0,0,0
32.2,56.9,2813,4095,0,640,0,0,0
32.2,56.9,2839,4095,0,646,0,0,0
32.2,56.9,2855,4095,0,642,0,0,0
32.2,56.9,2843,4095,0,643,0,0,0
32.2,56.9,2847,4095,0,640,0,0,0
32.2,56.9,2823,4095,0,642,0,0,0
32.2,56.9,2821,4095,0,645,0,0,0
32.2,56.9,2813,4095,0,643,0,0,0
32.2,56.9,2835,4095,0,640,0,0,0
32.2,56.9,2851,4095,0,640,0,0,0
32.2,56.9,2841,4095,0,643,0,0,0
32.2,56.9,2849,4095,0,645,0,0,0
32.2,56.9,2832,4095,0,644,0,0,0
32.2,56.9,2814,4095,0,641,0,0,0
32.2,56.9,2831,4095,0,501,0,0,0
32.2,56.9,2815,4095,0,642,0,0,0
32.2,56.9,2832,4095,0,641,0,0,0
32.2,56.9,2847,4095,0,642,0,0,0
32.2,56.9,2818,4095,0,640,0,0,0
32.2,56.9,2836,4095,0,643,0,0,0
32.2,56.9,2810,4095,0,641,0,0,0
32.2,56.9,2811,4095,0,645,0,0,0
32.2,56.9,2832,4095,0,640,0,0,0
32.2,56.9,2818,4095,0,640,0,0,0
32.2,56.9,2837,4095,0,645,0,0,0
32.2,56.9,2832,4095,0,644,0,0,0
32.2,56.9,2806,4095,0,642,0,0,0
32.1,56.9,2825,4095,0,641,0,0,0
32.1,56.9,2804,4095,0,642,0,0,0
32.1,56.9,2823,4095,0,640,0,0,0
32.1,56.9,2843,4095,0,641,0,0,0
32.2,57.0,2827,4095,0,641,0,0,0
32.2,57.0,2843,4095,0,641,0,0,0
32.2,57.0,2826,4095,0,642,0,0,0
32.2,57.0,2801,4095,0,637,0,0,0
32.2,56.9,2812,4095,0,675,0,0,0
32.2,56.9,2805,4095,0,639,0,0,0
32.2,56.9,2830,4095,0,641,0,0,0
32.2,56.9,2835,4095,0,642,0,0,0
32.2,56.9,2833,4095,0,640,0,0,0
32.2,56.9,2835,4095,0,642,0,0,0
32.2,56.9,2805,4095,0,642,0,0,0
32.2,56.9,2814,4095,0,648,0,0,0
32.2,56.9,2805,4095,0,639,0,0,0
32.2,56.9,2800,4095,0,640,0,0,0
32.2,56.9,2843,4095,0,642,0,0,0
32.2,56.9,2838,4095,0,640,0,0,0
32.2,56.9,2848,4095,0,638,0,0,0
32.2,56.9,2832,4095,0,641,0,0,0
32.2,56.9,2809,4095,0,639,0,0,0
32.2,56.9,2827,4095,0,640,0,0,0
32.2,56.9,2811,4095,0,638,0,0,0
32.2,56.9,2832,4095,0,634,0,0,0
32.2,56.9,2844,4095,0,642,0,0,0
32.2,56.9,2821,4095,0,633,0,0,0
32.2,56.9,2835,4095,0,640,0,0,0
32.2,56.9,2813,4095,0,640,0,0,0
32.2,56.9,2825,4095,0,639,0,0,0
32.2,56.9,2841,4095,0,635,0,0,0
32.1,56.9,2826,4095,0,641,0,0,0
32.1,56.9,2849,4095,0,639,0,0,0
32.1,56.9,2832,4095,0,633,0,0,0
32.1,56.9,2811,4095,0,642,0,0,0
32.2,56.9,2823,4095,0,642,0,0,0
32.2,56.9,2815,4095,0,640,0,0,0
32.2,56.9,2832,4095,0,689,0,0,0
32.2,56.9,2854,4095,0,641,0,0,0
32.2,56.9,2835,4095,0,638,0,0,0
32.2,56.9,2847,4095,0,652,0,0,0
32.2,56.9,2820,4095,0,639,0,0,0
32.2,56.9,2816,4095,0,638,0,0,0
32.2,56.9,2814,4095,0,638,0,0,0
32.2,56.9,2817,4095,0,639,0,0,0
32.2,56.9,2842,4095,0,641,0,0,0
32.2,56.9,2843,4095,0,647,0,0,0
32.2,56.9,2842,4095,0,640,0,0,0
32.2,56.9,2833,4095,0,637,0,0,0
32.2,56.9,2814,4095,0,672,0,0,0
32.2,56.9,2825,4095,0,643,0,0,0
32.2,56.9,2811,4095,0,641,0,0,0
32.2,56.9,2834,4095,0,692,0,0,0
32.2,56.9,2847,4095,0,639,0,0,0
32.2,56.9,2832,4095,0,645,0,0,0
32.2,56.9,2848,4095,0,646,0,0,0
32.2,56.9,2822,4095,0,639,0,0,0
32.2,56.9,2816,4095,0,638,0,0,0
32.2,56.9,2834,4095,0,641,0,0,0
32.2,56.8,2851,4095,0,643,0,0,0
32.4,56.6,2815,4095,0,633,0,0,0
32.4,56.6,2780,4095,0,631,0,0,0
32.3,56.6,2800,4095,0,633,0,0,0
32.3,56.6,2790,4095,0,576,0,0,0
32.3,56.6,2816,4095,0,627,0,0,0
32.3,56.6,2823,4095,0,638,0,0,0
32.4,56.6,2826,4095,0,629,0,0,0
32.4,56.6,2807,4095,0,629,0,0,0
32.4,56.6,2781,4095,0,631,0,0,0
32.4,56.6,2802,4095,0,627,0,0,0
32.3,56.6,2795,4095,0,628,0,0,0
32.3,56.6,2825,4095,0,626,0,0,0
32.3,56.6,2830,4095,0,631,0,0,0
32.3,56.6,2798,4095,0,629,0,0,0
32.3,56.6,2809,4095,0,633,0,0,0
32.3,56.6,2793,4095,0,630,0,0,0
32.3,56.6,2816,4095,0,636,0,0,0
32.3,56.6,2832,4095,0,635,0,0,0
32.3,56.6,2827,4095,0,636,0,0,0
32.3,56.6,2826,4095,0,630,0,0,0
32.3,56.6,2797,4095,0,626,0,0,0
32.3,56.6,2803,4095,0,636,0,0,0
32.4,56.6,2794,4095,0,637,0,0,0
32.4,56.6,2811,4095,0,625,0,0,0
32.4,56.6,2832,4095,0,631,0,0,0
32.4,56.6,2801,4095,0,637,0,0,0
32.4,56.6,2825,4095,0,629,0,0,0
32.4,56.6,2798,4095,0,629,0,0,0
32.4,56.6,2811,4095,0,629,0,0,0
32.4,56.6,2835,4095,0,626,0,0,0
32.3,56.6,2823,4095,0,631,0,0,0
32.3,56.6,2837,4095,0,633,0,0,0
32.3,56.6,2813,4095,0,629,0,0,0
32.3,56.6,2803,4095,0,629,0,0,0
32.4,56.6,2800,4095,0,628,0,0,0
32.4,56.6,2811,4095,0,624,0,0,0
32.4,56.6,2844,4095,0,629,0,0,0
32.4,56.6,2829,4095,0,635,0,0,0
32.4,56.6,2838,4095,0,631,0,0,0
32.4,56.6,2813,4095,0,628,0,0,0
32.4,56.6,2801,4095,0,629,0,0,0
32.4,56.6,2823,4095,0,625,0,0,0
32.4,56.6,2805,4095,0,599,0,0,0
32.4,56.6,2834,4095,0,627,0,0,0
32.4,56.6,2827,4095,0,635,0,0,0
32.4,56.6,2800,4095,0,631,0,0,0
32.4,56.5,2806,4095,0,630,0,0,0
32.4,56.5,2799,4095,0,627,0,0,0
32.4,56.5,2818,4095,0,634,0,0,0
32.4,56.5,2832,4095,0,635,0,0,0
32.4,56.6,2828,4095,0,635,0,0,0
32.4,56.6,2816,4095,0,624,0,0,0
32.4,56.6,2791,4095,0,624,0,0,0
32.4,56.6,2813,4095,0,630,0,0,0
32.4,56.7,2795,4095,0,627,0,0,0
32.4,56.7,2818,4095,0,625,0,0,0
32.4,56.7,2832,4095,0,637,0,0,0
32.4,56.7,2798,4095,0,615,0,0,0
32.4,56.7,2813,4095,0,634,0,0,0
32.4,56.7,2781,4095,0,628,0,0,0
32.4,56.7,2805,4095,0,627,0,0,0
32.4,56.7,2832,4095,0,634,0,0,0
32.4,56.7,2807,4095,0,635,0,0,0
32.4,56.7,2833,4095,0,623,0,0,0
32.4,56.7,2800,4095,0,671,0,0,0
32.4,56.7,2811,4095,0,631,0,0,0
32.4,56.6,2794,4095,0,629,0,0,0
32.4,56.6,2823,4095,0,629,0,0,0
32.4,56.6,2816,4095,0,630,0,0,0
32.4,56.6,2802,4095,0,629,0,0,0
32.4,56.6,2825,4095,0,636,0,0,0
32.4,56.6,2794,4095,0,631,0,0,0
32.4,56.6,2811,4095,0,636,0,0,0
32.4,56.6,2832,4095,0,626,0,0,0
32.4,56.6,2831,4095,0,633,0,0,0
32.4,56.6,2832,4095,0,627,0,0,0
32.4,56.6,2800,4095,0,631,0,0,0
32.4,56.6,2810,4095,0,629,0,0,0
32.4,56.6,2800,4095,0,625,0,0,0
32.4,56.6,2829,4095,0,622,0,0,0
32.4,56.6,2829,4095,0,625,0,0,0
32.4,56.6,2798,4095,0,627,0,0,0
32.4,56.6,2813,4095,0,629,0,0,0
32.4,56.6,2798,4095,0,634,0,0,0
32.4,56.6,2821,4095,0,631,0,0,0
32.4,56.6,2832,4095,0,630,0,0,0
32.4,56.5,2834,4095,0,636,0,0,0
32.4,56.5,2813,4095,0,626,0,0,0
32.4,56.5,2791,4095,0,624,0,0,0
32.4,56.5,2814,4095,0,629,0,0,0
32.4,56.5,2800,4095,0,629,0,0,0
32.4,56.5,2832,4095,0,628,0,0,0
32.4,56.5,2816,4095,0,635,0,0,0
32.4,56.5,2789,4095,0,635,0,0,0
32.4,56.5,2799,4095,0,625,0,0,0
32.4,56.5,2797,4095,0,625,0,0,0
32.4,56.5,2829,4095,0,630,0,0,0
32.4,56.5,2821,4095,0,632,0,0,0
32.4,56.5,2832,4095,0,634,0,0,0
32.4,56.5,2801,4095,0,631,0,0,0
32.4,56.5,2795,4095,0,631,0,0,0
32.4,56.5,2822,4095,0,625,0,0,0
32.4,56.5,2809,4095,0,631,0,0,0
32.4,56.5,2831,4095,0,626,0,0,0
32.4,56.5,2806,4095,0,624,0,0,0
32.4,56.5,2793,4095,0,629,0,0,0
32.4,56.5,2798,4095,0,630,0,0,0
32.4,56.5,2817,4095,0,633,0,0,0
32.4,56.5,2834,4095,0,625,0,0,0
32.4,56.5,2807,4095,0,625,0,0,0
32.4,56.5,2823,4095,0,619,0,0,0
32.4,56.5,2787,4095,0,630,0,0,0
32.4,56.5,2800,4095,0,630,0,0,0
32.4,56.5,2832,4095,0,634,0,0,0
32.4,56.5,2817,4095,0,625,0,0,0
32.4,56.5,2825,4095,0,631,0,0,0
32.4,56.5,2795,4095,0,626,0,0,0
32.4,56.5,2802,4095,0,627,0,0,0
32.4,56.5,2800,4095,0,626,0,0,0
32.4,56.5,2817,4095,0,630,0,0,0
32.4,56.5,2824,4095,0,627,0,0,0
32.4,56.5,2785,4095,0,630,0,0,0
32.4,56.5,2805,4095,0,631,0,0,0
32.4,56.5,2795,4095,0,628,0,0,0
32.4,56.5,2816,4095,0,631,0,0,0
32.4,56.5,2823,4095,0,631,0,0,0
32.4,56.5,2829,4095,0,629,0,0,0
32.4,56.5,2804,4095,0,631,0,0,0
32.4,56.5,2793,4095,0,630,0,0,0
32.4,56.5,2803,4095,0,625,0,0,0
32.4,56.5,2816,4095,0,634,0,0,0
32.4,56.5,2830,4095,0,635,0,0,0
32.4,56.5,2799,4095,0,630,0,0,0
32.4,56.5,2791,4095,0,636,0,0,0
32.4,56.5,2784,4095,0,635,0,0,0
32.4,56.5,2825,4095,0,629,0,0,0
32.4,56.5,2829,4095,0,626,0,0,0
32.4,56.5,2795,4095,0,633,0,0,0
32.4,56.5,2815,4095,0,634,0,0,0
32.4,56.5,2791,4095,0,628,0,0,0
32.4,56.5,2815,4095,0,629,0,0,0
32.4,56.5,2832,4095,0,635,0,0,0
32.4,56.5,2813,4095,0,635,0,0,0
32.4,56.5,2806,4095,0,632,0,0,0
32.4,56.5,2787,4095,0,629,0,0,0
32.4,56.5,2819,4095,0,625,0,0,0
32.4,56.5,2800,4095,0,462,0,0,0
32.4,56.5,2779,4095,0,630,0,0,0
32.4,56.5,2800,4095,0,624,0,0,0
32.4,56.5,2790,4095,0,630,0,0,0
32.4,56.5,2781,4095,0,631,0,0,0
32.4,56.5,2807,4095,0,639,0,0,0
32.4,56.5,2820,4095,0,630,0,0,0
32.4,56.5,2794,4095,0,627,0,0,0
32.4,56.5,2806,4095,0,634,0,0,0
32.4,56.5,2786,4095,0,725,0,0,0
32.4,56.5,2775,4095,0,636,0,0,0
32.4,56.5,2827,4095,0,571,0,0,0
32.4,56.5,2827,4095,0,637,0,0,0
32.4,56.5,2805,4095,0,625,0,0,0
32.4,56.5,2786,4095,0,613,0,0,0
32.4,56.5,2817,4095,0,631,0,0,0
32.4,56.5,2768,4095,0,629,0,0,0
32.4,56.5,2832,4095,0,626,0,0,0
32.4,56.5,2806,4095,0,629,0,0,0
32.4,56.5,2793,4095,0,627,0,0,0
32.4,56.5,2790,4095,0,673,0,0,0
32.4,56.5,2805,4095,0,635,0,0,0
32.4,56.5,2832,4095,0,623,0,0,0
32.4,56.5,2801,4095,0,626,0,0,0
32.4,56.5,2821,4095,0,635,0,0,0
32.4,56.5,2793,4095,0,634,0,0,0
32.4,56.5,2809,4095,0,629,0,0,0
32.4,56.5,2827,4095,0,630,0,0,0
32.4,56.4,2827,4095,0,627,0,0,0
32.4,56.4,2814,4095,0,630,0,0,0
32.4,56.4,2783,4095,0,630,0,0,0
32.4,56.4,2799,4095,0,634,0,0,0
32.4,56.5,2781,4095,0,626,0,0,0
32.4,56.5,2806,4095,0,631,0,0,0
32.4,56.5,2807,4095,0,631,0,0,0
32.4,56.5,2775,4095,0,629,0,0,0
32.4,56.4,2797,4095,0,629,0,0,0
32.4,56.4,2781,4095,0,635,0,0,0
32.4,56.4,2805,4095,0,627,0,0,0
32.4,56.4,2813,4095,0,626,0,0,0
32.4,56.4,2813,4095,0,631,0,0,0
32.4,56.4,2800,4095,0,630,0,0,0
32.4,56.4,2768,4095,0,629,0,0,0
32.4,56.4,2795,4095,0,624,0,0,0
32.4,56.5,2778,4095,0,635,0,0,0
32.4,56.5,2810,4095,0,629,0,0,0
32.4,56.5,2797,4095,0,625,0,0,0
32.4,56.5,2768,4095,0,627,0,0,0
32.4,56.4,2778,4095,0,629,0,0,0
32.4,56.4,2778,4095,0,629,0,0,0
32.4,56.4,2800,4095,0,624,0,0,0
32.4,56.4,2811,4095,0,635,0,0,0
32.4,56.5,2818,4095,0,624,0,0,0
32.4,56.5,2773,4095,0,633,0,0,0
32.4,56.5,2779,4095,0,625,0,0,0
32.4,56.5,2809,4095,0,624,0,0,0
32.4,56.4,2793,4095,0,631,0,0,0
32.4,56.4,2822,4095,0,624,0,0,0
32.4,56.4,2802,4095,0,627,0,0,0
32.4,56.4,2775,4095,0,630,0,0,0
32.4,56.4,2782,4095,0,630,0,0,0
32.4,56.4,2781,4095,0,630,0,0,0
32.4,56.4,2809,4095,0,627,0,0,0
32.4,56.4,2800,4095,0,624,0,0,0
32.4,56.4,2811,4095,0,631,0,0,0
32.4,56.4,2789,4095,0,629,0,0,0
32.4,56.4,2778,4095,0,636,0,0,0
32.4,56.4,2809,4095,0,624,0,0,0
32.4,56.4,2798,4095,0,634,0,0,0
32.4,56.4,2816,4095,0,682,0,0,0
32.4,56.4,2785,4095,0,627,0,0,0
32.4,56.4,2766,4095,0,625,0,0,0
32.4,56.5,2767,4095,0,625,0,0,0
32.4,56.5,2758,4095,0,630,0,0,0
32.4,56.5,2767,4095,0,624,0,0,0
32.4,56.5,2735,4095,0,629,0,0,0
32.4,56.4,2737,4095,0,627,0,0,0
32.4,56.4,2677,4095,0,627,0,0,0
32.4,56.4,2635,4095,0,631,0,0,0
32.4,56.4,2634,4095,0,630,0,0,0
32.4,56.3,2599,4095,0,626,0,0,0
32.4,56.3,2624,4095,0,627,0,0,0
32.4,56.3,2592,4095,0,631,0,0,0
32.4,56.3,2606,4095,0,627,0,0,0
32.4,56.3,2619,4095,0,626,0,0,0
32.4,56.3,2672,4095,0,630,0,0,0
32.4,56.3,2722,4095,0,624,0,0,0
32.4,56.3,2703,4095,0,625,0,0,0
32.4,56.4,2732,4095,0,635,0,0,0
32.4,56.4,2702,4095,0,624,0,0,0
32.4,56.4,2735,4095,0,624,0,0,0
32.4,56.4,2754,4095,0,622,0,0,0
32.4,56.3,2702,4095,0,633,0,0,0
32.4,56.3,2635,4095,0,635,0,0,0
32.4,56.3,2555,4095,0,625,0,0,0
32.4,56.3,2582,4095,0,627,0,0,0
32.4,56.4,2538,4095,0,630,0,0,0
32.4,56.4,2578,4095,0,628,0,0,0
32.4,56.4,2559,4095,0,629,0,0,0
32.4,56.4,2501,4095,0,625,0,0,0
32.4,56.4,2535,4095,0,630,0,0,0
32.4,56.4,2496,4095,0,624,0,0,0
32.4,56.4,2539,4095,0,624,0,0,0
32.4,56.4,2528,4095,0,624,0,0,0
32.4,56.4,2534,4095,0,631,0,0,0
32.4,56.4,2481,4095,0,624,0,0,0
32.4,56.4,2480,4095,0,625,0,0,0
32.4,56.4,2522,4095,0,624,0,0,0
32.4,56.4,2496,4095,0,628,0,0,0
32.4,56.4,2531,4095,0,630,0,0,0
32.4,56.4,2480,4095,0,635,0,0,0
32.4,56.4,2464,4095,0,624,0,0,0
32.4,56.4,2457,4095,0,615,0,0,0
32.4,56.4,2493,4095,0,625,0,0,0
32.4,56.4,2534,4095,0,634,0,0,0
32.4,56.4,2487,4095,0,636,0,0,0
32.4,56.4,2512,4095,0,629,0,0,0
32.4,56.4,2464,4095,0,627,0,0,0
32.4,56.4,2501,4095,0,624,0,0,0
32.4,56.4,2543,4095,0,622,0,0,0
32.4,56.3,2532,4095,0,625,0,0,0
32.4,56.3,2528,4095,0,631,0,0,0
32.4,56.3,2480,4095,0,627,0,0,0
32.4,56.3,2517,4095,0,629,0,0,0
32.4,56.3,2506,4095,0,626,0,0,0
32.4,56.3,2547,4095,0,637,0,0,0
32.4,56.3,2544,4095,0,623,0,0,0
32.4,56.3,2496,4095,0,629,0,0,0
32.4,56.3,2531,4095,0,626,0,0,0
32.4,56.3,2541,4095,0,629,0,0,0
32.4,56.3,2623,4095,0,624,0,0,0
32.4,56.3,2649,4095,0,627,0,0,0
32.4,56.3,2650,4095,0,624,0,0,0
32.4,56.3,2593,4095,0,624,0,0,0
32.4,56.3,2550,4095,0,624,0,0,0
32.4,56.3,2605,4095,0,627,0,0,0
32.4,56.3,2600,4095,0,625,0,0,0
32.4,56.3,2661,4095,0,625,0,0,0
32.4,56.3,2661,4095,0,626,0,0,0
32.4,56.3,2690,4095,0,626,0,0,0
32.4,56.3,2727,4095,0,624,0,0,0
32.4,56.3,2758,4095,0,625,0,0,0
32.4,56.3,2791,4095,0,630,0,0,0
32.4,56.3,2768,4095,0,626,0,0,0
32.4,56.3,2772,4095,0,624,0,0,0
32.4,56.3,2681,4095,0,624,0,0,0
32.4,56.3,2653,4095,0,624,0,0,0
32.4,56.3,2661,4095,0,627,0,0,0
32.4,56.3,2609,4095,0,624,0,0,0
32.4,56.3,2559,4095,0,624,0,0,0
32.4,56.3,2493,4095,0,626,0,0,0
32.4,56.3,2497,4095,0,626,0,0,0
32.4,56.3,2471,4095,0,635,0,0,0
32.4,56.3,2515,4095,0,626,0,0,0
32.4,56.3,2509,4095,0,624,0,0,0
32.4,56.3,2450,4095,0,634,0,0,0
32.4,56.3,2474,4095,0,710,0,0,0
32.4,56.3,2451,4095,0,630,0,0,0
32.4,56.3,2501,4095,0,627,0,0,0
32.4,56.3,2498,4095,0,627,0,0,0
32.4,56.3,2511,4095,0,624,0,0,0
32.4,56.3,2463,4095,0,624,0,0,0
32.4,56.3,2448,4095,0,681,0,0,0
32.4,56.3,2495,4095,0,626,0,0,0
32.4,56.4,2473,4095,0,625,0,0,0
32.4,56.4,2507,4095,0,622,0,0,0
32.4,56.4,2454,4095,0,624,0,0,0
32.4,56.4,2441,4095,0,625,0,0,0
32.4,56.3,2425,4095,0,624,0,0,0
32.4,56.3,2461,4095,0,624,0,0,0
32.4,56.3,2496,4095,0,624,0,0,0
32.4,56.3,2442,4095,0,622,0,0,0
32.4,56.3,2467,4095,0,624,0,0,0
32.4,56.3,2431,4095,0,621,0,0,0
32.4,56.3,2478,4095,0,625,0,0,0
32.4,56.3,2481,4095,0,626,0,0,0
32.4,56.3,2478,4095,0,624,0,0,0
32.4,56.3,2431,4095,0,624,0,0,0
32.4,56.3,2427,4095,0,618,0,0,0
32.4,56.3,2483,4095,0,624,0,0,0
32.4,56.4,2464,4095,0,624,0,0,0
32.4,56.4,2493,4095,0,624,0,0,0
32.4,56.4,2432,4095,0,624,0,0,0
32.4,56.4,2447,4095,0,639,0,0,0
32.4,56.4,2426,4095,0,626,0,0,0
32.4,56.4,2481,4095,0,623,0,0,0
32.4,56.4,2474,4095,0,625,0,0,0
32.4,56.4,2416,4095,0,621,0,0,0
32.4,56.4,2421,4095,0,627,0,0,0
32.4,56.4,2432,4095,0,624,0,0,0
32.4,56.4,2482,4095,0,617,0,0,0
32.4,56.4,2442,4095,0,625,0,0,0
32.4,56.4,2467,4095,0,625,0,0,0
32.4,56.4,2416,4095,0,634,0,0,0
32.4,56.4,2453,4095,0,631,0,0,0
32.4,56.4,2473,4095,0,627,0,0,0
32.4,56.4,2480,4095,0,624,0,0,0
32.4,56.4,2433,4095,0,630,0,0,0
32.4,56.4,2426,4095,0,617,0,0,0
32.4,56.4,2485,4095,0,626,0,0,0
32.4,56.4,2464,4095,0,627,0,0,0
32.4,56.4,2479,4095,0,624,0,0,0
32.4,56.4,2417,4095,0,640,0,0,0
32.4,56.4,2457,4095,0,620,0,0,0
32.4,56.4,2437,4095,0,626,0,0,0
32.4,56.4,2494,4095,0,622,0,0,0
32.4,56.4,2448,4095,0,628,0,0,0
32.4,56.4,2422,4095,0,633,0,0,0
32.4,56.5,2417,4095,0,624,0,0,0
32.4,56.5,2461,4095,0,624,0,0,0
32.4,56.5,2491,4095,0,624,0,0,0
32.4,56.5,2427,4095,0,625,0,0,0
32.4,56.5,2454,4095,0,624,0,0,0
32.4,56.5,2426,4095,0,627,0,0,0
32.4,56.5,2480,4095,0,623,0,0,0
32.4,56.5,2465,4095,0,624,0,0,0
32.4,56.5,2480,4095,0,626,0,0,0
32.4,56.5,2417,4095,0,623,0,0,0
32.4,56.5,2445,4095,0,624,0,0,0
32.4,56.5,2495,4095,0,605,0,0,0
32.4,56.5,2480,4095,0,630,0,0,0
32.4,56.5,2471,4095,0,623,0,0,0
32.4,56.5,2416,4095,0,628,0,0,0
32.4,56.5,2452,4095,0,623,0,0,0
32.4,56.5,2426,4095,0,629,0,0,0
32.4,56.5,2455,4095,0,622,0,0,0
32.4,56.5,2442,4095,0,624,0,0,0
32.4,56.5,2414,4095,0,625,0,0,0
32.4,56.5,2407,4095,0,624,0,0,0
32.4,56.5,2441,4095,0,624,0,0,0
32.4,56.5,2479,4095,0,624,0,0,0
32.4,56.5,2422,4095,0,629,0,0,0
32.4,56.6,2444,4095,0,631,0,0,0
32.4,56.6,2401,4095,0,622,0,0,0
32.4,56.6,2446,4095,0,624,0,0,0
32.4,56.6,2480,4095,0,624,0,0,0
32.3,56.8,2479,4095,0,621,0,0,0
32.3,56.8,2449,4095,0,624,0,0,0
32.3,56.8,2403,4095,0,624,0,0,0
32.3,56.8,2447,4095,0,624,0,0,0
32.4,56.8,2426,4095,0,626,0,0,0
32.4,56.8,2479,4095,0,624,0,0,0
32.4,56.8,2439,4095,0,624,0,0,0
32.4,56.8,2405,4095,0,625,0,0,0
32.4,56.9,2406,4095,0,628,0,0,0
32.4,56.9,2431,4095,0,627,0,0,0
32.4,56.9,2479,4095,0,625,0,0,0
32.4,56.9,2430,4095,0,624,0,0,0
32.4,56.9,2461,4095,0,624,0,0,0
32.4,56.9,2405,4095,0,624,0,0,0
32.4,56.9,2448,4095,0,622,0,0,0
32.4,56.9,2480,4095,0,626,0,0,0
32.4,57.0,2479,4095,0,630,0,0,0
32.4,57.0,2445,4095,0,752,0,0,0
32.4,57.0,2406,4095,0,624,0,0,0
32.4,57.0,2454,4095,0,629,0,0,0
32.4,57.1,2433,4095,0,627,0,0,0
32.4,57.1,2479,4095,0,623,0,0,0
32.4,57.1,2429,4095,0,624,0,0,0
32.4,57.1,2419,4095,0,624,0,0,0
32.4,57.2,2410,4095,0,633,0,0,0
32.4,57.2,2455,4095,0,626,0,0,0
32.4,57.2,2469,4095,0,627,0,0,0
32.4,57.2,2414,4095,0,624,0,0,0
32.4,57.1,2433,4095,0,633,0,0,0
32.4,57.1,2423,4095,0,630,0,0,0
32.4,57.1,2480,4095,0,624,0,0,0
32.4,57.1,2445,4095,0,630,0,0,0
32.4,57.0,2464,4095,0,635,0,0,0
32.4,57.0,2415,4095,0,628,0,0,0
32.4,57.0,2459,4095,0,627,0,0,0
32.4,57.0,2470,4095,0,627,0,0,0
32.4,56.9,2481,4095,0,627,0,0,0
32.4,56.9,2419,4095,0,624,0,0,0
32.4,56.9,2437,4095,0,624,0,0,0
32.4,56.9,2491,4095,0,625,0,0,0
32.4,57.0,2480,4095,0,626,0,0,0
32.4,57.0,2448,4095,0,628,0,0,0
32.4,57.0,2419,4095,0,624,0,0,0
32.4,57.0,2484,4095,0,621,0,0,0
32.4,57.0,2469,4095,0,624,0,0,0
32.4,57.0,2475,4095,0,624,0,0,0
32.4,57.0,2429,4095,0,633,0,0,0
32.4,57.0,2480,4095,0,628,0,0,0
32.4,56.9,2461,4095,0,621,0,0,0
32.4,56.9,2480,4095,0,567,0,0,0
32.4,56.9,2419,4095,0,624,0,0,0
32.4,56.9,2467,4095,0,624,0,0,0
32.4,56.8,2451,4095,0,624,0,0,0
32.4,56.8,2494,4095,0,623,0,0,0
32.4,56.8,2435,4095,0,626,0,0,0
32.4,56.8,2463,4095,0,624,0,0,0
32.3,56.7,2449,4095,0,624,0,0,0
32.3,56.7,2506,4095,0,624,0,0,0
32.3,56.7,2451,4095,0,624,0,0,0
32.3,56.7,2462,4095,0,809,0,0,0
32.3,56.6,2451,4095,0,627,0,0,0
32.3,56.6,2516,4095,0,624,0,0,0
32.3,56.6,2477,4095,0,624,0,0,0
32.3,56.6,2423,4095,0,624,0,0,0
32.4,56.5,2477,4095,0,635,0,0,0
32.4,56.5,2538,4095,0,624,0,0,0
32.4,56.5,2491,4095,0,626,0,0,0
32.4,56.5,2522,4095,0,629,0,0,0
32.4,56.5,2512,4095,0,624,0,0,0
32.4,56.5,2544,4095,0,627,0,0,0
32.4,56.5,2481,4095,0,624,0,0,0
32.4,56.5,2526,4095,0,626,0,0,0
32.4,56.5,2528,4095,0,627,0,0,0
32.4,56.5,2543,4095,0,626,0,0,0
32.4,56.5,2499,4095,0,626,0,0,0
32.4,56.5,2559,4095,0,628,0,0,0
32.3,56.6,2559,4095,0,625,0,0,0
32.3,56.6,2550,4095,0,625,0,0,0
32.3,56.6,2544,4095,0,629,0,0,0
32.3,56.6,2589,4095,0,626,0,0,0
32.3,56.6,2559,4095,0,627,0,0,0
32.3,56.6,2514,4095,0,624,0,0,0
32.3,56.6,2531,4095,0,624,0,0,0
32.3,56.6,2549,4095,0,623,0,0,0
32.3,56.6,2547,4095,0,624,0,0,0
32.3,56.6,2497,4095,0,627,0,0,0
32.3,56.6,2540,4095,0,629,0,0,0
32.3,56.6,2559,4095,0,625,0,0,0
32.3,56.6,2589,4095,0,629,0,0,0
32.3,56.6,2541,4095,0,607,0,0,0
32.3,56.6,2602,4095,0,625,0,0,0
32.3,56.6,2603,4095,0,629,0,0,0
32.4,56.6,2608,4095,0,624,0,0,0
32.4,56.6,2555,4095,0,621,0,0,0
32.4,56.6,2613,4095,0,624,0,0,0
32.4,56.6,2609,4095,0,623,0,0,0
32.3,56.6,2638,4095,0,631,0,0,0
32.3,56.6,2630,4095,0,624,0,0,0
32.3,56.6,2683,4095,0,625,0,0,0
32.3,56.6,2673,4095,0,624,0,0,0
32.3,56.7,2700,4095,0,630,0,0,0
32.3,56.7,2701,4095,0,624,0,0,0
32.3,56.7,2758,4095,0,626,0,0,0
32.3,56.7,2750,4095,0,625,0,0,0
32.4,56.7,2762,4095,0,626,0,0,0
32.4,56.7,2742,4095,0,624,0,0,0
32.4,56.7,2779,4095,0,624,0,0,0
32.4,56.7,2767,4095,0,624,0,0,0
32.3,56.7,2769,4095,0,624,0,0,0
32.3,56.7,2750,4095,0,611,0,0,0
32.3,56.7,2789,4095,0,624,0,0,0
32.3,56.7,2800,4095,0,630,0,0,0
32.4,56.7,2797,4095,0,701,0,0,0
32.4,56.7,2755,4095,0,630,0,0,0
32.4,56.7,2785,4095,0,623,0,0,0
32.4,56.7,2787,4095,0,624,0,0,0
32.3,56.7,2794,4095,0,626,0,0,0
32.3,56.7,2759,4095,0,624,0,0,0
32.3,56.7,2798,4095,0,608,0,0,0
32.3,56.7,2817,4095,0,625,0,0,0
32.3,56.7,2818,4095,0,624,0,0,0
32.3,56.7,2782,4095,0,619,0,0,0
32.3,56.7,2800,4095,0,624,0,0,0
32.3,56.7,2823,4095,0,624,0,0,0
32.3,56.7,2829,4095,0,625,0,0,0
32.3,56.7,2799,4095,0,624,0,0,0
32.3,56.7,2810,4095,0,625,0,0,0
32.3,56.7,2838,4095,0,623,0,0,0
32.3,56.7,2837,4095,0,624,0,0,0
32.3,56.7,2812,4095,0,624,0,0,0
32.3,56.7,2800,4095,0,627,0,0,0
32.3,56.7,2815,4095,0,624,0,0,0
32.3,56.8,2813,4095,0,625,0,0,0
32.3,56.8,2803,4095,0,624,0,0,0
32.3,56.8,2805,4095,0,624,0,0,0
32.3,56.8,2841,4095,0,624,0,0,0
32.3,56.7,2832,4095,0,629,0,0,0
32.3,56.7,2785,4095,0,627,0,0,0
32.3,56.7,2731,4095,0,624,0,0,0
32.3,56.7,2798,4095,0,624,0,0,0
32.3,56.8,2819,4095,0,617,0,0,0
32.3,56.8,2830,4095,0,625,0,0,0
32.3,56.8,2804,4095,0,630,0,0,0
32.3,56.8,2829,4095,0,624,0,0,0
32.3,56.8,2784,4095,0,624,0,0,0
32.3,56.8,2783,4095,0,622,0,0,0
32.3,56.8,2785,4095,0,625,0,0,0
32.3,56.8,2825,4095,0,621,0,0,0
32.3,56.8,2823,4095,0,623,0,0,0
32.3,56.8,2847,4095,0,621,0,0,0
32.3,56.8,2799,4095,0,626,0,0,0
32.3,56.8,2796,4095,0,622,0,0,0
32.3,56.8,2791,4095,0,624,0,0,0
32.3,56.8,2835,4095,0,626,0,0,0
32.3,56.8,2814,4095,0,624,0,0,0
32.3,56.8,2817,4095,0,622,0,0,0
32.3,56.8,2814,4095,0,622,0,0,0
32.3,56.8,2839,4095,0,620,0,0,0
32.3,56.8,2821,4095,0,624,0,0,0
32.3,56.8,2806,4095,0,623,0,0,0
32.3,56.8,2800,4095,0,622,0,0,0
32.3,56.8,2832,4095,0,621,0,0,0
32.3,56.8,2821,4095,0,624,0,0,0
32.3,56.8,2800,4095,0,624,0,0,0
32.3,56.8,2800,4095,0,625,0,0,0
32.3,56.8,2829,4095,0,624,0,0,0
32.3,56.8,2832,4095,0,624,0,0,0
32.3,56.8,2800,4095,0,624,0,0,0
32.3,56.8,2803,4095,0,624,0,0,0
32.3,56.8,2816,4095,0,624,0,0,0
32.3,56.8,2838,4095,0,624,0,0,0
32.3,56.8,2799,4095,0,622,0,0,0
32.3,56.8,2815,4095,0,624,0,0,0
32.3,56.8,2815,4095,0,627,0,0,0
32.3,56.8,2842,4095,0,624,0,0,0
32.3,56.8,2817,4095,0,611,0,0,0
32.3,56.8,2825,4095,0,626,0,0,0
32.3,56.8,2804,4095,0,624,0,0,0
32.3,56.8,2841,4095,0,626,0,0,0
32.3,56.8,2827,4095,0,621,0,0,0
32.3,56.8,2832,4095,0,627,0,0,0
32.3,56.8,2810,4095,0,627,0,0,0
32.3,56.8,2835,4095,0,625,0,0,0
32.3,56.8,2833,4095,0,624,0,0,0
32.3,56.8,2842,4095,0,624,0,0,0
32.3,56.8,2815,4095,0,620,0,0,0
32.3,56.8,2832,4095,0,622,0,0,0
32.3,56.8,2847,4095,0,624,0,0,0
32.3,56.8,2847,4095,0,624,0,0,0
32.3,56.8,2815,4095,0,623,0,0,0
32.3,56.8,2827,4095,0,623,0,0,0
32.3,56.8,2849,4095,0,625,0,0,0
32.3,56.8,2851,4095,0,623,0,0,0
32.3,56.8,2821,4095,0,627,0,0,0
32.3,56.8,2832,4095,0,620,0,0,0
32.3,56.8,2851,4095,0,594,0,0,0
32.3,56.9,2848,4095,0,627,0,0,0
32.3,56.9,2832,4095,0,620,0,0,0
32.3,56.9,2823,4095,0,624,0,0,0
32.3,56.9,2855,4095,0,623,0,0,0
32.3,56.9,2849,4095,0,624,0,0,0
32.3,56.9,2833,4095,0,626,0,0,0
32.3,56.9,2822,4095,0,624,0,0,0
32.3,56.9,2850,4095,0,627,0,0,0
32.3,56.9,2842,4095,0,610,0,0,0
32.3,56.9,2839,4095,0,622,0,0,0
32.3,56.9,2816,4095,0,623,0,0,0
32.3,56.9,2843,4095,0,623,0,0,0
32.3,56.9,2838,4095,0,622,0,0,0
32.3,56.9,2846,4095,0,623,0,0,0
32.3,56.9,2813,4095,0,608,0,0,0
32.3,56.9,2847,4095,0,656,0,0,0
32.3,56.9,2836,4095,0,622,0,0,0
32.3,56.9,2853,4095,0,627,0,0,0
32.3,56.9,2810,4095,0,624,0,0,0
32.3,56.9,2838,4095,0,624,0,0,0
32.2,56.9,2823,4095,0,624,0,0,0
32.2,56.9,2848,4095,0,624,0,0,0
32.2,56.9,2813,4095,0,624,0,0,0
32.2,56.9,2820,4095,0,620,0,0,0
32.3,56.9,2814,4095,0,623,0,0,0
32.3,56.9,2837,4095,0,627,0,0,0
32.3,56.9,2815,4095,0,621,0,0,0
32.3,56.9,2811,4095,0,635,0,0,0
32.2,56.8,2801,4095,0,619,0,0,0
32.2,56.8,2833,4095,0,621,0,0,0
32.2,56.8,2825,4095,0,624,0,0,0
32.2,56.8,2801,4095,0,620,0,0,0
32.2,56.8,2800,4095,0,629,0,0,0
32.2,56.8,2832,4095,0,622,0,0,0
32.2,56.8,2832,4095,0,624,0,0,0
32.2,56.8,2816,4095,0,624,0,0,0
32.2,56.8,2806,4095,0,624,0,0,0
32.2,56.8,2825,4095,0,633,0,0,0
32.2,56.8,2844,4095,0,624,0,0,0
32.2,56.8,2815,4095,0,620,0,0,0
32.2,56.8,2820,4095,0,629,0,0,0
32.2,56.8,2821,4095,0,626,0,0,0
32.2,56.8,2849,4095,0,622,0,0,0
32.2,56.8,2820,4095,0,613,0,0,0
32.2,56.8,2830,4095,0,576,0,0,0
32.2,56.8,2816,4095,0,622,0,0,0
32.2,56.8,2848,4095,0,625,0,0,0
32.2,56.8,2830,4095,0,623,0,0,0
32.3,56.8,2839,4095,0,625,0,0,0
32.3,56.8,2811,4095,0,623,0,0,0
32.3,56.8,2832,4095,0,623,0,0,0
32.3,56.8,2839,4095,0,625,0,0,0
32.2,56.8,2838,4095,0,627,0,0,0
32.2,56.8,2797,4095,0,625,0,0,0
32.2,56.8,2823,4095,0,624,0,0,0
32.2,56.8,2838,4095,0,623,0,0,0
32.2,56.8,2841,4095,0,627,0,0,0
32.2,56.8,2811,4095,0,640,0,0,0
32.2,56.8,2818,4095,0,625,0,0,0
32.2,56.8,2843,4095,0,624,0,0,0
32.2,56.8,2837,4095,0,625,0,0,0
32.2,56.8,2813,4095,0,624,0,0,0
32.2,56.8,2806,4095,0,624,0,0,0
32.2,56.8,2834,4095,0,528,0,0,0
32.2,56.7,2835,4095,0,621,0,0,0
32.2,56.7,2822,4095,0,624,0,0,0
32.2,56.7,2815,4095,0,625,0,0,0
32.2,56.7,2842,4095,0,617,0,0,0
32.2,56.6,2832,4095,0,624,0,0,0
32.2,56.6,2823,4095,0,605,0,0,0
32.2,56.6,2798,4095,0,624,0,0,0
32.2,56.6,2830,4095,0,624,0,0,0
32.2,56.6,2820,4095,0,623,0,0,0
32.2,56.6,2834,4095,0,621,0,0,0
32.2,56.6,2803,4095,0,626,0,0,0
32.2,56.6,2830,4095,0,625,0,0,0
32.2,56.7,2818,4095,0,624,0,0,0
32.2,56.7,2846,4095,0,624,0,0,0
32.2,56.7,2808,4095,0,626,0,0,0
32.2,56.7,2822,4095,0,688,0,0,0
32.2,56.7,2813,4095,0,624,0,0,0
32.2,56.7,2845,4095,0,622,0,0,0
32.2,56.7,2809,4095,0,624,0,0,0
32.2,56.7,2815,4095,0,621,0,0,0
32.2,56.7,2809,4095,0,621,0,0,0
32.2,56.7,2834,4095,0,624,0,0,0
32.2,56.7,2804,4095,0,611,0,0,0
32.2,56.7,2807,4095,0,624,0,0,0
32.2,56.7,2800,4095,0,627,0,0,0
32.2,56.7,2834,4095,0,615,0,0,0
32.2,56.7,2800,4095,0,622,0,0,0
32.2,56.7,2800,4095,0,622,0,0,0
32.2,56.7,2797,4095,0,619,0,0,0
32.2,56.7,2830,4095,0,624,0,0,0
32.2,56.7,2799,4095,0,620,0,0,0
32.2,56.7,2796,4095,0,621,0,0,0
32.2,56.7,2794,4095,0,622,0,0,0
32.2,56.7,2828,4095,0,624,0,0,0
32.2,56.7,2801,4095,0,621,0,0,0
32.2,56.7,2811,4095,0,619,0,0,0
32.2,56.7,2809,4095,0,624,0,0,0
32.2,56.7,2839,4095,0,629,0,0,0
32.2,56.7,2809,4095,0,622,0,0,0
32.2,56.7,2821,4095,0,638,0,0,0
32.2,56.7,2815,4095,0,621,0,0,0
32.2,56.7,2847,4095,0,624,0,0,0
32.2,56.7,2817,4095,0,623,0,0,0
32.2,56.7,2833,4095,0,681,0,0,0
32.2,56.7,2832,4095,0,624,0,0,0
32.2,56.7,2854,4095,0,619,0,0,0
32.2,56.7,2817,4095,0,619,0,0,0
32.2,56.7,2839,4095,0,617,0,0,0
32.2,56.8,2834,4095,0,621,0,0,0
32.2,56.8,2855,4095,0,623,0,0,0
32.2,56.8,2819,4095,0,615,0,0,0
32.2,56.8,2850,4095,0,617,0,0,0
32.2,56.7,2843,4095,0,625,0,0,0
32.2,56.7,2849,4095,0,617,0,0,0
32.2,56.7,2815,4095,0,622,0,0,0
32.2,56.7,2846,4095,0,624,0,0,0
32.2,56.8,2833,4095,0,619,0,0,0
32.2,56.8,2851,4095,0,623,0,0,0
32.2,56.8,2816,4095,0,686,0,0,0
32.2,56.8,2849,4095,0,622,0,0,0
32.2,56.8,2833,4095,0,619,0,0,0
32.2,56.8,2832,4095,0,622,0,0,0
32.2,56.8,2806,4095,0,617,0,0,0
32.2,56.8,2844,4095,0,621,0,0,0
32.2,56.8,2833,4095,0,624,0,0,0
32.2,56.8,2847,4095,0,624,0,0,0
32.2,56.8,2819,4095,0,605,0,0,0
32.2,56.8,2832,4095,0,621,0,0,0
32.2,56.8,2832,4095,0,623,0,0,0
32.2,56.8,2838,4095,0,621,0,0,0
32.2,56.8,2873,4095,0,624,0,0,0
32.2,56.8,2839,4095,0,624,0,0,0
32.2,56.8,2837,4095,0,626,0,0,0
32.2,56.8,2853,4095,0,624,0,0,0
32.2,56.8,2818,4095,0,656,0,0,0
32.2,56.8,2876,4095,0,618,0,0,0
32.2,56.8,2827,4095,0,624,0,0,0
32.2,56.8,2848,4095,0,621,0,0,0
32.2,56.8,2817,4095,0,619,0,0,0
32.2,56.8,2832,4095,0,620,0,0,0
32.2,56.8,2837,4095,0,620,0,0,0
32.2,56.8,2862,4095,0,624,0,0,0
32.2,56.8,2833,4095,0,621,0,0,0
32.2,56.8,2832,4095,0,617,0,0,0
32.2,56.8,2823,4095,0,624,0,0,0
32.2,56.8,2859,4095,0,638,0,0,0
32.2,56.8,2839,4095,0,618,0,0,0
32.2,56.8,2833,4095,0,617,0,0,0
32.2,56.8,2827,4095,0,622,0,0,0
32.2,56.8,2855,4095,0,619,0,0,0
32.2,56.8,2849,4095,0,624,0,0,0
32.2,56.8,2819,4095,0,621,0,0,0
32.2,56.8,2820,4095,0,622,0,0,0
32.2,56.8,2847,4095,0,623,0,0,0
32.2,56.8,2846,4095,0,624,0,0,0
32.2,56.8,2827,4095,0,618,0,0,0
32.2,56.7,2823,4095,0,619,0,0,0
32.2,56.7,2843,4095,0,624,0,0,0
32.2,56.7,2853,4095,0,618,0,0,0
32.2,56.7,2816,4095,0,622,0,0,0
32.1,56.8,2821,4095,0,626,0,0,0
32.1,56.8,2837,4095,0,623,0,0,0
32.1,56.8,2857,4095,0,622,0,0,0
32.1,56.8,2819,4095,0,613,0,0,0
32.2,56.8,2828,4095,0,623,0,0,0
32.2,56.8,2832,4095,0,605,0,0,0
32.2,56.8,2855,4095,0,621,0,0,0
32.2,56.8,2821,4095,0,621,0,0,0
32.2,56.8,2816,4095,0,624,0,0,0
32.2,56.8,2800,4095,0,624,0,0,0
32.2,56.8,2814,4095,0,623,0,0,0
32.2,56.8,2768,4095,0,620,0,0,0
32.1,56.8,2754,4095,0,620,0,0,0
32.1,56.8,2706,4095,0,622,0,0,0
32.1,56.8,2707,4095,0,617,0,0,0
32.1,56.8,2646,4095,0,619,0,0,0
32.2,56.7,2614,4095,0,624,0,0,0
32.2,56.7,2546,4095,0,627,0,0,0
32.2,56.7,2597,4095,0,624,0,0,0
32.2,56.7,2627,4095,0,624,0,0,0
32.2,56.8,2657,4095,0,619,0,0,0
32.2,56.8,2630,4095,0,617,0,0,0
32.2,56.8,2674,4095,0,615,0,0,0
32.2,56.8,2704,4095,0,621,0,0,0
32.1,56.8,2707,4095,0,625,0,0,0
32.1,56.8,2689,4095,0,622,0,0,0
32.1,56.8,2726,4095,0,622,0,0,0
32.1,56.8,2784,4095,0,622,0,0,0
32.2,56.8,2774,4095,0,622,0,0,0
32.2,56.8,2731,4095,0,547,0,0,0
32.2,56.8,2672,4095,0,622,0,0,0
32.2,56.8,2672,4095,0,621,0,0,0
32.1,56.8,2638,4095,0,619,0,0,0
32.1,56.8,2613,4095,0,624,0,0,0
32.1,56.8,2559,4095,0,624,0,0,0
32.1,56.8,2615,4095,0,619,0,0,0
32.2,56.8,2611,4095,0,623,0,0,0
32.2,56.8,2635,4095,0,638,0,0,0
32.2,56.8,2596,4095,0,622,0,0,0
32.2,56.8,2625,4095,0,619,0,0,0
32.1,56.8,2608,4095,0,624,0,0,0
32.1,56.8,2649,4095,0,624,0,0,0
32.1,56.8,2629,4095,0,624,0,0,0
32.1,56.8,2667,4095,0,619,0,0,0
32.1,56.8,2667,4095,0,621,0,0,0
32.1,56.8,2709,4095,0,624,0,0,0
32.1,56.8,2674,4095,0,621,0,0,0
32.1,56.8,2667,4095,0,615,0,0,0
32.1,56.8,2655,4095,0,624,0,0,0
32.1,56.8,2689,4095,0,622,0,0,0
32.1,56.8,2649,4095,0,619,0,0,0
32.1,56.8,2594,4095,0,624,0,0,0
32.1,56.8,2539,4095,0,701,0,0,0
32.1,56.8,2546,4095,0,622,0,0,0
32.1,56.8,2549,4095,0,623,0,0,0
32.1,56.8,2496,4095,0,623,0,0,0
32.1,56.8,2497,4095,0,626,0,0,0
32.1,56.8,2515,4095,0,619,0,0,0
32.1,56.8,2545,4095,0,631,0,0,0
32.1,56.8,2485,4095,0,624,0,0,0
32.1,56.8,2495,4095,0,619,0,0,0
32.1,56.8,2495,4095,0,622,0,0,0
32.1,56.8,2543,4095,0,619,0,0,0
32.1,56.8,2493,4095,0,624,0,0,0
32.1,56.8,2510,4095,0,625,0,0,0
32.1,56.8,2482,4095,0,622,0,0,0
32.1,56.8,2535,4095,0,624,0,0,0
32.1,56.8,2515,4095,0,622,0,0,0
32.1,56.8,2541,4095,0,624,0,0,0
32.1,56.8,2496,4095,0,621,0,0,0
32.1,56.8,2535,4095,0,624,0,0,0
32.1,56.8,2544,4095,0,624,0,0,0
32.1,56.7,2547,4095,0,624,0,0,0
32.1,56.7,2497,4095,0,619,0,0,0
32.1,56.7,2527,4095,0,624,0,0,0
32.1,56.7,2559,4095,0,624,0,0,0
32.1,56.8,2553,4095,0,623,0,0,0
32.1,56.8,2502,4095,0,624,0,0,0
32.1,56.8,2483,4095,0,618,0,0,0
32.1,56.8,2534,4095,0,624,0,0,0
32.1,56.8,2515,4095,0,625,0,0,0
32.1,56.8,2502,4095,0,622,0,0,0
32.1,56.8,2464,4095,0,624,0,0,0
32.1,56.8,2512,4095,0,624,0,0,0
32.1,56.7,2498,4095,0,624,0,0,0
32.1,56.7,2510,4095,0,617,0,0,0
32.1,56.7,2453,4095,0,625,0,0,0
32.1,56.7,2499,4095,0,624,0,0,0
32.1,56.8,2482,4095,0,624,0,0,0
32.1,56.8,2517,4095,0,624,0,0,0
32.1,56.8,2454,4095,0,620,0,0,0
32.1,56.8,2481,4095,0,625,0,0,0
32.1,56.9,2469,4095,0,626,0,0,0
32.1,56.9,2517,4095,0,624,0,0,0
32.1,56.9,2474,4095,0,626,0,0,0
32.1,56.9,2466,4095,0,618,0,0,0
32.1,56.9,2453,4095,0,733,0,0,0
32.1,56.9,2510,4095,0,624,0,0,0
32.1,56.9,2487,4095,0,621,0,0,0
32.1,56.9,2451,4095,0,624,0,0,0
32.1,56.9,2448,4095,0,624,0,0,0
32.1,56.9,2491,4095,0,624,0,0,0
32.1,56.9,2501,4095,0,624,0,0,0
32.1,56.9,2447,4095,0,626,0,0,0
32.1,56.8,2449,4095,0,625,0,0,0
32.1,56.8,2474,4095,0,621,0,0,0
32.1,56.8,2511,4095,0,629,0,0,0
32.1,56.8,2453,4095,0,624,0,0,0
32.1,56.8,2467,4095,0,626,0,0,0
32.1,56.8,2453,4095,0,624,0,0,0
32.1,56.8,2511,4095,0,624,0,0,0
32.1,56.8,2470,4095,0,623,0,0,0
32.1,56.8,2485,4095,0,619,0,0,0
32.1,56.8,2445,4095,0,624,0,0,0
32.1,56.8,2498,4095,0,621,0,0,0
32.1,56.8,2484,4095,0,614,0,0,0
32.1,56.8,2496,4095,0,627,0,0,0
32.1,56.8,2439,4095,0,619,0,0,0
32.1,56.8,2480,4095,0,602,0,0,0
32.1,56.8,2494,4095,0,624,0,0,0
32.1,56.8,2505,4095,0,620,0,0,0
32.1,56.8,2446,4095,0,622,0,0,0
32.1,56.8,2462,4095,0,624,0,0,0
32.1,56.8,2507,4095,0,563,0,0,0
32.1,56.7,2501,4095,0,624,0,0,0
32.1,56.7,2462,4095,0,624,0,0,0
32.1,56.7,2446,4095,0,619,0,0,0
32.1,56.7,2497,4095,0,623,0,0,0
32.1,56.7,2494,4095,0,624,0,0,0
32.1,56.7,2485,4095,0,621,0,0,0
32.1,56.7,2438,4095,0,619,0,0,0
32.1,56.7,2485,4095,0,624,0,0,0
32.1,56.7,2476,4095,0,622,0,0,0
32.1,56.7,2497,4095,0,619,0,0,0
32.1,56.7,2438,4095,0,624,0,0,0
32.1,56.7,2477,4095,0,626,0,0,0
32.1,56.7,2457,4095,0,626,0,0,0
32.1,56.7,2507,4095,0,621,0,0,0
32.1,56.7,2450,4095,0,616,0,0,0
32.1,56.7,2449,4095,0,618,0,0,0
32.1,56.7,2443,4095,0,640,0,0,0
32.1,56.7,2497,4095,0,624,0,0,0
32.1,56.7,2477,4095,0,624,0,0,0
32.1,56.7,2437,4095,0,623,0,0,0
32.1,56.7,2429,4095,0,624,0,0,0
32.1,56.7,2479,4095,0,627,0,0,0
32.1,56.7,2482,4095,0,610,0,0,0
32.1,56.7,2425,4095,0,615,0,0,0
32.1,56.7,2429,4095,0,624,0,0,0
32.1,56.7,2461,4095,0,624,0,0,0
32.1,56.7,2495,4095,0,626,0,0,0
32.1,56.7,2438,4095,0,615,0,0,0
32.1,56.7,2447,4095,0,624,0,0,0
32.1,56.7,2445,4095,0,622,0,0,0
32.1,56.7,2496,4095,0,622,0,0,0
32.1,56.7,2448,4095,0,621,0,0,0
32.1,56.7,2460,4095,0,624,0,0,0
32.1,56.7,2433,4095,0,623,0,0,0
32.1,56.7,2490,4095,0,622,0,0,0
32.1,56.7,2467,4095,0,624,0,0,0
32.1,56.7,2479,4095,0,619,0,0,0
32.1,56.7,2431,4095,0,624,0,0,0
32.1,56.7,2477,4095,0,620,0,0,0
32.1,56.7,2482,4095,0,617,0,0,0
32.1,56.7,2498,4095,0,620,0,0,0
32.1,56.7,2430,4095,0,624,0,0,0
32.1,56.7,2459,4095,0,620,0,0,0
32.1,56.7,2496,4095,0,621,0,0,0
32.1,56.7,2496,4095,0,617,0,0,0
32.1,56.7,2448,4095,0,620,0,0,0
32.1,56.7,2448,4095,0,622,0,0,0
32.1,56.7,2506,4095,0,618,0,0,0
32.1,56.8,2495,4095,0,622,0,0,0
32.1,56.8,2471,4095,0,624,0,0,0
32.1,56.8,2435,4095,0,615,0,0,0
32.1,56.8,2491,4095,0,621,0,0,0
32.1,56.7,2480,4095,0,623,0,0,0
32.1,56.7,2481,4095,0,621,0,0,0
32.1,56.7,2428,4095,0,618,0,0,0
32.1,56.7,2475,4095,0,622,0,0,0
32.1,56.7,2465,4095,0,622,0,0,0
32.1,56.7,2493,4095,0,624,0,0,0
32.1,56.7,2434,4095,0,621,0,0,0
32.1,56.7,2463,4095,0,619,0,0,0
32.1,56.7,2439,4095,0,618,0,0,0
32.1,56.7,2502,4095,0,618,0,0,0
32.1,56.7,2450,4095,0,612,0,0,0
32.1,56.7,2454,4095,0,619,0,0,0
32.1,56.7,2444,4095,0,615,0,0,0
32.1,56.7,2501,4095,0,618,0,0,0
32.1,56.7,2482,4095,0,615,0,0,0
32.1,56.7,2449,4095,0,617,0,0,0
32.1,56.7,2444,4095,0,622,0,0,0
32.1,56.7,2486,4095,0,622,0,0,0
32.1,56.7,2506,4095,0,621,0,0,0
32.1,56.7,2447,4095,0,614,0,0,0
32.1,56.7,2458,4095,0,623,0,0,0
32.1,56.7,2469,4095,0,623,0,0,0
32.1,56.7,2514,4095,0,617,0,0,0
32.1,56.7,2469,4095,0,617,0,0,0
32.1,56.7,2481,4095,0,624,0,0,0
32.1,56.7,2448,4095,0,621,0,0,0
32.1,56.7,2498,4095,0,622,0,0,0
32.1,56.7,2495,4095,0,621,0,0,0
32.1,56.6,2511,4095,0,624,0,0,0
32.1,56.6,2448,4095,0,618,0,0,0
32.1,56.6,2485,4095,0,611,0,0,0
32.1,56.6,2498,4095,0,621,0,0,0
32.1,56.2,2501,4095,0,621,0,0,0
32.1,56.2,2476,4095,0,618,0,0,0
32.1,56.2,2460,4095,0,618,0,0,0
32.1,56.2,2515,4095,0,623,0,0,0
32.1,56.1,2496,4095,0,619,0,0,0
32.1,56.1,2495,4095,0,619,0,0,0
32.1,56.1,2439,4095,0,623,0,0,0
32.1,56.1,2489,4095,0,622,0,0,0
32.1,56.2,2479,4095,0,616,0,0,0
32.1,56.2,2527,4095,0,613,0,0,0
32.1,56.2,2473,4095,0,624,0,0,0
32.1,56.2,2466,4095,0,621,0,0,0
32.0,56.3,2444,4095,0,622,0,0,0
32.0,56.3,2498,4095,0,615,0,0,0
32.0,56.3,2487,4095,0,619,0,0,0
32.0,56.3,2461,4095,0,613,0,0,0
32.1,56.4,2465,4095,0,619,0,0,0
32.1,56.4,2512,4095,0,621,0,0,0
32.1,56.4,2532,4095,0,616,0,0,0
32.1,56.4,2478,4095,0,624,0,0,0
32.1,56.5,2485,4095,0,623,0,0,0
32.1,56.5,2489,4095,0,637,0,0,0
32.1,56.5,2543,4095,0,615,0,0,0
32.1,56.5,2502,4095,0,615,0,0,0
32.0,56.6,2519,4095,0,618,0,0,0
32.0,56.6,2480,4095,0,622,0,0,0
32.0,56.6,2519,4095,0,624,0,0,0
32.0,56.6,2518,4095,0,622,0,0,0
32.1,56.6,2530,4095,0,622,0,0,0
32.1,56.6,2480,4095,0,620,0,0,0
32.1,56.6,2498,4095,0,619,0,0,0
32.1,56.6,2541,4095,0,619,0,0,0
32.1,56.7,2533,4095,0,617,0,0,0
32.1,56.7,2509,4095,0,621,0,0,0
32.1,56.7,2475,4095,0,622,0,0,0
32.1,56.7,2525,4095,0,623,0,0,0
32.0,56.7,2510,4095,0,624,0,0,0
32.0,56.7,2544,4095,0,619,0,0,0
32.0,56.7,2487,4095,0,619,0,0,0
32.0,56.7,2503,4095,0,623,0,0,0
32.0,56.7,2493,4095,0,622,0,0,0
32.0,56.7,2559,4095,0,619,0,0,0
32.0,56.7,2559,4095,0,612,0,0,0
32.0,56.7,2559,4095,0,610,0,0,0
32.0,56.7,2559,4095,0,618,0,0,0
32.0,56.7,2607,4095,0,620,0,0,0
32.0,56.7,2607,4095,0,617,0,0,0
32.0,56.7,2523,4095,0,613,0,0,0
32.0,56.7,2520,4095,0,624,0,0,0
32.0,56.7,2512,4095,0,618,0,0,0
32.0,56.7,2559,4095,0,622,0,0,0
32.0,56.7,2526,4095,0,620,0,0,0
32.0,56.6,2546,4095,0,624,0,0,0
32.0,56.6,2509,4095,0,622,0,0,0
32.0,56.6,2557,4095,0,619,0,0,0
32.0,56.6,2559,4095,0,624,0,0,0
32.0,56.4,2582,4095,0,621,0,0,0
32.0,56.4,2533,4095,0,622,0,0,0
32.0,56.4,2533,4095,0,624,0,0,0
32.0,56.4,2585,4095,0,619,0,0,0
32.0,56.2,2559,4095,0,615,0,0,0
32.0,56.2,2559,4095,0,620,0,0,0
32.0,56.2,2527,4095,0,618,0,0,0
32.0,56.2,2578,4095,0,610,0,0,0
32.1,56.2,2559,4095,0,613,0,0,0
32.1,56.2,2640,4095,0,619,0,0,0
32.1,56.2,2611,4095,0,619,0,0,0
32.1,56.2,2626,4095,0,621,0,0,0
32.0,56.2,2635,4095,0,623,0,0,0
32.0,56.2,2690,4095,0,617,0,0,0
32.0,56.2,2704,4095,0,615,0,0,0
32.0,56.2,2671,4095,0,622,0,0,0
32.1,56.3,2691,4095,0,620,0,0,0
32.1,56.3,2706,4095,0,617,0,0,0
32.1,56.3,2739,4095,0,613,0,0,0
32.1,56.3,2704,4095,0,618,0,0,0
32.0,56.4,2720,4095,0,621,0,0,0
32.0,56.4,2710,4095,0,615,0,0,0
32.0,56.4,2734,4095,0,619,0,0,0
32.0,56.4,2733,4095,0,617,0,0,0
32.0,56.5,2743,4095,0,623,0,0,0
32.0,56.5,2713,4095,0,597,0,0,0
32.0,56.5,2720,4095,0,615,0,0,0
32.0,56.5,2755,4095,0,611,0,0,0
32.0,56.6,2741,4095,0,624,0,0,0
32.0,56.6,2736,4095,0,617,0,0,0
32.0,56.6,2704,4095,0,619,0,0,0
32.0,56.6,2736,4095,0,621,0,0,0
32.1,56.6,2726,4095,0,621,0,0,0
32.1,56.6,2750,4095,0,620,0,0,0
32.1,56.6,2706,4095,0,618,0,0,0
32.1,56.6,2708,4095,0,624,0,0,0
32.0,56.6,2684,4095,0,613,0,0,0
32.0,56.6,2709,4095,0,617,0,0,0
32.0,56.6,2690,4095,0,618,0,0,0
32.0,56.6,2646,4095,0,618,0,0,0
32.0,56.7,2640,4095,0,619,0,0,0
32.0,56.7,2655,4095,0,621,0,0,0
32.0,56.7,2685,4095,0,610,0,0,0
32.0,56.7,2645,4095,0,620,0,0,0
32.0,56.6,2672,4095,0,617,0,0,0
32.0,56.6,2639,4095,0,622,0,0,0
32.0,56.6,2672,4095,0,619,0,0,0
32.0,56.6,2669,4095,0,617,0,0,0
32.0,56.6,2673,4095,0,621,0,0,0
32.0,56.6,2646,4095,0,618,0,0,0
32.0,56.6,2641,4095,0,603,0,0,0
32.0,56.6,2691,4095,0,619,0,0,0
32.0,56.7,2685,4095,0,614,0,0,0
32.0,56.7,2695,4095,0,615,0,0,0
32.0,56.7,2653,4095,0,621,0,0,0
32.0,56.7,2673,4095,0,613,0,0,0
32.0,56.6,2662,4095,0,619,0,0,0
32.0,56.6,2702,4095,0,615,0,0,0
32.0,56.6,2689,4095,0,614,0,0,0
32.0,56.6,2657,4095,0,612,0,0,0
32.0,56.7,2663,4095,0,620,0,0,0
32.0,56.7,2659,4095,0,620,0,0,0
32.0,56.7,2672,4095,0,611,0,0,0
32.0,56.7,2619,4095,0,618,0,0,0
32.0,56.6,2614,4095,0,621,0,0,0
32.0,56.6,2546,4095,0,613,0,0,0
32.0,56.6,2559,4095,0,615,0,0,0
32.0,56.6,2586,4095,0,616,0,0,0
32.0,56.6,2559,4095,0,621,0,0,0
32.0,56.6,2544,4095,0,618,0,0,0
32.0,56.6,2513,4095,0,617,0,0,0
32.0,56.6,2559,4095,0,619,0,0,0
32.0,56.6,2538,4095,0,619,0,0,0
32.0,56.6,2586,4095,0,621,0,0,0
32.0,56.6,2544,4095,0,617,0,0,0
32.0,56.6,2521,4095,0,614,0,0,0
32.1,56.6,2517,4095,0,622,0,0,0
32.1,56.6,2559,4095,0,611,0,0,0
32.1,56.6,2594,4095,0,618,0,0,0
32.1,56.6,2559,4095,0,618,0,0,0
32.0,56.6,2596,4095,0,619,0,0,0
32.0,56.6,2582,4095,0,613,0,0,0
32.0,56.6,2634,4095,0,614,0,0,0
32.0,56.6,2649,4095,0,614,0,0,0
32.0,56.6,2660,4095,0,617,0,0,0
32.0,56.6,2624,4095,0,623,0,0,0
32.0,56.6,2590,4095,0,616,0,0,0
32.0,56.6,2656,4095,0,624,0,0,0
32.0,56.6,2656,4095,0,618,0,0,0
32.0,56.6,2684,4095,0,613,0,0,0
32.0,56.6,2647,4095,0,619,0,0,0
32.0,56.6,2654,4095,0,614,0,0,0
32.1,56.6,2640,4095,0,621,0,0,0
32.1,56.6,2679,4095,0,771,0,0,0
32.1,56.6,2683,4095,0,621,0,0,0
32.1,56.6,2640,4095,0,617,0,0,0
32.0,56.6,2643,4095,0,618,0,0,0
32.0,56.6,2635,4095,0,613,0,0,0
32.0,56.6,2658,4095,0,622,0,0,0
32.0,56.6,2624,4095,0,618,0,0,0
32.0,56.6,2629,4095,0,622,0,0,0
32.0,56.6,2559,4095,0,618,0,0,0
32.0,56.6,2585,4095,0,618,0,0,0
32.0,56.6,2619,4095,0,614,0,0,0
32.0,56.6,2642,4095,0,602,0,0,0
32.0,56.6,2603,4095,0,614,0,0,0
32.0,56.6,2559,4095,0,622,0,0,0
32.0,56.6,2624,4095,0,615,0,0,0
32.0,56.6,2629,4095,0,619,0,0,0
32.0,56.6,2691,4095,0,608,0,0,0
32.0,56.6,2683,4095,0,619,0,0,0
32.0,56.6,2671,4095,0,623,0,0,0
32.0,56.6,2671,4095,0,622,0,0,0
32.0,56.6,2699,4095,0,611,0,0,0
32.0,56.6,2742,4095,0,621,0,0,0
32.0,56.6,2723,4095,0,619,0,0,0
32.0,56.6,2745,4095,0,621,0,0,0
32.0,56.6,2718,4095,0,610,0,0,0
32.0,56.6,2747,4095,0,623,0,0,0
32.0,56.6,2768,4095,0,662,0,0,0
32.0,56.6,2771,4095,0,614,0,0,0
32.0,56.6,2752,4095,0,617,0,0,0
32.0,56.6,2735,4095,0,628,0,0,0
32.0,56.6,2767,4095,0,615,0,0,0
32.0,56.6,2751,4095,0,614,0,0,0
32.0,56.6,2787,4095,0,615,0,0,0
32.0,56.6,2750,4095,0,619,0,0,0
32.0,56.6,2741,4095,0,614,0,0,0
32.0,56.6,2736,4095,0,615,0,0,0
32.0,56.6,2763,4095,0,620,0,0,0
32.0,56.6,2777,4095,0,616,0,0,0
32.0,56.6,2743,4095,0,611,0,0,0
32.0,56.6,2758,4095,0,618,0,0,0
32.0,56.6,2749,4095,0,610,0,0,0
32.0,56.6,2775,4095,0,613,0,0,0
32.0,56.6,2780,4095,0,618,0,0,0
32.0,56.6,2787,4095,0,611,0,0,0
32.0,56.6,2751,4095,0,609,0,0,0
32.0,56.6,2763,4095,0,615,0,0,0
32.0,56.6,2789,4095,0,610,0,0,0
32.1,56.6,2778,4095,0,615,0,0,0
32.1,56.6,2783,4095,0,609,0,0,0
32.1,56.6,2753,4095,0,611,0,0,0
32.1,56.6,2779,4095,0,618,0,0,0
32.0,56.6,2768,4095,0,615,0,0,0
32.0,56.6,2797,4095,0,615,0,0,0
32.0,56.6,2773,4095,0,611,0,0,0
32.0,56.6,2727,4095,0,611,0,0,0
32.0,56.6,2752,4095,0,611,0,0,0
32.0,56.6,2783,4095,0,610,0,0,0
32.0,56.6,2800,4095,0,613,0,0,0
32.0,56.6,2765,4095,0,610,0,0,0
32.0,56.6,2768,4095,0,619,0,0,0
32.0,56.6,2750,4095,0,608,0,0,0
32.0,56.6,2778,4095,0,620,0,0,0
32.0,56.6,2778,4095,0,611,0,0,0
32.0,56.6,2790,4095,0,613,0,0,0
32.0,56.6,2753,4095,0,613,0,0,0
32.0,56.6,2765,4095,0,610,0,0,0
32.0,56.6,2792,4095,0,607,0,0,0
32.0,56.6,2781,4095,0,612,0,0,0
32.0,56.6,2769,4095,0,610,0,0,0
32.0,56.6,2747,4095,0,606,0,0,0
32.0,56.6,2783,4095,0,611,0,0,0
32.0,56.6,2770,4095,0,614,0,0,0
32.0,56.6,2795,4095,0,606,0,0,0
32.0,56.6,2759,4095,0,618,0,0,0
32.0,56.6,2763,4095,0,613,0,0,0
32.0,56.6,2750,4095,0,622,0,0,0
32.0,56.6,2787,4095,0,611,0,0,0
32.0,56.6,2781,4095,0,615,0,0,0
32.0,56.6,2753,4095,0,614,0,0,0
32.0,56.6,2755,4095,0,618,0,0,0
32.0,56.6,2771,4095,0,613,0,0,0
32.0,56.6,2798,4095,0,613,0,0,0
32.0,56.6,2770,4095,0,610,0,0,0
32.0,56.6,2771,4095,0,615,0,0,0
32.0,56.6,2755,4095,0,613,0,0,0
32.0,56.6,2790,4095,0,613,0,0,0
32.0,56.6,2786,4095,0,617,0,0,0
32.0,56.6,2798,4095,0,613,0,0,0
32.0,56.6,2758,4095,0,611,0,0,0
32.0,56.6,2778,4095,0,623,0,0,0
32.0,56.6,2803,4095,0,609,0,0,0
32.0,56.5,2801,4095,0,614,0,0,0
32.0,56.5,2791,4095,0,603,0,0,0
32.0,56.5,2768,4095,0,615,0,0,0
32.0,56.5,2800,4095,0,615,0,0,0
31.9,56.3,2786,4095,0,614,0,0,0
31.9,56.3,2811,4095,0,618,0,0,0
31.9,56.3,2783,4095,0,621,0,0,0
31.9,56.3,2784,4095,0,623,0,0,0
32.0,56.2,2768,4095,0,622,0,0,0
32.0,56.2,2804,4095,0,620,0,0,0
32.0,56.2,2806,4095,0,615,0,0,0
32.0,56.2,2775,4095,0,617,0,0,0
32.0,56.2,2778,4095,0,620,0,0,0
32.0,56.2,2785,4095,0,621,0,0,0
32.0,56.2,2806,4095,0,621,0,0,0
32.0,56.2,2780,4095,0,613,0,0,0
32.0,56.2,2797,4095,0,613,0,0,0
32.0,56.2,2800,4095,0,613,0,0,0
32.0,56.2,2800,4095,0,619,0,0,0
32.0,56.2,2806,4095,0,617,0,0,0
32.0,56.4,2812,4095,0,617,0,0,0
32.0,56.4,2778,4095,0,609,0,0,0
32.0,56.4,2775,4095,0,605,0,0,0
32.0,56.4,2806,4095,0,612,0,0,0
32.0,56.4,2793,4095,0,607,0,0,0
32.0,56.4,2791,4095,0,607,0,0,0
32.0,56.4,2756,4095,0,604,0,0,0
32.0,56.4,2777,4095,0,611,0,0,0
32.0,56.5,2766,4095,0,624,0,0,0
32.0,56.5,2798,4095,0,607,0,0,0
32.0,56.5,2765,4095,0,611,0,0,0
32.0,56.5,2748,4095,0,607,0,0,0
32.0,56.5,2736,4095,0,610,0,0,0
32.0,56.5,2764,4095,0,608,0,0,0
32.0,56.5,2773,4095,0,613,0,0,0
32.0,56.5,2741,4095,0,604,0,0,0
32.0,56.5,2755,4095,0,612,0,0,0
32.0,56.5,2741,4095,0,612,0,0,0
32.0,56.5,2771,4095,0,613,0,0,0
32.0,56.5,2758,4095,0,614,0,0,0
32.0,56.5,2775,4095,0,608,0,0,0
32.0,56.5,2746,4095,0,624,0,0,0
32.0,56.5,2767,4095,0,607,0,0,0
32.0,56.5,2800,4095,0,605,0,0,0
32.0,56.5,2791,4095,0,607,0,0,0
32.0,56.5,2777,4095,0,610,0,0,0
32.0,56.5,2761,4095,0,607,0,0,0
32.0,56.5,2791,4095,0,613,0,0,0
32.0,56.5,2785,4095,0,608,0,0,0
32.0,56.5,2811,4095,0,606,0,0,0
32.0,56.5,2777,4095,0,618,0,0,0
32.0,56.5,2783,4095,0,610,0,0,0
32.0,56.5,2775,4095,0,495,0,0,0
32.0,56.5,2806,4095,0,617,0,0,0
32.0,56.5,2798,4095,0,601,0,0,0
32.0,56.5,2768,4095,0,603,0,0,0
31.9,56.5,2768,4095,0,605,0,0,0
31.9,56.5,2787,4095,0,610,0,0,0
31.9,56.5,2822,4095,0,605,0,0,0
31.9,56.5,2793,4095,0,605,0,0,0
32.0,56.5,2803,4095,0,615,0,0,0
32.0,56.5,2774,4095,0,609,0,0,0
32.0,56.5,2800,4095,0,611,0,0,0
32.0,56.5,2800,4095,0,609,0,0,0
31.9,56.5,2816,4095,0,639,0,0,0
31.9,56.5,2783,4095,0,609,0,0,0
31.9,56.5,2801,4095,0,613,0,0,0
31.9,56.5,2823,4095,0,621,0,0,0
32.0,56.5,2814,4095,0,611,0,0,0
32.0,56.5,2801,4095,0,610,0,0,0
32.0,56.5,2788,4095,0,609,0,0,0
32.0,56.5,2816,4095,0,609,0,0,0
31.9,56.5,2814,4095,0,619,0,0,0
31.9,56.5,2827,4095,0,606,0,0,0
31.9,56.5,2793,4095,0,615,0,0,0
31.9,56.5,2805,4095,0,607,0,0,0
31.9,56.5,2798,4095,0,615,0,0,0
31.9,56.5,2838,4095,0,613,0,0,0
31.9,56.5,2805,4095,0,615,0,0,0
31.9,56.5,2790,4095,0,612,0,0,0
31.9,56.5,2788,4095,0,617,0,0,0
31.9,56.5,2812,4095,0,610,0,0,0
31.9,56.5,2817,4095,0,609,0,0,0
31.9,56.5,2789,4095,0,615,0,0,0
32.0,56.4,2795,4095,0,566,0,0,0
32.0,56.4,2797,4095,0,611,0,0,0
32.0,56.4,2826,4095,0,609,0,0,0
32.0,56.4,2800,4095,0,618,0,0,0
31.9,56.3,2813,4095,0,607,0,0,0
31.9,56.3,2779,4095,0,581,0,0,0
31.9,56.3,2806,4095,0,608,0,0,0
31.9,56.3,2816,4095,0,613,0,0,0
32.0,56.4,2821,4095,0,621,0,0,0
32.0,56.4,2788,4095,0,602,0,0,0
32.0,56.4,2791,4095,0,607,0,0,0
32.0,56.4,2816,4095,0,609,0,0,0
31.9,56.4,2810,4095,0,613,0,0,0
31.9,56.4,2800,4095,0,617,0,0,0
31.9,56.4,2768,4095,0,450,0,0,0
31.9,56.4,2799,4095,0,621,0,0,0
32.0,56.5,2783,4095,0,615,0,0,0
32.0,56.5,2801,4095,0,609,0,0,0
32.0,56.5,2765,4095,0,624,0,0,0
32.0,56.5,2774,4095,0,612,0,0,0
32.0,56.5,2763,4095,0,611,0,0,0
32.0,56.5,2795,4095,0,614,0,0,0
32.0,56.5,2771,4095,0,609,0,0,0
32.0,56.5,2755,4095,0,609,0,0,0
31.9,56.5,2751,4095,0,615,0,0,0
31.9,56.5,2781,4095,0,613,0,0,0
31.9,56.5,2785,4095,0,614,0,0,0
31.9,56.5,2749,4095,0,611,0,0,0
32.0,56.5,2749,4095,0,612,0,0,0
32.0,56.5,2757,4095,0,608,0,0,0
32.0,56.5,2785,4095,0,612,0,0,0
32.0,56.5,2754,4095,0,609,0,0,0
32.0,56.5,2757,4095,0,611,0,0,0
32.0,56.5,2739,4095,0,620,0,0,0
32.0,56.5,2769,4095,0,611,0,0,0
32.0,56.5,2759,4095,0,613,0,0,0
31.9,56.5,2763,4095,0,621,0,0,0
31.9,56.5,2734,4095,0,613,0,0,0
31.9,56.5,2757,4095,0,609,0,0,0
31.9,56.5,2767,4095,0,611,0,0,0
31.9,56.5,2768,4095,0,617,0,0,0
31.9,56.5,2736,4095,0,604,0,0,0
31.9,56.5,2750,4095,0,610,0,0,0
31.9,56.5,2805,4095,0,612,0,0,0
31.9,56.5,2783,4095,0,610,0,0,0
31.9,56.5,2762,4095,0,611,0,0,0
31.9,56.5,2742,4095,0,609,0,0,0
31.9,56.5,2775,4095,0,609,0,0,0
31.9,56.5,2768,4095,0,618,0,0,0
31.9,56.5,2775,4095,0,603,0,0,0
31.9,56.5,2736,4095,0,597,0,0,0
31.9,56.5,2762,4095,0,609,0,0,0
31.9,56.5,2751,4095,0,615,0,0,0
31.9,56.5,2782,4095,0,598,0,0,0
31.9,56.5,2743,4095,0,603,0,0,0
31.9,56.5,2743,4095,0,604,0,0,0
32.0,56.5,2734,4095,0,605,0,0,0
32.0,56.5,2769,4095,0,606,0,0,0
32.0,56.5,2755,4095,0,608,0,0,0
32.0,56.5,2733,4095,0,606,0,0,0
31.9,56.5,2730,4095,0,610,0,0,0
31.9,56.5,2763,4095,0,633,0,0,0
31.9,56.5,2766,4095,0,605,0,0,0
31.9,56.5,2730,4095,0,598,0,0,0
32.0,56.5,2736,4095,0,608,0,0,0
32.0,56.5,2752,4095,0,603,0,0,0
32.0,56.5,2775,4095,0,607,0,0,0
32.0,56.5,2731,4095,0,598,0,0,0
31.9,56.5,2736,4095,0,611,0,0,0
31.9,56.5,2736,4095,0,607,0,0,0
31.9,56.5,2770,4095,0,592,0,0,0
31.9,56.5,2751,4095,0,605,0,0,0
31.9,56.5,2758,4095,0,609,0,0,0
31.9,56.5,2734,4095,0,598,0,0,0
31.9,56.5,2768,4095,0,606,0,0,0
31.9,56.5,2762,4095,0,613,0,0,0
31.9,56.5,2770,4095,0,614,0,0,0
31.9,56.5,2736,4095,0,603,0,0,0
31.9,56.5,2766,4095,0,606,0,0,0
31.9,56.5,2783,4095,0,610,0,0,0
31.9,56.5,2773,4095,0,611,0,0,0
31.9,56.5,2751,4095,0,608,0,0,0
31.9,56.5,2757,4095,0,607,0,0,0
31.9,56.5,2789,4095,0,610,0,0,0
31.9,56.5,2785,4095,0,618,0,0,0
31.9,56.5,2767,4095,0,607,0,0,0
31.9,56.5,2752,4095,0,606,0,0,0
31.9,56.5,2787,4095,0,603,0,0,0
31.9,56.5,2784,4095,0,609,0,0,0
31.9,56.5,2791,4095,0,611,0,0,0
31.9,56.5,2753,4095,0,607,0,0,0
31.9,56.5,2786,4095,0,607,0,0,0
31.9,56.5,2779,4095,0,613,0,0,0
31.9,56.5,2798,4095,0,604,0,0,0
31.9,56.5,2759,4095,0,609,0,0,0
31.9,56.5,2774,4095,0,604,0,0,0
31.9,56.4,2775,4095,0,603,0,0,0
31.9,56.4,2802,4095,0,610,0,0,0
31.9,56.4,2770,4095,0,605,0,0,0
31.9,56.4,2771,4095,0,602,0,0,0
31.9,56.4,2766,4095,0,603,0,0,0
31.9,56.4,2802,4095,0,602,0,0,0
31.9,56.4,2785,4095,0,605,0,0,0
31.9,56.4,2769,4095,0,608,0,0,0
31.9,56.4,2768,4095,0,609,0,0,0
31.9,56.4,2800,4095,0,622,0,0,0
31.9,56.4,2799,4095,0,615,0,0,0
31.9,56.4,2774,4095,0,607,0,0,0
31.9,56.4,2772,4095,0,611,0,0,0
31.9,56.4,2800,4095,0,617,0,0,0
31.9,56.4,2819,4095,0,605,0,0,0
31.9,56.4,2779,4095,0,610,0,0,0
31.9,56.4,2787,4095,0,610,0,0,0
31.9,56.4,2798,4095,0,611,0,0,0
31.9,56.4,2829,4095,0,607,0,0,0
31.9,56.4,2790,4095,0,607,0,0,0
31.9,56.4,2800,4095,0,607,0,0,0
31.9,56.4,2794,4095,0,606,0,0,0
31.9,56.4,2823,4095,0,611,0,0,0
31.9,56.4,2809,4095,0,593,0,0,0
31.9,56.4,2815,4095,0,586,0,0,0
31.9,56.4,2790,4095,0,611,0,0,0
31.9,56.4,2815,4095,0,613,0,0,0
31.9,56.4,2819,4095,0,609,0,0,0
31.9,56.4,2826,4095,0,610,0,0,0
31.9,56.4,2794,4095,0,592,0,0,0
31.9,56.4,2810,4095,0,602,0,0,0
31.9,56.4,2832,4095,0,607,0,0,0
31.9,56.4,2832,4095,0,615,0,0,0
31.9,56.4,2802,4095,0,613,0,0,0
31.9,56.4,2798,4095,0,610,0,0,0
31.9,56.4,2829,4095,0,606,0,0,0
31.9,56.4,2820,4095,0,610,0,0,0
31.9,56.4,2811,4095,0,607,0,0,0
31.9,56.4,2788,4095,0,609,0,0,0
31.9,56.4,2823,4095,0,608,0,0,0
31.9,56.4,2817,4095,0,609,0,0,0
31.9,56.4,2821,4095,0,611,0,0,0
31.9,56.4,2787,4095,0,614,0,0,0
31.9,56.4,2816,4095,0,610,0,0,0
31.9,56.4,2801,4095,0,613,0,0,0
31.9,56.4,2826,4095,0,609,0,0,0
31.9,56.4,2789,4095,0,609,0,0,0
31.9,56.4,2800,4095,0,612,0,0,0
31.9,56.5,2801,4095,0,610,0,0,0
31.9,56.5,2828,4095,0,605,0,0,0
31.9,56.5,2800,4095,0,607,0,0,0
31.9,56.5,2787,4095,0,611,0,0,0
31.9,56.5,2779,4095,0,610,0,0,0
31.9,56.5,2815,4095,0,607,0,0,0
31.9,56.5,2802,4095,0,608,0,0,0
31.9,56.5,2786,4095,0,607,0,0,0
31.9,56.5,2787,4095,0,609,0,0,0
31.9,56.5,2814,4095,0,615,0,0,0
31.9,56.5,2803,4095,0,609,0,0,0
31.9,56.5,2769,4095,0,606,0,0,0
31.9,56.5,2774,4095,0,612,0,0,0
31.9,56.5,2804,4095,0,567,0,0,0
31.9,56.5,2819,4095,0,606,0,0,0
31.9,56.5,2785,4095,0,613,0,0,0
31.9,56.5,2785,4095,0,617,0,0,0
31.9,56.5,2789,4095,0,608,0,0,0
31.9,56.5,2817,4095,0,611,0,0,0
31.9,56.5,2779,4095,0,592,0,0,0
31.9,56.5,2786,4095,0,602,0,0,0
31.9,56.5,2800,4095,0,609,0,0,0
31.9,56.5,2831,4095,0,592,0,0,0
31.9,56.5,2785,4095,0,608,0,0,0
31.9,56.5,2789,4095,0,612,0,0,0
31.9,56.5,2798,4095,0,607,0,0,0
31.9,56.5,2827,4095,0,603,0,0,0
31.9,56.5,2800,4095,0,611,0,0,0
31.9,56.5,2800,4095,0,609,0,0,0
31.9,56.5,2796,4095,0,602,0,0,0
31.9,56.5,2817,4095,0,604,0,0,0
31.9,56.5,2769,4095,0,611,0,0,0
31.9,56.5,2786,4095,0,609,0,0,0
31.9,56.5,2788,4095,0,610,0,0,0
31.9,56.5,2831,4095,0,610,0,0,0
31.9,56.5,2810,4095,0,609,0,0,0
31.9,56.5,2804,4095,0,611,0,0,0
31.9,56.5,2783,4095,0,608,0,0,0
31.9,56.5,2818,4095,0,601,0,0,0
31.9,56.5,2802,4095,0,606,0,0,0
31.9,56.5,2805,4095,0,609,0,0,0
31.9,56.5,2790,4095,0,607,0,0,0
31.9,56.5,2823,4095,0,603,0,0,0
31.9,56.5,2800,4095,0,609,0,0,0
31.9,56.5,2801,4095,0,612,0,0,0
31.9,56.5,2778,4095,0,608,0,0,0
31.9,56.5,2814,4095,0,608,0,0,0
31.9,56.5,2797,4095,0,609,0,0,0
31.9,56.5,2800,4095,0,609,0,0,0
31.9,56.5,2768,4095,0,609,0,0,0
31.9,56.5,2799,4095,0,607,0,0,0
31.9,56.5,2768,4095,0,607,0,0,0
32.0,56.5,2786,4095,0,607,0,0,0
32.0,56.5,2768,4095,0,608,0,0,0
32.0,56.5,2800,4095,0,602,0,0,0
32.0,56.5,2783,4095,0,608,0,0,0
32.0,56.5,2783,4095,0,583,0,0,0
32.0,56.5,2748,4095,0,608,0,0,0
32.0,56.5,2779,4095,0,607,0,0,0
32.0,56.5,2768,4095,0,609,0,0,0
31.9,56.4,2774,4095,0,611,0,0,0
31.9,56.4,2761,4095,0,606,0,0,0
31.9,56.4,2802,4095,0,599,0,0,0
31.9,56.4,2769,4095,0,609,0,0,0
31.9,56.4,2768,4095,0,608,0,0,0
31.9,56.4,2742,4095,0,605,0,0,0
31.9,56.4,2781,4095,0,606,0,0,0
31.9,56.4,2766,4095,0,605,0,0,0
31.9,56.4,2777,4095,0,602,0,0,0
31.9,56.4,2767,4095,0,611,0,0,0
31.9,56.4,2804,4095,0,605,0,0,0
31.9,56.4,2763,4095,0,606,0,0,0
32.0,56.5,2759,4095,0,609,0,0,0
32.0,56.5,2739,4095,0,608,0,0,0
32.0,56.5,2786,4095,0,604,0,0,0
32.0,56.5,2762,4095,0,607,0,0,0
31.9,56.5,2771,4095,0,613,0,0,0
31.9,56.5,2759,4095,0,605,0,0,0
31.9,56.5,2794,4095,0,614,0,0,0
31.9,56.5,2759,4095,0,607,0,0,0
31.9,56.5,2738,4095,0,607,0,0,0
31.9,56.5,2674,4095,0,604,0,0,0
31.9,56.5,2291,4095,0,611,0,0,0
31.9,56.5,1041,4095,0,609,0,0,1
32.0,56.6,864,4095,0,612,0,0,1
32.0,56.6,821,4095,0,632,0,0,1
32.0,56.6,997,4095,0,629,0,0,1
32.0,56.6,1074,4095,0,634,0,0,1
31.9,56.6,859,4095,0,637,0,0,1
31.9,56.6,811,4095,0,624,0,0,1
31.9,56.6,976,4095,0,628,0,0,1
31.9,56.6,1177,4095,0,630,0,0,1
31.9,56.5,882,4095,0,626,0,0,1
31.9,56.5,854,4095,0,622,0,0,1
31.9,56.5,2801,4095,0,625,0,0,0
31.9,56.5,2741,4095,0,627,0,0,0
31.9,56.5,2736,4095,0,599,0,0,0
31.9,56.5,2737,4095,0,602,0,0,0
31.9,56.5,2774,4095,0,598,0,0,0
31.9,56.5,2738,4095,0,607,0,0,0
32.0,56.5,2749,4095,0,611,0,0,0
32.0,56.5,2743,4095,0,622,0,0,0
32.0,56.5,2768,4095,0,603,0,0,0
32.0,56.5,2739,4095,0,575,0,0,0
32.0,56.5,2747,4095,0,601,0,0,0
32.0,56.5,2759,4095,0,606,0,0,0
32.0,56.5,2783,4095,0,610,0,0,0
32.0,56.5,2742,4095,0,607,0,0,0
32.0,56.4,2740,4095,0,607,0,0,0
32.0,56.4,2755,4095,0,602,0,0,0
32.0,56.4,2772,4095,0,604,0,0,0
32.0,56.4,2737,4095,0,607,0,0,0
32.0,56.4,2738,4095,0,602,0,0,0
32.0,56.4,2763,4095,0,613,0,0,0
32.0,56.4,2777,4095,0,602,0,0,0
32.0,56.4,2737,4095,0,599,0,0,0
32.0,56.4,2738,4095,0,608,0,0,0
32.0,56.4,2759,4095,0,607,0,0,0
32.0,56.4,2757,4095,0,603,0,0,0
32.0,56.4,2738,4095,0,629,0,0,0
32.0,56.4,2736,4095,0,608,0,0,0
32.0,56.4,2757,4095,0,606,0,0,0
32.0,56.4,2768,4095,0,585,0,0,0
32.0,56.4,2739,4095,0,607,0,0,0
32.0,56.4,2741,4095,0,611,0,0,0
32.0,56.4,2768,4095,0,603,0,0,0
32.0,56.4,2778,4095,0,609,0,0,0
32.0,56.4,2753,4095,0,609,0,0,0
32.0,56.4,2746,4095,0,604,0,0,0
32.0,56.4,2767,4095,0,608,0,0,0
32.0,56.4,2778,4095,0,606,0,0,0
32.0,56.4,2749,4095,0,607,0,0,0
32.0,56.4,2747,4095,0,605,0,0,0
32.0,56.4,2765,4095,0,601,0,0,0
32.0,56.4,2775,4095,0,609,0,0,0
32.0,56.4,2742,4095,0,599,0,0,0
32.0,56.4,2745,4095,0,609,0,0,0
32.0,56.4,2762,4095,0,599,0,0,0
32.0,56.4,2769,4095,0,608,0,0,0
32.0,56.4,2739,4095,0,609,0,0,0
32.0,56.5,2748,4095,0,588,0,0,0
32.0,56.5,2761,4095,0,608,0,0,0
32.0,56.5,2778,4095,0,606,0,0,0
32.0,56.5,2737,4095,0,596,0,0,0
32.0,56.5,2747,4095,0,606,0,0,0
32.0,56.5,2755,4095,0,611,0,0,0
32.0,56.5,2775,4095,0,545,0,0,0
32.0,56.5,2741,4095,0,607,0,0,0
32.0,56.5,2749,4095,0,614,0,0,0
32.0,56.5,2747,4095,0,602,0,0,0
32.0,56.5,2774,4095,0,610,0,0,0
32.0,56.5,2748,4095,0,611,0,0,0
32.0,56.4,2755,4095,0,605,0,0,0
32.0,56.4,2747,4095,0,609,0,0,0
32.0,56.4,2775,4095,0,602,0,0,0
32.0,56.4,2753,4095,0,605,0,0,0
32.0,56.4,2763,4095,0,607,0,0,0
32.0,56.4,2747,4095,0,609,0,0,0
32.0,56.4,2778,4095,0,613,0,0,0
32.0,56.4,2762,4095,0,614,0,0,0
32.0,56.4,2768,4095,0,605,0,0,0
32.0,56.4,2743,4095,0,603,0,0,0
32.0,56.4,2773,4095,0,607,0,0,0
32.0,56.4,2763,4095,0,611,0,0,0
32.0,56.4,2768,4095,0,607,0,0,0
32.0,56.4,2736,4095,0,603,0,0,0
32.0,56.4,2768,4095,0,523,0,0,0
32.0,56.4,2758,4095,0,608,0,0,0
32.0,56.3,2765,4095,0,612,0,0,0
32.0,56.3,2738,4095,0,688,0,0,0
32.0,56.3,2772,4095,0,607,0,0,0
32.0,56.3,2770,4095,0,609,0,0,0
32.0,56.3,2781,4095,0,604,0,0,0
32.0,56.3,2751,4095,0,606,0,0,0
32.0,56.3,2777,4095,0,606,0,0,0
32.0,56.3,2773,4095,0,611,0,0,0
32.0,56.3,2775,4095,0,609,0,0,0
32.0,56.3,2736,4095,0,604,0,0,0
32.0,56.3,2786,4095,0,608,0,0,0
32.0,56.3,2771,4095,0,599,0,0,0
32.0,56.4,2773,4095,0,605,0,0,0
32.0,56.4,2743,4095,0,608,0,0,0
32.0,56.4,2768,4095,0,539,0,0,0
32.0,56.4,2768,4095,0,596,0,0,0
32.0,56.4,2768,4095,0,610,0,0,0
32.0,56.4,2736,4095,0,608,0,0,0
32.0,56.4,2767,4095,0,603,0,0,0
32.0,56.4,2785,4095,0,610,0,0,0
32.0,56.4,2782,4095,0,605,0,0,0
32.0,56.4,2711,4095,0,601,0,0,0
32.0,56.4,2701,4095,0,608,0,0,0
32.0,56.4,2739,4095,0,604,0,0,0
32.0,56.3,2779,4095,0,608,0,0,0
32.0,56.3,2761,4095,0,602,0,0,0
32.0,56.3,2767,4095,0,603,0,0,0
32.0,56.3,2785,4095,0,602,0,0,0
32.0,56.3,2777,4095,0,605,0,0,0
32.0,56.3,2753,4095,0,605,0,0,0
32.0,56.3,2763,4095,0,607,0,0,0
32.0,56.3,2785,4095,0,603,0,0,0
32.0,56.3,2779,4095,0,603,0,0,0
32.0,56.3,2763,4095,0,602,0,0,0
32.0,56.3,2759,4095,0,610,0,0,0
32.0,56.3,2796,4095,0,607,0,0,0
32.0,56.3,2784,4095,0,607,0,0,0
32.0,56.3,2768,4095,0,602,0,0,0
32.0,56.3,2757,4095,0,606,0,0,0
32.0,56.3,2785,4095,0,601,0,0,0
32.0,56.4,2775,4095,0,608,0,0,0
32.0,56.4,2773,4095,0,610,0,0,0
32.0,56.4,2752,4095,0,607,0,0,0
32.0,56.4,2777,4095,0,601,0,0,0
32.0,56.4,2768,4095,0,612,0,0,0
32.0,56.4,2778,4095,0,599,0,0,0
32.0,56.4,2749,4095,0,608,0,0,0
32.0,56.4,2766,4095,0,608,0,0,0
32.0,56.4,2757,4095,0,607,0,0,0
32.0,56.4,2782,4095,0,606,0,0,0
32.0,56.4,2753,4095,0,607,0,0,0
32.0,56.4,2763,4095,0,610,0,0,0
32.0,56.3,2752,4095,0,607,0,0,0
32.0,56.3,2786,4095,0,608,0,0,0
32.0,56.3,2764,4095,0,609,0,0,0
32.0,56.3,2754,4095,0,607,0,0,0
32.0,56.1,2747,4095,0,607,0,0,0
32.0,56.1,2774,4095,0,602,0,0,0
32.0,56.1,2768,4095,0,604,0,0,0
32.0,56.1,2751,4095,0,604,0,0,0
32.0,55.9,2750,4095,0,601,0,0,0
32.0,55.9,2769,4095,0,602,0,0,0
32.0,55.9,2782,4095,0,605,0,0,0
32.0,55.9,2747,4095,0,613,0,0,0
32.0,55.9,2752,4095,0,605,0,0,0
32.0,55.9,2762,4095,0,601,0,0,0
32.0,55.9,2787,4095,0,656,0,0,0
32.0,55.9,2753,4095,0,607,0,0,0
32.0,56.0,2759,4095,0,603,0,0,0
32.0,56.0,2753,4095,0,602,0,0,0
32.0,56.0,2780,4095,0,604,0,0,0
32.0,56.0,2753,4095,0,603,0,0,0
32.0,56.1,2766,4095,0,603,0,0,0
32.0,56.1,2746,4095,0,602,0,0,0
32.0,56.1,2772,4095,0,601,0,0,0
32.0,56.1,2767,4095,0,597,0,0,0
32.0,56.1,2770,4095,0,615,0,0,0
32.0,56.1,2747,4095,0,607,0,0,0
32.0,56.1,2765,4095,0,607,0,0,0
32.0,56.1,2768,4095,0,605,0,0,0
32.1,56.1,2769,4095,0,607,0,0,0
32.1,56.1,2736,4095,0,607,0,0,0
32.1,56.1,2751,4095,0,602,0,0,0
32.1,56.1,2767,4095,0,601,0,0,0
32.1,56.1,2768,4095,0,602,0,0,0
32.1,56.1,2741,4095,0,606,0,0,0
32.1,56.1,2745,4095,0,605,0,0,0
32.1,56.1,2764,4095,0,598,0,0,0
32.1,56.1,2753,4095,0,602,0,0,0
32.1,56.1,2749,4095,0,599,0,0,0
32.1,56.1,2737,4095,0,602,0,0,0
32.1,56.1,2768,4095,0,598,0,0,0
32.1,56.1,2757,4095,0,608,0,0,0
32.1,56.1,2756,4095,0,601,0,0,0
32.1,56.1,2730,4095,0,606,0,0,0
32.1,56.1,2768,4095,0,598,0,0,0
32.0,56.2,2758,4095,0,603,0,0,0
32.0,56.2,2775,4095,0,598,0,0,0
32.0,56.2,2727,4095,0,608,0,0,0
32.0,56.2,2743,4095,0,601,0,0,0
32.1,56.2,2746,4095,0,603,0,0,0
32.1,56.2,2775,4095,0,598,0,0,0
32.1,56.2,2750,4095,0,596,0,0,0
32.1,56.2,2755,4095,0,598,0,0,0
32.1,56.1,2743,4095,0,605,0,0,0
32.1,56.1,2775,4095,0,598,0,0,0
32.1,56.1,2762,4095,0,595,0,0,0
32.1,56.1,2742,4095,0,599,0,0,0
32.0,56.1,2729,4095,0,610,0,0,0
32.0,56.1,2763,4095,0,594,0,0,0
32.0,56.1,2768,4095,0,601,0,0,0
32.0,56.1,2741,4095,0,598,0,0,0
32.1,56.1,2744,4095,0,598,0,0,0
32.1,56.1,2761,4095,0,598,0,0,0
32.1,56.1,2782,4095,0,597,0,0,0
32.1,56.1,2745,4095,0,599,0,0,0
32.0,56.1,2754,4095,0,601,0,0,0
32.0,56.1,2752,4095,0,686,0,0,0
32.0,56.1,2775,4095,0,598,0,0,0
32.0,56.1,2752,4095,0,598,0,0,0
32.1,56.1,2765,4095,0,597,0,0,0
32.1,56.1,2746,4095,0,599,0,0,0
32.1,56.1,2774,4095,0,601,0,0,0
32.1,56.1,2768,4095,0,596,0,0,0
32.0,56.1,2771,4095,0,599,0,0,0
32.0,56.1,2746,4095,0,609,0,0,0
32.0,56.1,2767,4095,0,599,0,0,0
32.0,56.1,2773,4095,0,598,0,0,0
32.1,56.1,2775,4095,0,594,0,0,0
32.1,56.1,2751,4095,0,601,0,0,0
32.1,56.1,2757,4095,0,598,0,0,0
32.1,56.1,2783,4095,0,635,0,0,0
32.1,56.1,2781,4095,0,595,0,0,0
32.1,56.1,2763,4095,0,599,0,0,0
32.1,56.1,2753,4095,0,648,0,0,0
32.1,56.1,2782,4095,0,599,0,0,0
32.1,56.1,2779,4095,0,603,0,0,0
32.1,56.1,2768,4095,0,609,0,0,0
32.1,56.1,2750,4095,0,599,0,0,0
32.1,56.1,2773,4095,0,571,0,0,0
32.1,56.1,2768,4095,0,601,0,0,0
32.1,56.1,2774,4095,0,605,0,0,0
32.1,56.1,2742,4095,0,607,0,0,0
32.1,56.1,2768,4095,0,597,0,0,0
32.0,56.1,2755,4095,0,603,0,0,0
32.0,56.1,2779,4095,0,598,0,0,0
32.0,56.1,2746,4095,0,605,0,0,0
32.0,56.1,2758,4095,0,602,0,0,0
32.1,56.1,2752,4095,0,606,0,0,0
32.1,56.1,2778,4095,0,599,0,0,0
32.1,56.1,2749,4095,0,603,0,0,0
32.1,56.1,2753,4095,0,603,0,0,0
32.1,56.1,2746,4095,0,608,0,0,0
32.1,56.1,2781,4095,0,604,0,0,0
32.1,56.1,2763,4095,0,592,0,0,0
32.1,56.1,2752,4095,0,610,0,0,0
32.1,56.1,2734,4095,0,599,0,0,0
32.1,56.1,2768,4095,0,598,0,0,0
32.1,56.1,2768,4095,0,604,0,0,0
32.1,56.1,2739,4095,0,605,0,0,0
32.1,56.1,2739,4095,0,598,0,0,0
32.1,56.1,2767,4095,0,597,0,0,0
32.1,56.1,2770,4095,0,596,0,0,0
32.1,56.1,2720,4095,0,603,0,0,0
32.1,56.1,2729,4095,0,602,0,0,0
32.1,56.1,2752,4095,0,599,0,0,0
32.1,56.1,2781,4095,0,601,0,0,0
32.1,56.1,2762,4095,0,605,0,0,0
32.1,56.1,2768,4095,0,598,0,0,0
32.1,56.1,2743,4095,0,601,0,0,0
32.1,56.1,2765,4095,0,603,0,0,0
32.1,56.1,2759,4095,0,605,0,0,0
32.1,56.1,2771,4095,0,595,0,0,0
32.1,56.1,2751,4095,0,596,0,0,0
32.1,56.1,2777,4095,0,596,0,0,0
32.1,56.1,2771,4095,0,602,0,0,0
32.1,56.1,2779,4095,0,601,0,0,0
32.1,56.1,2748,4095,0,592,0,0,0
32.1,56.1,2759,4095,0,591,0,0,0
32.1,56.1,2785,4095,0,595,0,0,0
32.1,56.1,2785,4095,0,560,0,0,0
32.1,56.1,2759,4095,0,601,0,0,0
32.1,56.1,2756,4095,0,593,0,0,0
32.1,56.1,2782,4095,0,607,0,0,0
32.1,56.1,2771,4095,0,597,0,0,0
32.1,56.1,2765,4095,0,595,0,0,0
32.1,56.1,2749,4095,0,436,0,0,0
32.1,56.1,2782,4095,0,593,0,0,0
32.1,56.1,2773,4095,0,604,0,0,0
32.1,56.1,2767,4095,0,597,0,0,0
32.1,56.1,2706,4095,0,602,0,0,0
32.1,56.1,2735,4095,0,594,0,0,0
32.1,56.1,2746,4095,0,607,0,0,0
32.1,56.1,2783,4095,0,594,0,0,0
32.1,56.1,2758,4095,0,602,0,0,0
32.1,56.1,2768,4095,0,599,0,0,0
32.1,56.1,2753,4095,0,602,0,0,0
32.1,56.1,2767,4095,0,602,0,0,0
32.1,56.1,2742,4095,0,598,0,0,0
32.1,56.1,2741,4095,0,603,0,0,0
32.1,56.0,2743,4095,0,597,0,0,0
32.1,56.0,2779,4095,0,592,0,0,0
32.1,56.0,2782,4095,0,604,0,0,0
32.1,56.0,2753,4095,0,602,0,0,0
32.1,56.0,2752,4095,0,603,0,0,0
32.1,56.0,2773,4095,0,599,0,0,0
32.1,56.0,2783,4095,0,602,0,0,0
32.1,56.0,2752,4095,0,595,0,0,0
32.1,56.1,2762,4095,0,603,0,0,0
32.1,56.1,2764,4095,0,599,0,0,0
32.1,56.1,2789,4095,0,603,0,0,0
32.1,56.1,2754,4095,0,597,0,0,0
32.1,56.0,2738,4095,0,602,0,0,0
32.1,56.0,2746,4095,0,599,0,0,0
32.1,56.0,2768,4095,0,599,0,0,0
32.1,56.0,2763,4095,0,604,0,0,0
32.1,56.1,2763,4095,0,603,0,0,0
32.1,56.1,2710,4095,0,601,0,0,0
32.1,56.1,2715,4095,0,615,0,0,0
32.1,56.1,2723,4095,0,597,0,0,0
32.1,56.1,2758,4095,0,601,0,0,0
32.1,56.1,2742,4095,0,595,0,0,0
32.1,56.1,2763,4095,0,599,0,0,0
32.1,56.1,2773,4095,0,594,0,0,0
32.1,56.0,2774,4095,0,604,0,0,0
32.1,56.0,2738,4095,0,605,0,0,0
32.1,56.0,2731,4095,0,593,0,0,0
32.1,56.0,2753,4095,0,597,0,0,0
32.2,56.0,2768,4095,0,599,0,0,0
32.2,56.0,2749,4095,0,595,0,0,0
32.2,56.0,2752,4095,0,597,0,0,0
32.2,56.0,2774,4095,0,596,0,0,0
32.2,56.0,2768,4095,0,599,0,0,0
32.2,56.0,2753,4095,0,602,0,0,0
32.2,56.0,2733,4095,0,596,0,0,0
32.2,56.0,2761,4095,0,597,0,0,0
32.2,56.0,2757,4095,0,601,0,0,0
32.2,56.0,2773,4095,0,602,0,0,0
32.2,56.0,2739,4095,0,599,0,0,0
32.2,56.0,2729,4095,0,592,0,0,0
32.2,56.0,2693,4095,0,603,0,0,0
32.2,56.0,2738,4095,0,599,0,0,0
32.2,56.0,2736,4095,0,594,0,0,0
32.2,56.0,2751,4095,0,592,0,0,0
32.2,56.0,2737,4095,0,595,0,0,0
32.2,56.0,2768,4095,0,597,0,0,0
32.2,56.0,2753,4095,0,595,0,0,0
32.2,56.0,2735,4095,0,592,0,0,0
32.2,56.0,2730,4095,0,604,0,0,0
32.2,56.0,2759,4095,0,598,0,0,0
32.2,56.0,2767,4095,0,592,0,0,0
32.2,56.0,2736,4095,0,593,0,0,0
32.2,55.9,2746,4095,0,608,0,0,0
32.2,55.9,2752,4095,0,596,0,0,0
32.2,55.9,2775,4095,0,599,0,0,0
32.2,55.9,2750,4095,0,606,0,0,0
32.2,55.9,2757,4095,0,596,0,0,0
32.2,55.9,2743,4095,0,601,0,0,0
32.2,55.9,2771,4095,0,602,0,0,0
32.2,55.9,2768,4095,0,601,0,0,0
32.2,55.9,2775,4095,0,601,0,0,0
32.2,55.9,2749,4095,0,602,0,0,0
32.2,55.9,2765,4095,0,603,0,0,0
32.2,55.9,2773,4095,0,599,0,0,0
32.2,55.9,2774,4095,0,601,0,0,0
32.2,55.9,2748,4095,0,606,0,0,0
32.2,55.9,2754,4095,0,598,0,0,0
32.2,55.9,2777,4095,0,599,0,0,0
32.2,55.9,2774,4095,0,609,0,0,0
32.2,55.9,2760,4095,0,596,0,0,0
32.2,55.9,2747,4095,0,607,0,0,0
32.2,55.9,2777,4095,0,599,0,0,0
32.2,55.9,2767,4095,0,598,0,0,0
32.2,55.9,2770,4095,0,604,0,0,0
32.2,55.9,2743,4095,0,605,0,0,0
32.2,55.9,2765,4095,0,605,0,0,0
32.2,55.9,2758,4095,0,603,0,0,0
32.2,55.9,2785,4095,0,610,0,0,0
32.2,55.9,2754,4095,0,609,0,0,0
32.2,55.9,2757,4095,0,592,0,0,0
32.2,55.9,2751,4095,0,603,0,0,0
32.2,55.9,2778,4095,0,599,0,0,0
32.2,55.9,2767,4095,0,603,0,0,0
32.2,55.9,2745,4095,0,597,0,0,0
32.2,55.9,2750,4095,0,595,0,0,0
32.2,55.9,2763,4095,0,603,0,0,0
32.2,55.9,2773,4095,0,605,0,0,0
32.2,55.9,2741,4095,0,598,0,0,0
32.2,55.9,2752,4095,0,603,0,0,0
32.2,55.9,2746,4095,0,606,0,0,0
32.2,55.9,2771,4095,0,603,0,0,0
32.2,55.9,2759,4095,0,595,0,0,0
32.2,55.9,2768,4095,0,606,0,0,0
32.2,55.9,2739,4095,0,605,0,0,0
32.2,55.9,2764,4095,0,601,0,0,0
32.2,55.9,2768,4095,0,598,0,0,0
32.2,56.0,2770,4095,0,547,0,0,0
32.2,56.0,2746,4095,0,606,0,0,0
32.2,56.0,2747,4095,0,598,0,0,0
32.2,56.0,2771,4095,0,603,0,0,0
32.2,56.1,2763,4095,0,599,0,0,0
32.2,56.1,2752,4095,0,602,0,0,0
32.2,56.1,2736,4095,0,601,0,0,0
32.2,56.1,2759,4095,0,606,0,0,0
32.2,56.1,2752,4095,0,609,0,0,0
32.2,56.1,2769,4095,0,595,0,0,0
32.2,56.1,2741,4095,0,597,0,0,0
32.2,56.1,2751,4095,0,603,0,0,0
32.2,56.0,2741,4095,0,635,0,0,0
32.2,56.0,2773,4095,0,599,0,0,0
32.2,56.0,2757,4095,0,595,0,0,0
32.2,56.0,2745,4095,0,600,0,0,0
32.2,56.0,2742,4095,0,598,0,0,0
32.2,56.0,2765,4095,0,598,0,0,0
32.2,56.0,2771,4095,0,598,0,0,0
32.2,56.0,2742,4095,0,599,0,0,0
32.2,56.0,2747,4095,0,595,0,0,0
32.2,56.0,2751,4095,0,597,0,0,0
32.2,56.0,2766,4095,0,603,0,0,0
32.2,56.0,2746,4095,0,598,0,0,0
32.2,55.9,2752,4095,0,547,0,0,0
32.2,55.9,2736,4095,0,593,0,0,0
32.2,55.9,2763,4095,0,606,0,0,0
32.2,55.9,2766,4095,0,594,0,0,0
32.2,55.9,2771,4095,0,597,0,0,0
32.2,55.9,2741,4095,0,602,0,0,0
32.2,55.9,2749,4095,0,592,0,0,0
32.2,55.9,2783,4095,0,592,0,0,0
32.2,56.0,2778,4095,0,595,0,0,0
32.2,56.0,2751,4095,0,593,0,0,0
32.2,56.0,2688,4095,0,595,0,0,0
32.2,56.0,2687,4095,0,592,0,0,0
32.2,56.0,2707,4095,0,602,0,0,0
32.2,56.0,2766,4095,0,592,0,0,0
32.2,56.0,2751,4095,0,606,0,0,0
32.2,56.0,2765,4095,0,597,0,0,0
32.2,56.0,2736,4095,0,599,0,0,0
32.2,56.0,2741,4095,0,598,0,0,0
32.2,56.0,2722,4095,0,598,0,0,0
32.2,56.0,2734,4095,0,599,0,0,0
32.2,55.9,2737,4095,0,601,0,0,0
32.2,55.9,2767,4095,0,597,0,0,0
32.2,55.9,2774,4095,0,599,0,0,0
32.2,55.9,2739,4095,0,602,0,0,0
32.2,55.9,2735,4095,0,658,0,0,0
32.2,55.9,2717,4095,0,599,0,0,0
32.2,55.9,2754,4095,0,600,0,0,0
32.2,55.9,2742,4095,0,598,0,0,0
32.2,55.9,2759,4095,0,603,0,0,0
32.2,55.9,2736,4095,0,605,0,0,0
32.2,55.9,2750,4095,0,587,0,0,0
32.2,55.9,2767,4095,0,602,0,0,0
32.2,55.9,2770,4095,0,599,0,0,0
32.2,55.9,2746,4095,0,595,0,0,0
32.2,55.9,2741,4095,0,600,0,0,0
32.2,55.9,2770,4095,0,601,0,0,0
32.2,55.9,2762,4095,0,608,0,0,0
32.2,55.9,2763,4095,0,601,0,0,0
32.2,55.9,2727,4095,0,592,0,0,0
32.2,55.9,2759,4095,0,595,0,0,0
32.2,55.8,2752,4095,0,598,0,1,0
32.2,55.8,2771,4095,0,591,0,1,0
32.2,55.8,2754,4095,0,624,0,1,0
32.2,55.8,2759,4095,0,623,0,1,0
32.2,55.8,2751,4095,0,623,0,1,0
32.2,55.8,2784,4095,0,623,0,1,0
32.2,55.8,2774,4095,0,621,0,1,0
32.2,55.8,2753,4095,0,623,0,1,0
32.2,55.8,2752,4095,0,624,0,1,0
32.2,55.8,2774,4095,0,619,0,1,0
32.2,55.8,2782,4095,0,625,0,1,0
32.2,55.8,2750,4095,0,624,0,1,0
32.2,55.9,2757,4095,0,634,0,0,0
32.2,55.9,2758,4095,0,608,0,0,0
32.2,55.9,2779,4095,0,602,0,0,0
32.2,55.9,2751,4095,0,595,0,0,0
32.2,55.9,2762,4095,0,592,0,0,0
32.2,55.9,2751,4095,0,595,0,0,0
32.2,55.9,2771,4095,0,598,0,0,0
32.2,55.9,2752,4095,0,594,0,0,0
32.2,55.9,2763,4095,0,595,0,0,0
32.2,55.9,2736,4095,0,598,0,0,0
32.2,55.9,2767,4095,0,599,0,0,0
32.2,55.9,2775,4095,0,592,0,0,0
32.2,55.9,2783,4095,0,578,0,0,0
32.2,55.9,2753,4095,0,601,0,0,0
32.2,55.9,2766,4095,0,599,0,0,0
32.2,55.9,2787,4095,0,592,0,0,0
32.2,55.9,2786,4095,0,599,0,0,0
32.2,55.9,2768,4095,0,592,0,0,0
32.2,55.9,2769,4095,0,599,0,0,0
32.2,55.9,2787,4095,0,592,0,0,0
32.2,55.9,2783,4095,0,597,0,0,0
32.2,55.9,2775,4095,0,595,0,0,0
32.2,55.9,2757,4095,0,597,0,0,0
32.2,55.9,2779,4095,0,581,0,0,0
32.2,55.9,2770,4095,0,586,0,0,0
32.2,55.9,2786,4095,0,598,0,0,0
32.2,55.9,2758,4095,0,599,0,0,0
32.2,55.9,2769,4095,0,603,0,0,0
32.2,55.9,2763,4095,0,608,0,0,0
32.2,55.9,2791,4095,0,594,0,0,0
32.2,55.9,2768,4095,0,597,0,0,0
32.2,55.9,2757,4095,0,597,0,0,0
32.2,55.9,2752,4095,0,602,0,0,0
32.2,55.9,2781,4095,0,599,0,0,0
32.2,55.9,2778,4095,0,595,0,0,0
32.2,55.9,2752,4095,0,592,0,0,0
32.2,55.9,2753,4095,0,604,0,0,0
32.2,55.9,2768,4095,0,602,0,0,0
32.2,55.9,2785,4095,0,562,0,0,0
32.2,55.9,2756,4095,0,598,0,0,0
32.2,55.9,2759,4095,0,601,0,0,0
32.2,55.9,2754,4095,0,603,0,0,0
32.2,55.9,2781,4095,0,603,0,0,0
32.2,55.9,2768,4095,0,603,0,0,0
32.2,55.9,2768,4095,0,599,0,0,0
32.2,55.9,2750,4095,0,597,0,0,0
32.2,55.9,2773,4095,0,592,0,0,0
32.2,55.9,2773,4095,0,597,0,0,0
32.2,55.9,2779,4095,0,597,0,0,0
32.2,55.9,2755,4095,0,604,0,0,0
32.2,55.9,2763,4095,0,594,0,0,0
32.2,55.9,2785,4095,0,599,0,0,0
32.2,55.9,2783,4095,0,594,0,0,0
32.2,55.9,2768,4095,0,601,0,0,0
32.2,55.9,2751,4095,0,594,0,0,0
32.2,55.9,2775,4095,0,599,0,0,0
32.2,56.1,2767,4095,0,602,0,0,0
32.2,56.1,2774,4095,0,597,0,0,0
32.2,56.1,2742,4095,0,598,0,0,0
32.2,56.1,2765,4095,0,602,0,0,0
32.2,56.1,2754,4095,0,609,0,0,0
32.2,56.1,2780,4095,0,594,0,0,0
32.2,56.1,2754,4095,0,602,0,0,0
32.2,56.1,2751,4095,0,608,0,0,0
32.2,56.1,2739,4095,0,605,0,0,0
32.2,56.1,2765,4095,0,595,0,0,0
32.2,56.1,2767,4095,0,594,0,0,0
32.2,56.1,2741,4095,0,595,0,0,0
32.2,56.0,2742,4095,0,597,0,0,0
32.2,56.0,2761,4095,0,606,0,0,0
32.2,56.0,2769,4095,0,603,0,0,0
32.2,56.0,2683,4095,0,596,0,0,0
32.2,56.0,1172,4095,0,603,0,0,1
32.2,56.0,1043,4095,0,596,0,0,1
32.2,56.0,1067,4095,0,627,0,0,1
32.2,56.0,1058,4095,0,629,0,0,1
32.2,56.0,1148,4095,0,625,0,0,1
32.2,56.0,1104,4095,0,623,0,0,1
32.2,56.0,1108,4095,0,623,0,0,1
32.2,56.0,1090,4095,0,623,0,0,1
32.2,56.0,1124,4095,0,624,0,0,1
32.2,56.0,1126,4095,0,621,0,0,1
32.2,56.0,2746,4095,0,618,0,0,0
32.2,56.0,2806,4095,0,621,0,0,0
32.2,56.0,2782,4095,0,596,0,0,0
32.2,56.0,2791,4095,0,597,0,0,0
32.2,56.0,2763,4095,0,592,0,0,0
32.2,56.0,2768,4095,0,592,0,0,0
32.2,55.9,2764,4095,0,597,0,0,0
32.2,55.9,2789,4095,0,569,0,0,0
32.2,55.9,2780,4095,0,597,0,0,0
32.2,55.9,2762,4095,0,599,0,0,0
32.2,56.0,2766,4095,0,598,0,0,0
32.2,56.0,2770,4095,0,598,0,0,0
32.2,56.0,2794,4095,0,599,0,0,0
32.2,56.0,2770,4095,0,597,0,0,0
32.2,56.0,2783,4095,0,598,0,0,0
32.2,56.0,2768,4095,0,593,0,0,0
32.2,56.0,2782,4095,0,592,0,0,0
32.2,56.0,2798,4095,0,598,0,0,0
32.2,56.0,2800,4095,0,611,0,0,0
32.2,56.0,2779,4095,0,595,0,0,0
32.2,56.0,2770,4095,0,595,0,0,0
32.2,56.0,2795,4095,0,598,0,0,0
32.2,56.0,2781,4095,0,592,0,0,0
32.2,56.0,2797,4095,0,599,0,0,0
32.2,56.0,2768,4095,0,595,0,0,0
32.2,56.0,2772,4095,0,596,0,0,0
32.2,56.0,2769,4095,0,602,0,0,0
32.2,56.0,2792,4095,0,595,0,0,0
32.2,56.0,2790,4095,0,593,0,0,0
32.2,56.0,2768,4095,0,595,0,0,0
32.2,56.0,2771,4095,0,624,0,0,0
32.2,56.0,2782,4095,0,599,0,0,0
32.2,56.0,2802,4095,0,603,0,0,0
32.2,56.0,2781,4095,0,598,0,0,0
32.2,55.9,2788,4095,0,605,0,0,0
32.2,55.9,2765,4095,0,598,0,0,0
32.2,55.9,2791,4095,0,599,0,0,0
32.2,55.9,2797,4095,0,598,0,0,0
32.2,55.9,2800,4095,0,600,0,0,0
32.2,55.9,2771,4095,0,590,0,0,0
32.2,55.9,2777,4095,0,603,0,0,0
32.2,55.9,2807,4095,0,599,0,0,0
32.2,55.9,2792,4095,0,602,0,0,0
32.2,55.9,2786,4095,0,597,0,0,0
32.2,55.9,2761,4095,0,615,0,0,0
32.2,55.9,2793,4095,0,591,0,0,0
32.2,55.9,2779,4095,0,595,0,0,0
32.2,55.9,2799,4095,0,598,0,0,0
32.2,55.9,2768,4095,0,592,0,0,0
32.2,55.9,2772,4095,0,599,0,0,0
32.2,55.9,2768,4095,0,600,0,0,0
32.2,55.9,2796,4095,0,666,0,0,0
32.2,55.9,2774,4095,0,602,0,0,0
32.2,55.9,2757,4095,0,603,0,0,0
32.3,55.9,2759,4095,0,603,0,0,0
32.3,55.9,2775,4095,0,597,0,0,0
32.3,55.9,2787,4095,0,603,0,0,0
32.3,55.9,2759,4095,0,606,0,0,0
32.3,56.0,2766,4095,0,595,0,0,0
32.3,56.0,2768,4095,0,596,0,0,0
32.3,56.0,2795,4095,0,599,0,0,0
32.3,56.0,2773,4095,0,597,0,0,0
32.2,55.9,2786,4095,0,603,0,0,0
32.2,55.9,2763,4095,0,595,0,0,0
32.2,55.9,2788,4095,0,597,0,0,0
32.2,55.9,2787,4095,0,602,0,0,0
32.2,55.9,2789,4095,0,616,0,0,0
32.2,55.9,2765,4095,0,603,0,0,0
32.2,55.9,2768,4095,0,598,0,0,0
32.2,55.9,2790,4095,0,592,0,0,0
32.2,55.9,2784,4095,0,599,0,0,0
32.2,55.9,2775,4095,0,599,0,0,0
32.2,55.9,2758,4095,0,603,0,0,0
32.2,55.9,2783,4095,0,604,0,0,0
32.3,56.0,2773,4095,0,606,0,0,0
32.3,56.0,2787,4095,0,605,0,0,0
32.3,56.0,2763,4095,0,599,0,0,0
32.3,56.0,2785,4095,0,594,0,0,0
32.3,56.1,2770,4095,0,597,0,0,0
32.3,56.1,2800,4095,0,601,0,0,0
32.3,56.1,2771,4095,0,592,0,0,0
32.3,56.1,2769,4095,0,595,0,0,0
32.3,56.1,2766,4095,0,592,0,0,0
32.3,56.1,2787,4095,0,595,0,0,0
32.3,56.1,2793,4095,0,594,0,0,0
32.3,56.1,2762,4095,0,593,0,0,0
32.3,56.1,2768,4095,0,601,0,0,0
32.3,56.1,2778,4095,0,599,0,0,0
32.3,56.1,2798,4095,0,592,0,0,0
32.3,56.1,2768,4095,0,589,0,0,0
32.2,56.0,2778,4095,0,598,0,0,0
32.2,56.0,2768,4095,0,592,0,0,0
32.2,56.0,2794,4095,0,595,0,0,0
32.2,56.0,2783,4095,0,595,0,0,0
32.3,56.1,2787,4095,0,595,0,0,0
32.3,56.1,2761,4095,0,591,0,0,0
32.3,56.1,2781,4095,0,593,0,0,0
32.3,56.1,2795,4095,0,597,0,0,0
32.3,56.1,2800,4095,0,599,0,0,0
32.3,56.1,2775,4095,0,602,0,0,0
32.3,56.1,2777,4095,0,605,0,0,0
32.3,56.1,2800,4095,0,596,0,0,0
32.2,56.1,2795,4095,0,597,0,0,0
32.2,56.1,2789,4095,0,594,0,0,0
32.2,56.1,2768,4095,0,596,0,0,0
32.2,56.1,2791,4095,0,598,0,0,0
32.2,56.0,2781,4095,0,597,0,0,0
32.2,56.0,2799,4095,0,594,0,0,0
32.2,56.0,2768,4095,0,597,0,0,0
32.2,56.0,2783,4095,0,596,0,0,0
32.3,56.0,2769,4095,0,607,0,0,0
32.3,56.0,2797,4095,0,603,0,0,0
32.3,56.0,2769,4095,0,599,0,0,0
32.3,56.0,2770,4095,0,592,0,0,0
32.2,56.0,2765,4095,0,599,0,0,0
32.2,56.0,2790,4095,0,592,0,0,0
32.2,56.0,2778,4095,0,592,0,0,0
32.2,56.0,2762,4095,0,594,0,0,0
32.2,56.0,2759,4095,0,597,0,0,0
32.2,56.0,2779,4095,0,592,0,0,0
32.2,56.0,2786,4095,0,597,0,0,0
32.2,56.0,2753,4095,0,595,0,0,0
32.2,56.1,2743,4095,0,597,0,0,0
32.2,56.1,2750,4095,0,597,0,0,0
32.2,56.1,2787,4095,0,604,0,0,0
32.2,56.1,2768,4095,0,597,0,0,0
32.2,56.1,2775,4095,0,598,0,0,0
32.2,56.1,2774,4095,0,592,0,0,0
32.2,56.1,2787,4095,0,595,0,0,0
32.2,56.1,2736,4095,0,602,0,0,0
32.2,56.1,2752,4095,0,598,0,0,0
32.2,56.1,2759,4095,0,602,0,0,0
32.2,56.1,2798,4095,0,595,0,0,0
32.2,56.1,2793,4095,0,597,0,0,0
32.3,56.1,2791,4095,0,597,0,0,0
32.3,56.1,2759,4095,0,603,0,0,0
32.3,56.1,2773,4095,0,592,0,0,0
32.3,56.1,2775,4095,0,603,0,0,0
32.2,56.1,2794,4095,0,601,0,0,0
32.2,56.1,2768,4095,0,596,0,0,0
32.2,56.1,2792,4095,0,608,0,0,0
32.2,56.1,2801,4095,0,595,0,0,0
32.2,56.1,2801,4095,0,598,0,0,0
32.2,56.1,2779,4095,0,599,0,0,0
32.2,56.1,2789,4095,0,464,0,0,0
32.2,56.1,2801,4095,0,593,0,0,0
32.2,56.1,2803,4095,0,592,0,0,0
32.2,56.1,2778,4095,0,594,0,0,0
32.2,56.1,2781,4095,0,599,0,0,0
32.2,56.1,2806,4095,0,592,0,0,0
32.2,56.1,2800,4095,0,602,0,0,0
32.2,56.1,2790,4095,0,595,0,0,0
32.2,56.1,2779,4095,0,603,0,0,0
32.2,56.1,2807,4095,0,604,0,0,0
32.2,56.1,2800,4095,0,607,0,0,0
32.2,56.1,2789,4095,0,594,0,0,0
32.2,56.1,2773,4095,0,597,0,0,0
32.2,56.1,2800,4095,0,594,0,0,0
32.2,56.1,2795,4095,0,598,0,0,0
32.2,56.1,2799,4095,0,601,0,0,0
32.2,56.1,2770,4095,0,603,0,0,0
32.2,56.1,2797,4095,0,592,0,0,0
32.2,56.1,2787,4095,0,604,0,0,0
32.2,56.1,2805,4095,0,597,0,0,0
32.2,56.1,2778,4095,0,597,0,0,0
32.2,56.1,2787,4095,0,598,0,0,0
32.2,56.1,2781,4095,0,601,0,0,0
32.2,56.1,2805,4095,0,605,0,0,0
32.2,56.1,2783,4095,0,599,0,0,0
32.2,56.1,2783,4095,0,596,0,0,0
32.2,56.2,2775,4095,0,608,0,0,0
32.2,56.2,2803,4095,0,599,0,0,0
32.2,56.2,2786,4095,0,603,0,0,0
32.2,56.2,2773,4095,0,593,0,0,0
32.2,56.2,2768,4095,0,603,0,0,0
32.2,56.2,2798,4095,0,602,0,0,0
32.2,56.2,2790,4095,0,595,0,0,0
32.2,56.2,2771,4095,0,605,0,0,0
32.2,56.1,2768,4095,0,606,0,0,0
32.2,56.1,2789,4095,0,592,0,0,0
32.2,56.1,2800,4095,0,597,0,0,0
32.2,56.1,2768,4095,0,593,0,0,0
32.2,56.2,2769,4095,0,602,0,0,0
32.2,56.2,2784,4095,0,607,0,0,0
32.2,56.2,2803,4095,0,601,0,0,0
32.2,56.2,2775,4095,0,598,0,0,0
32.2,56.2,2778,4095,0,576,0,0,0
32.2,56.2,2775,4095,0,599,0,0,0
32.2,56.2,2802,4095,0,593,0,0,0
32.2,56.2,2783,4095,0,593,0,0,0
32.2,56.2,2787,4095,0,601,0,0,0
32.2,56.2,2769,4095,0,599,0,0,0
32.2,56.2,2797,4095,0,599,0,0,0
32.2,56.2,2787,4095,0,603,0,0,0
32.2,56.2,2792,4095,0,605,0,0,0
32.2,56.2,2767,4095,0,603,0,0,0
32.2,56.2,2766,4095,0,597,0,0,0
32.2,56.2,2793,4095,0,603,0,0,0
32.2,56.2,2799,4095,0,605,0,0,0
32.2,56.2,2775,4095,0,594,0,0,0
32.2,56.2,2779,4095,0,640,0,0,0
32.2,56.2,2800,4095,0,602,0,0,0
32.2,56.2,2800,4095,0,599,0,0,0
32.2,56.2,2774,4095,0,603,0,0,0
32.2,56.2,2770,4095,0,599,0,0,0
32.2,56.2,2798,4095,0,606,0,0,0
32.2,56.2,2796,4095,0,595,0,0,0
32.2,56.2,2785,4095,0,607,0,0,0
32.2,56.2,2771,4095,0,598,0,0,0
32.2,56.2,2800,4095,0,602,0,0,0
32.2,56.2,2790,4095,0,604,0,0,0
32.2,56.2,2789,4095,0,599,0,0,0
32.2,56.2,2769,4095,0,592,0,0,0
32.2,56.2,2791,4095,0,597,0,0,0
32.2,56.2,2787,4095,0,595,0,0,0
32.2,56.2,2795,4095,0,603,0,0,0
32.2,56.2,2768,4095,0,599,0,0,0
32.2,56.2,2793,4095,0,597,0,0,0
32.2,56.2,2784,4095,0,596,0,0,0
32.2,56.2,2796,4095,0,602,0,0,0
32.2,56.2,2763,4095,0,594,0,0,0
32.2,56.2,2739,4095,0,592,0,0,0
32.2,56.3,2775,4095,0,596,0,0,0
32.2,56.3,2794,4095,0,603,0,0,0
32.2,56.3,2764,4095,0,603,0,0,0
32.2,56.3,2780,4095,0,607,0,0,0
32.2,56.3,2774,4095,0,597,0,0,0
32.2,56.3,2796,4095,0,598,0,0,0
32.2,56.3,2768,4095,0,583,0,0,0
32.2,56.3,2779,4095,0,598,0,0,0
32.2,56.3,2770,4095,0,599,0,0,0
32.2,56.3,2798,4095,0,605,0,0,0
32.2,56.3,2768,4095,0,595,0,0,0
32.2,56.3,2777,4095,0,605,0,0,0
32.2,56.3,2768,4095,0,603,0,0,0
32.2,56.3,2798,4095,0,597,0,0,0
32.2,56.3,2766,4095,0,606,0,0,0
32.2,56.3,2768,4095,0,607,0,0,0
32.2,56.3,2767,4095,0,603,0,0,0
32.2,56.3,2794,4095,0,607,0,0,0
32.2,56.3,2768,4095,0,597,0,0,0
32.2,56.3,2765,4095,0,596,0,0,0
32.1,56.3,2758,4095,0,603,0,0,0
32.1,56.3,2787,4095,0,599,0,0,0
32.1,56.3,2770,4095,0,597,0,0,0
32.1,56.3,2759,4095,0,593,0,0,0
32.2,56.4,2758,4095,0,601,0,0,0
32.2,56.4,2786,4095,0,600,0,0,0
32.2,56.4,2773,4095,0,607,0,0,0
32.2,56.4,2766,4095,0,601,0,0,0
32.2,56.4,2758,4095,0,596,0,0,0
32.2,56.4,2779,4095,0,602,0,0,0
32.2,56.4,2773,4095,0,599,0,0,0
32.2,56.4,2752,4095,0,592,0,0,0
32.2,56.4,2743,4095,0,599,0,0,0
32.2,56.4,2765,4095,0,602,0,0,0
32.2,56.4,2778,4095,0,602,0,0,0
32.2,56.4,2753,4095,0,592,0,0,0
32.1,56.4,2759,4095,0,595,0,0,0
32.1,56.4,2774,4095,0,594,0,0,0
32.1,56.4,2791,4095,0,598,0,0,0
32.1,56.4,2762,4095,0,593,0,0,0
32.2,56.4,2766,4095,0,607,0,0,0
32.2,56.4,2767,4095,0,597,0,0,0
32.2,56.4,2787,4095,0,593,0,0,0
32.2,56.4,2768,4095,0,590,0,0,0
32.2,56.4,2772,4095,0,598,0,0,0
32.2,56.4,2757,4095,0,559,0,0,0
32.2,56.4,2779,4095,0,592,0,0,0
32.2,56.4,2768,4095,0,593,0,0,0
32.2,56.3,2768,4095,0,597,0,0,0
32.2,56.3,2738,4095,0,596,0,0,0
32.2,56.3,2767,4095,0,597,0,0,0
32.2,56.3,2766,4095,0,599,0,0,0
32.2,56.4,2750,4095,0,601,0,0,0
32.2,56.4,2691,4095,0,590,0,0,0
32.2,56.4,2659,4095,0,593,0,0,0
32.2,56.4,2636,4095,0,598,0,0,0
32.1,56.4,2586,4095,0,644,0,0,0
32.1,56.4,2527,4095,0,598,0,0,0
32.1,56.4,2496,4095,0,592,0,0,0
32.1,56.4,2544,4095,0,598,0,0,0
32.2,56.4,2541,4095,0,599,0,0,0
32.2,56.4,2557,4095,0,594,0,0,0
32.2,56.4,2544,4095,0,596,0,0,0
32.2,56.4,2605,4095,0,577,0,0,0
32.2,56.4,2613,4095,0,598,0,0,0
32.2,56.4,2656,4095,0,639,0,0,0
32.2,56.4,2640,4095,0,592,0,0,0
32.2,56.4,2666,4095,0,603,0,0,0
32.2,56.4,2643,4095,0,603,0,0,0
32.2,56.4,2669,4095,0,604,0,0,0
32.2,56.4,2629,4095,0,599,0,0,0
32.2,56.4,2603,4095,0,595,0,0,0
32.2,56.5,2596,4095,0,602,0,0,0
32.2,56.5,2642,4095,0,597,0,0,0
32.2,56.5,2690,4095,0,599,0,0,0
32.2,56.5,2700,4095,0,599,0,0,0
32.2,56.5,2717,4095,0,599,0,0,0
32.2,56.5,2721,4095,0,599,0,0,0
32.2,56.5,2733,4095,0,626,0,0,0
32.2,56.5,2699,4095,0,601,0,0,0
32.2,56.4,2710,4095,0,597,0,0,0
32.2,56.4,2704,4095,0,602,0,0,0
32.2,56.4,2743,4095,0,597,0,0,0
32.2,56.4,2743,4095,0,605,0,0,0
32.1,56.3,2747,4095,0,606,0,0,0
32.1,56.3,2704,4095,0,607,0,0,0
32.1,56.3,2718,4095,0,595,0,0,0
32.1,56.3,2736,4095,0,593,0,0,0
32.1,56.3,2735,4095,0,599,0,0,0
32.1,56.3,2702,4095,0,600,0,0,0
32.1,56.3,2687,4095,0,592,0,0,0
32.1,56.3,2674,4095,0,595,0,0,0
32.2,56.3,2604,4095,0,600,0,0,0
32.2,56.3,2512,4095,0,595,0,0,0
32.2,56.3,2450,4095,0,593,0,0,0
32.2,56.3,2467,4095,0,604,0,0,0
32.2,56.3,2448,4095,0,599,0,0,0
32.2,56.3,2455,4095,0,603,0,0,0
32.2,56.3,2407,4095,0,600,0,0,0
32.2,56.3,2439,4095,0,595,0,0,0
32.1,56.3,2423,4095,0,605,0,0,0
32.1,56.3,2457,4095,0,593,0,0,0
32.1,56.3,2409,4095,0,607,0,0,0
32.1,56.3,2423,4095,0,603,0,0,0
32.1,56.3,2414,4095,0,606,0,0,0
32.1,56.3,2458,4095,0,601,0,0,0
32.1,56.3,2432,4095,0,603,0,0,0
32.1,56.3,2416,4095,0,593,0,0,0
32.1,56.3,2411,4095,0,602,0,0,0
32.1,56.3,2448,4095,0,604,0,0,0
32.1,56.3,2445,4095,0,606,0,0,0
32.1,56.3,2410,4095,0,602,0,0,0
32.2,56.3,2415,4095,0,605,0,0,0
32.2,56.3,2439,4095,0,605,0,0,0
32.2,56.3,2459,4095,0,603,0,0,0
32.2,56.3,2410,4095,0,599,0,0,0
32.1,56.5,2416,4095,0,593,0,0,0
32.1,56.5,2419,4095,0,599,0,0,0
32.1,56.5,2459,4095,0,594,0,0,0
32.1,56.5,2418,4095,0,603,0,0,0
32.2,56.5,2432,4095,0,603,0,0,0
32.2,56.5,2416,4095,0,598,0,0,0
32.2,56.5,2463,4095,0,605,0,0,0
32.2,56.5,2454,4095,0,602,0,0,0
32.1,56.4,2478,4095,0,609,0,0,0
32.1,56.4,2448,4095,0,596,0,0,0
32.1,56.4,2480,4095,0,597,0,0,0
32.1,56.4,2480,4095,0,599,0,0,0
32.1,56.4,2480,4095,0,610,0,0,0
32.1,56.4,2416,4095,0,631,0,0,0
32.1,56.4,2428,4095,0,591,0,0,0
32.1,56.4,2463,4095,0,596,0,0,0
32.2,56.4,2447,4095,0,602,0,0,0
32.2,56.4,2427,4095,0,615,0,0,0
32.2,56.4,2410,4095,0,542,0,0,0
32.2,56.4,2451,4095,0,602,0,0,0
32.1,56.4,2442,4095,0,593,0,0,0
32.1,56.4,2439,4095,0,608,0,0,0
32.1,56.4,2401,4095,0,598,0,0,0
32.1,56.4,2439,4095,0,598,0,0,0
32.2,56.4,2423,4095,0,609,0,0,0
32.2,56.4,2451,4095,0,601,0,0,0
32.2,56.4,2399,4095,0,617,0,0,0
32.2,56.4,2424,4095,0,610,0,0,0
32.2,56.4,2409,4095,0,598,0,0,0
32.2,56.4,2461,4095,0,597,0,0,0
32.2,56.4,2419,4095,0,607,0,0,0
32.2,56.4,2416,4095,0,604,0,0,0
32.1,56.5,2406,4095,0,599,0,0,0
32.1,56.5,2432,4095,0,599,0,0,0
32.1,56.5,2447,4095,0,612,0,0,0
32.1,56.5,2412,4095,0,604,0,0,0
32.1,56.7,2407,4095,0,605,0,0,0
32.1,56.7,2442,4095,0,698,0,0,0
32.1,56.7,2474,4095,0,603,0,0,0
32.1,56.7,2434,4095,0,594,0,0,0
32.1,56.9,2455,4095,0,603,0,0,0
32.1,56.9,2483,4095,0,601,0,0,0
32.1,56.9,2555,4095,0,599,0,0,0
32.1,56.9,2557,4095,0,598,0,0,0
32.1,57.0,2608,4095,0,597,0,0,0
32.1,57.0,2611,4095,0,598,0,0,0
32.1,57.0,2659,4095,0,600,0,0,0
32.1,57.0,2654,4095,0,597,0,0,0
32.2,57.0,2650,4095,0,594,0,0,0
32.2,57.0,2586,4095,0,602,0,0,0
32.2,57.0,2559,4095,0,593,0,0,0
32.2,57.0,2535,4095,0,592,0,0,0
32.1,56.9,2510,4095,0,592,0,0,0
32.1,56.9,2461,4095,0,595,0,0,0
32.1,56.9,2465,4095,0,598,0,0,0
32.1,56.9,2508,4095,0,594,0,0,0
32.1,56.8,2496,4095,0,593,0,0,0
32.1,56.8,2479,4095,0,593,0,0,0
32.1,56.8,2449,4095,0,592,0,0,0
32.1,56.8,2494,4095,0,598,0,0,0
32.1,56.7,2491,4095,0,592,0,0,0
32.1,56.7,2493,4095,0,591,0,0,0
32.1,56.7,2448,4095,0,597,0,0,0
32.1,56.7,2475,4095,0,598,0,0,0
32.2,56.6,2454,4095,0,599,0,0,0
32.2,56.6,2482,4095,0,595,0,0,0
32.2,56.6,2445,4095,0,602,0,0,0
32.2,56.6,2469,4095,0,593,0,0,0
32.1,56.5,2467,4095,0,594,0,0,0
32.1,56.5,2514,4095,0,591,0,0,0
32.1,56.5,2494,4095,0,597,0,0,0
32.1,56.5,2475,4095,0,602,0,0,0
32.2,56.5,2480,4095,0,605,0,0,0
32.2,56.5,2533,4095,0,603,0,0,0
32.2,56.5,2554,4095,0,592,0,0,0
32.2,56.5,2511,4095,0,605,0,0,0
32.2,56.5,2515,4095,0,599,0,0,0
32.2,56.5,2525,4095,0,599,0,0,0
32.2,56.5,2559,4095,0,594,0,0,0
32.2,56.5,2530,4095,0,597,0,0,0
32.1,56.4,2535,4095,0,598,0,0,0
32.1,56.4,2544,4095,0,592,0,0,0
32.1,56.4,2559,4095,0,602,0,0,0
32.1,56.4,2602,4095,0,592,0,0,0
32.1,56.5,2621,4095,0,594,0,0,0
32.1,56.5,2593,4095,0,599,0,0,0
32.1,56.5,2583,4095,0,597,0,0,0
32.1,56.5,2610,4095,0,599,0,0,0
32.2,56.5,2618,4095,0,592,0,0,0
32.2,56.5,2656,4095,0,599,0,0,0
32.2,56.5,2651,4095,0,598,0,0,0
32.2,56.5,2689,4095,0,605,0,0,0
32.1,56.4,2708,4095,0,603,0,0,0
32.1,56.4,2753,4095,0,592,0,0,0
32.1,56.4,2752,4095,0,597,0,0,0
32.1,56.4,2738,4095,0,599,0,0,0
32.1,56.5,2739,4095,0,592,0,0,0
32.1,56.5,2750,4095,0,605,0,0,0
32.1,56.5,2769,4095,0,592,0,0,0
32.1,56.5,2746,4095,0,599,0,0,0
32.2,56.5,2755,4095,0,599,0,0,0
32.2,56.5,2730,4095,0,595,0,0,0
32.2,56.5,2735,4095,0,603,0,0,0
32.2,56.5,2741,4095,0,598,0,0,0
32.1,56.5,2725,4095,0,607,0,0,0
32.1,56.5,2709,4095,0,594,0,0,0
32.1,56.5,2682,4095,0,591,0,0,0
32.1,56.5,2695,4095,0,599,0,0,0
32.1,56.5,2688,4095,0,576,0,0,0
32.1,56.5,2717,4095,0,592,0,0,0
32.1,56.5,2688,4095,0,599,0,0,0
32.1,56.5,2645,4095,0,594,0,0,0
32.1,56.5,2627,4095,0,592,0,0,0
32.1,56.5,2643,4095,0,597,0,0,0
32.1,56.5,2673,4095,0,599,0,0,0
32.1,56.5,2642,4095,0,597,0,0,0
32.1,56.5,2638,4095,0,603,0,0,0
32.1,56.5,2622,4095,0,592,0,0,0
32.1,56.5,2644,4095,0,592,0,0,0
32.1,56.5,2663,4095,0,591,0,0,0
32.1,56.5,2674,4095,0,598,0,0,0
32.1,56.5,2671,4095,0,594,0,0,0
32.1,56.5,2667,4095,0,601,0,0,0
32.1,56.5,2691,4095,0,598,0,0,0
32.1,56.5,2674,4095,0,487,0,0,0
32.1,56.5,2687,4095,0,595,0,0,0
32.1,56.5,2651,4095,0,597,0,0,0
32.1,56.5,2669,4095,0,592,0,0,0
32.1,56.5,2693,4095,0,596,0,0,0
32.1,56.5,2757,4095,0,594,0,0,0
32.1,56.5,2769,4095,0,602,0,0,0
32.1,56.5,2743,4095,0,593,0,0,0
32.1,56.5,2743,4095,0,596,0,0,0
32.1,56.5,2737,4095,0,612,0,0,0
32.1,56.5,2763,4095,0,602,0,0,0
32.1,56.5,2751,4095,0,598,0,0,0
32.1,56.5,2761,4095,0,599,0,0,0
32.1,56.5,2736,4095,0,592,0,0,0
32.1,56.5,2753,4095,0,594,0,0,0
32.1,56.5,2755,4095,0,595,0,0,0
32.1,56.5,2720,4095,0,593,0,0,0
32.1,56.5,2657,4095,0,595,0,0,0
32.1,56.5,2617,4095,0,602,0,0,0
32.1,56.5,2655,4095,0,607,0,0,0
32.1,56.5,2625,4095,0,603,0,0,0
32.1,56.5,2585,4095,0,603,0,0,0
32.1,56.5,2505,4095,0,598,0,0,0
32.1,56.5,2509,4095,0,597,0,0,0
32.1,56.5,2479,4095,0,595,0,0,0
32.1,56.5,2495,4095,0,599,0,0,0
32.1,56.5,2469,4095,0,597,0,0,0
32.1,56.5,2441,4095,0,594,0,0,0
32.1,56.5,2434,4095,0,610,0,0,0
32.1,56.5,2465,4095,0,597,0,0,0
32.1,56.5,2487,4095,0,602,0,0,0
32.1,56.5,2452,4095,0,595,0,0,0
32.1,56.5,2507,4095,0,598,0,0,0
32.1,56.5,2503,4095,0,594,0,0,0
32.1,56.5,2558,4095,0,597,0,0,0
32.1,56.5,2558,4095,0,601,0,0,0
32.1,56.5,2599,4095,0,602,0,0,0
32.1,56.5,2559,4095,0,601,0,0,0
32.1,56.5,2581,4095,0,602,0,0,0
32.1,56.5,2559,4095,0,607,0,0,0
32.1,56.6,2579,4095,0,603,0,0,0
32.1,56.6,2559,4095,0,593,0,0,0
32.1,56.6,2559,4095,0,601,0,0,0
32.1,56.6,2599,4095,0,589,0,0,0
32.1,56.6,2585,4095,0,602,0,0,0
32.1,56.6,2585,4095,0,599,0,0,0
32.1,56.6,2541,4095,0,598,0,0,0
32.1,56.6,2547,4095,0,595,0,0,0
32.1,56.6,2559,4095,0,606,0,0,0
32.1,56.6,2606,4095,0,598,0,0,0
32.1,56.6,2579,4095,0,595,0,0,0
32.1,56.6,2549,4095,0,593,0,0,0
32.1,56.6,2530,4095,0,592,0,0,0
32.1,56.6,2542,4095,0,593,0,0,0
32.1,56.6,2544,4095,0,597,0,0,0
32.1,56.6,2491,4095,0,594,0,0,0
32.1,56.5,2496,4095,0,599,0,0,0
32.1,56.5,2469,4095,0,598,0,0,0
32.1,56.5,2487,4095,0,599,0,0,0
32.1,56.5,2496,4095,0,594,0,0,0
32.1,56.5,2498,4095,0,597,0,0,0
32.1,56.5,2467,4095,0,597,0,0,0
32.1,56.5,2448,4095,0,595,0,0,0
32.1,56.5,2477,4095,0,597,0,0,0
32.1,56.5,2451,4095,0,598,0,0,0
32.1,56.5,2471,4095,0,614,0,0,0
32.1,56.5,2424,4095,0,598,0,0,0
32.1,56.5,2422,4095,0,593,0,0,0
32.1,56.5,2408,4095,0,597,0,0,0
32.1,56.5,2433,4095,0,599,0,0,0
32.1,56.5,2439,4095,0,595,0,0,0
32.1,56.5,2391,4095,0,595,0,0,0
32.1,56.5,2416,4095,0,592,0,0,0
32.1,56.5,2396,4095,0,598,0,0,0
32.1,56.5,2429,4095,0,602,0,0,0
32.1,56.5,2432,4095,0,594,0,0,0
32.1,56.6,2438,4095,0,592,0,0,0
32.1,56.6,2399,4095,0,598,0,0,0
32.1,56.6,2359,4095,0,592,0,0,0
32.1,56.6,2425,4095,0,607,0,0,0
32.1,56.6,2405,4095,0,501,0,0,0
32.1,56.6,2416,4095,0,592,0,0,0
32.1,56.6,2380,4095,0,619,0,0,0
32.1,56.6,2354,4095,0,591,0,0,0
32.1,56.6,2361,4095,0,595,0,0,0
32.1,56.6,2408,4095,0,596,0,0,0
32.1,56.6,2442,4095,0,596,0,0,0
32.1,56.6,2399,4095,0,598,0,0,0
32.1,56.6,2417,4095,0,599,0,0,0
32.1,56.6,2369,4095,0,593,0,0,0
32.1,56.6,2391,4095,0,560,0,0,0
32.1,56.6,2423,4095,0,598,0,0,0
32.1,56.7,2426,4095,0,595,0,0,0
32.1,56.7,2417,4095,0,594,0,0,0
32.1,56.7,2381,4095,0,595,0,0,0
32.1,56.7,2407,4095,0,603,0,0,0
32.1,56.6,2363,4095,0,594,0,0,0
32.1,56.6,2389,4095,0,585,0,0,0
32.1,56.6,2384,4095,0,599,0,0,0
32.1,56.6,2363,4095,0,592,0,0,0
32.1,56.7,2384,4095,0,601,0,0,0
32.1,56.7,2393,4095,0,605,0,0,0
32.1,56.7,2433,4095,0,688,0,0,0
32.1,56.7,2425,4095,0,592,0,0,0
32.1,56.7,2433,4095,0,601,0,0,0
32.1,56.7,2395,4095,0,599,0,0,0
32.1,56.7,2385,4095,0,596,0,0,0
32.1,56.7,2430,4095,0,599,0,0,0
32.1,56.7,2418,4095,0,598,0,0,0
32.1,56.7,2448,4095,0,599,0,0,0
32.1,56.7,2414,4095,0,602,0,0,0
32.1,56.7,2397,4095,0,601,0,0,0
32.1,56.7,2381,4095,0,602,0,0,0
32.1,56.7,2414,4095,0,593,0,0,0
32.1,56.7,2448,4095,0,603,0,0,0
32.1,56.7,2421,4095,0,615,0,0,0
32.0,56.7,2447,4095,0,595,0,0,0
32.0,56.7,2407,4095,0,595,0,0,0
32.0,56.7,2403,4095,0,634,0,0,0
32.0,56.7,2446,4095,0,592,0,0,0
32.0,56.7,2418,4095,0,599,0,0,0
32.0,56.7,2449,4095,0,570,0,0,0
32.0,56.7,2418,4095,0,602,0,0,0
32.0,56.7,2402,4095,0,595,0,0,0
32.1,56.7,2401,4095,0,605,0,0,0
32.1,56.7,2416,4095,0,599,0,0,0
32.1,56.7,2459,4095,0,599,0,0,0
32.1,56.7,2448,4095,0,595,0,0,0
32.1,56.7,2471,4095,0,597,0,0,0
32.1,56.7,2439,4095,0,592,0,0,0
32.1,56.7,2446,4095,0,598,0,0,0
32.1,56.7,2482,4095,0,606,0,0,0
32.0,56.7,2443,4095,0,610,0,0,0
32.0,56.7,2480,4095,0,592,0,0,0
32.0,56.7,2437,4095,0,594,0,0,0
32.0,56.7,2429,4095,0,593,0,0,0
32.0,56.7,2411,4095,0,608,0,0,0
32.0,56.7,2433,4095,0,602,0,0,0
32.0,56.7,2457,4095,0,597,0,0,0
32.0,56.7,2422,4095,0,599,0,0,0
32.0,56.7,2441,4095,0,601,0,0,0
32.0,56.7,2406,4095,0,602,0,0,0
32.0,56.7,2426,4095,0,599,0,0,0
32.0,56.7,2450,4095,0,594,0,0,0
32.0,56.7,2442,4095,0,603,0,0,0
32.0,56.7,2448,4095,0,605,0,0,0
32.0,56.7,2405,4095,0,615,0,0,0
32.0,56.7,2415,4095,0,598,0,0,0
32.1,56.7,2401,4095,0,651,0,0,0
32.1,56.7,2432,4095,0,597,0,0,0
32.1,56.7,2448,4095,0,595,0,0,0
32.1,56.7,2416,4095,0,598,0,0,0
32.0,56.7,2444,4095,0,609,0,0,0
32.0,56.7,2398,4095,0,601,0,0,0
32.0,56.7,2417,4095,0,603,0,0,0
32.0,56.7,2449,4095,0,599,0,0,0
32.0,56.7,2431,4095,0,601,0,0,0
32.0,56.7,2446,4095,0,606,0,0,0
32.0,56.7,2405,4095,0,604,0,0,0
32.0,56.7,2397,4095,0,603,0,0,0
32.0,56.7,2386,4095,0,610,0,0,0
32.0,56.7,2407,4095,0,602,0,0,0
32.0,56.7,2448,4095,0,599,0,0,0
32.0,56.7,2422,4095,0,598,0,0,0
32.0,56.7,2446,4095,0,596,0,0,0
32.0,56.7,2401,4095,0,601,0,0,0
32.0,56.7,2399,4095,0,594,0,0,0
32.0,56.7,2437,4095,0,602,0,0,0
32.0,56.7,2415,4095,0,601,0,0,0
32.0,56.7,2448,4095,0,600,0,0,0
32.0,56.7,2429,4095,0,597,0,0,0
32.0,56.7,2393,4095,0,602,0,0,0
32.0,56.8,2409,4095,0,602,0,0,0
32.0,56.8,2403,4095,0,599,0,0,0
32.0,56.8,2438,4095,0,596,0,0,0
32.0,56.8,2441,4095,0,601,0,0,0
32.0,56.8,2439,4095,0,605,0,0,0
32.0,56.8,2421,4095,0,598,0,0,0
32.0,56.8,2385,4095,0,599,0,0,0
32.0,56.8,2416,4095,0,588,0,0,0
32.0,56.8,2389,4095,0,609,0,0,0
32.0,56.8,2475,4095,0,608,0,0,0
32.0,56.8,2416,4095,0,596,0,0,0
32.0,56.8,2384,4095,0,597,0,0,0
32.0,56.8,2420,4095,0,598,0,0,0
32.0,56.8,2390,4095,0,608,0,0,0
32.0,56.8,2400,4095,0,597,0,0,0
32.0,56.8,2371,4095,0,597,0,0,0
32.0,56.8,2329,4095,0,598,0,0,0
32.0,56.8,2378,4095,0,603,0,0,0
32.0,56.8,2385,4095,0,597,0,0,0
32.0,56.8,2410,4095,0,595,0,0,0
32.0,56.8,2396,4095,0,592,0,0,0
32.0,56.8,2402,4095,0,590,0,0,0
32.0,56.8,2405,4095,0,597,0,0,0
32.0,56.8,2374,4095,0,594,0,0,0
32.0,56.8,2438,4095,0,593,0,0,0
32.0,56.8,2401,4095,0,593,0,0,0
32.0,56.8,2416,4095,0,604,0,0,0
32.0,56.8,2454,4095,0,598,0,0,0
32.1,56.8,2420,4095,0,596,0,0,0
32.1,56.8,2405,4095,0,594,0,0,0
32.1,56.8,2351,4095,0,603,0,0,0
32.1,56.8,2379,4095,0,592,0,0,0
32.0,56.8,2390,4095,0,592,0,0,0
32.0,56.8,2427,4095,0,600,0,0,0
32.0,56.8,2442,4095,0,595,0,0,0
32.0,56.8,2410,4095,0,599,0,0,0
32.0,56.8,2395,4095,0,594,0,0,0
32.0,56.8,2348,4095,0,596,0,0,0
32.0,56.8,2394,4095,0,591,0,0,0
32.0,56.8,2446,4095,0,597,0,0,0
32.0,56.8,2431,4095,0,595,0,0,0
32.0,56.8,2462,4095,0,593,0,0,0
32.0,56.8,2414,4095,0,601,0,0,0
32.0,56.8,2384,4095,0,594,0,0,0
32.0,56.8,2394,4095,0,595,0,0,0
32.0,56.8,2418,4095,0,599,0,0,0
32.0,56.8,2458,4095,0,592,0,0,0
32.0,56.8,2438,4095,0,593,0,0,0
32.0,56.8,2459,4095,0,594,0,0,0
32.0,56.8,2416,4095,0,599,0,0,0
32.0,56.8,2415,4095,0,597,0,0,0
32.0,56.8,2450,4095,0,655,0,0,0
32.1,56.8,2432,4095,0,599,0,0,0
32.1,56.8,2462,4095,0,597,0,0,0
32.1,56.8,2420,4095,0,592,0,0,0
32.1,56.8,2407,4095,0,597,0,0,0
32.0,56.7,2416,4095,0,593,0,0,0
32.0,56.7,2432,4095,0,593,0,0,0
32.0,56.7,2475,4095,0,590,0,0,0
32.0,56.7,2435,4095,0,592,0,0,0
32.0,56.7,2416,4095,0,603,0,0,0
32.0,56.7,2385,4095,0,592,0,0,0
32.0,56.7,2419,4095,0,595,0,0,0
32.0,56.7,2465,4095,0,592,0,0,0
32.0,56.7,2455,4095,0,592,0,0,0
32.0,56.7,2503,4095,0,592,0,0,0
32.0,56.7,2497,4095,0,528,0,0,0
32.0,56.7,2493,4095,0,594,0,0,0
32.0,56.7,2592,4095,0,602,0,0,0
32.0,56.7,2659,4095,0,579,0,0,0
32.0,56.7,2719,4095,0,598,0,0,0
32.0,56.7,2746,4095,0,592,0,0,0
32.0,56.7,2763,4095,0,598,0,0,0
32.0,56.7,2751,4095,0,596,0,0,0
32.0,56.7,2743,4095,0,596,0,0,0
32.0,56.7,2775,4095,0,604,0,0,0
32.0,56.7,2775,4095,0,596,0,0,0
32.0,56.7,2794,4095,0,597,0,0,0
32.0,56.7,2803,4095,0,597,0,0,0
32.0,56.7,2761,4095,0,598,0,0,0
32.0,56.7,2766,4095,0,598,0,0,0
32.0,56.7,2752,4095,0,598,0,0,0
32.0,56.7,2779,4095,0,597,0,0,0
32.0,56.7,2810,4095,0,603,0,0,0
32.0,56.7,2801,4095,0,599,0,0,0
32.0,56.7,2775,4095,0,601,0,0,0
32.0,56.7,2755,4095,0,593,0,0,0
32.0,56.7,2749,4095,0,593,0,0,0
32.0,56.7,2763,4095,0,598,0,0,0
32.0,56.7,2791,4095,0,583,0,0,0
32.0,56.7,2814,4095,0,593,0,0,0
32.0,56.7,2803,4095,0,602,0,0,0
32.0,56.7,2804,4095,0,603,0,0,0
32.0,56.7,2750,4095,0,590,0,0,0
32.0,56.7,2726,4095,0,598,0,0,0
32.0,56.7,2774,4095,0,594,0,0,0
32.0,56.7,2807,4095,0,594,0,0,0
32.0,56.7,2807,4095,0,592,0,0,0
32.0,56.7,2799,4095,0,593,0,0,0
32.0,56.7,2775,4095,0,592,0,0,0
32.0,56.7,2781,4095,0,599,0,0,0
32.0,56.7,2775,4095,0,593,0,0,0
32.0,56.7,2799,4095,0,595,0,0,0
32.0,56.7,2812,4095,0,592,0,0,0
32.0,56.7,2811,4095,0,593,0,0,0
32.0,56.7,2803,4095,0,594,0,0,0
32.0,56.7,2785,4095,0,592,0,0,0
32.0,56.7,2791,4095,0,592,0,0,0
32.0,56.6,2778,4095,0,608,0,0,0
32.0,56.6,2799,4095,0,597,0,0,0
32.0,56.6,2811,4095,0,592,0,0,0
32.0,56.6,2785,4095,0,592,0,0,0
32.0,56.7,2807,4095,0,602,0,0,0
32.0,56.7,2780,4095,0,593,0,0,0
32.0,56.7,2765,4095,0,592,0,0,0
32.0,56.7,2777,4095,0,602,0,0,0
32.0,56.6,2778,4095,0,592,0,0,0
32.0,56.6,2805,4095,0,594,0,0,0
32.0,56.6,2805,4095,0,589,0,0,0
32.0,56.6,2789,4095,0,592,0,0,0
32.0,56.6,2798,4095,0,557,0,0,0
32.0,56.6,2775,4095,0,599,0,0,0
32.0,56.6,2791,4095,0,596,0,0,0
32.0,56.6,2805,4095,0,594,0,0,0
32.0,56.6,2807,4095,0,598,0,0,0
32.0,56.6,2805,4095,0,598,0,0,0
32.0,56.6,2790,4095,0,592,0,0,0
32.0,56.6,2793,4095,0,597,0,0,0
32.0,56.6,2773,4095,0,598,0,0,0
32.0,56.6,2789,4095,0,553,0,0,0
32.0,56.6,2807,4095,0,597,0,0,0
32.0,56.6,2797,4095,0,595,0,0,0
32.0,56.6,2807,4095,0,603,0,0,0
32.0,56.6,2783,4095,0,592,0,0,0
32.0,56.6,2780,4095,0,592,0,0,0
32.0,56.6,2801,4095,0,601,0,0,0
32.0,56.6,2785,4095,0,596,0,0,0
32.0,56.6,2806,4095,0,594,0,0,0
32.0,56.6,2793,4095,0,597,0,0,0
32.0,56.6,2772,4095,0,593,0,0,0
32.0,56.6,2779,4095,0,598,0,0,0
32.0,56.6,2773,4095,0,592,0,0,0
32.0,56.6,2799,4095,0,596,0,0,0
32.0,56.6,2814,4095,0,598,0,0,0
32.0,56.6,2806,4095,0,596,0,0,0
32.0,56.6,2807,4095,0,598,0,0,0
32.0,56.6,2787,4095,0,606,0,0,0
32.0,56.6,2795,4095,0,597,0,0,0
32.0,56.6,2785,4095,0,595,0,0,0
32.0,56.6,2801,4095,0,599,0,0,0
32.0,56.6,2800,4095,0,597,0,0,0
32.0,56.6,2803,4095,0,592,0,0,0
32.0,56.6,2815,4095,0,597,0,0,0
32.0,56.6,2796,4095,0,599,0,0,0
32.0,56.6,2797,4095,0,595,0,0,0
32.0,56.6,2806,4095,0,540,0,0,0
32.0,56.6,2797,4095,0,606,0,0,0
32.0,56.6,2819,4095,0,593,0,0,0
32.0,56.6,2809,4095,0,595,0,0,0
32.0,56.6,2787,4095,0,597,0,0,0
32.0,56.6,2796,4095,0,600,0,0,0
32.0,56.6,2785,4095,0,586,0,0,0
32.0,56.6,2807,4095,0,602,0,0,0
32.0,56.6,2816,4095,0,599,0,0,0
32.0,56.6,2814,4095,0,593,0,0,0
32.0,56.6,2808,4095,0,593,0,0,0
32.0,56.6,2786,4095,0,592,0,0,0
32.0,56.6,2795,4095,0,595,0,0,0
32.1,56.6,2782,4095,0,597,0,0,0
32.1,56.6,2805,4095,0,591,0,0,0
32.1,56.6,2815,4095,0,599,0,0,0
32.1,56.6,2798,4095,0,592,0,0,0
32.0,56.6,2808,4095,0,598,0,0,0
32.0,56.6,2784,4095,0,595,0,0,0
32.0,56.6,2798,4095,0,595,0,0,0
32.0,56.6,2815,4095,0,593,0,0,0
32.0,56.6,2805,4095,0,597,0,0,0
32.0,56.6,2815,4095,0,593,0,0,0
32.0,56.6,2794,4095,0,596,0,0,0
32.0,56.6,2794,4095,0,619,0,0,0
32.0,56.5,2789,4095,0,615,0,0,0
32.0,56.5,2800,4095,0,592,0,0,0
32.0,56.5,2815,4095,0,597,0,0,0
32.0,56.5,2801,4095,0,603,0,0,0
32.0,56.6,2811,4095,0,592,0,0,0
32.0,56.6,2793,4095,0,592,0,0,0
32.0,56.6,2793,4095,0,593,0,0,0
32.0,56.6,2813,4095,0,592,0,0,0
32.0,56.6,2801,4095,0,596,0,0,0
32.0,56.6,2816,4095,0,592,0,0,0
32.0,56.6,2799,4095,0,592,0,0,0
32.0,56.6,2753,4095,0,593,0,0,0
32.0,56.5,2788,4095,0,601,0,0,0
32.0,56.5,2795,4095,0,595,0,0,0
32.0,56.5,2815,4095,0,599,0,0,0
32.0,56.5,2806,4095,0,511,0,0,0
32.0,56.6,2810,4095,0,596,0,0,0
32.0,56.6,2788,4095,0,593,0,0,0
32.0,56.6,2782,4095,0,639,0,0,0
32.0,56.6,2795,4095,0,594,0,0,0
32.0,56.5,2788,4095,0,601,0,0,0
32.0,56.5,2811,4095,0,602,0,0,0
32.0,56.5,2806,4095,0,594,0,0,0
32.0,56.5,2786,4095,0,594,0,0,0
32.0,56.5,2800,4095,0,593,0,0,0
32.0,56.5,2779,4095,0,601,0,0,0
32.0,56.5,2800,4095,0,605,0,0,0
32.0,56.5,2815,4095,0,592,0,0,0
32.0,56.5,2803,4095,0,594,0,0,0
32.0,56.5,2810,4095,0,598,0,0,0
32.0,56.5,2789,4095,0,594,0,0,0
32.0,56.5,2785,4095,0,601,0,0,0
32.0,56.5,2779,4095,0,595,0,0,0
32.0,56.5,2794,4095,0,598,0,0,0
32.0,56.5,2812,4095,0,596,0,0,0
32.0,56.5,2801,4095,0,593,0,0,0
32.0,56.5,2815,4095,0,592,0,0,0
32.0,56.5,2789,4095,0,601,0,0,0
32.0,56.5,2789,4095,0,596,0,0,0
32.0,56.5,2802,4095,0,595,0,0,0
32.0,56.5,2792,4095,0,599,0,0,0
32.0,56.5,2815,4095,0,606,0,0,0
32.0,56.5,2805,4095,0,589,0,0,0
32.0,56.5,2786,4095,0,597,0,0,0
32.0,56.5,2799,4095,0,596,0,0,0
32.0,56.5,2793,4095,0,597,0,0,0
32.0,56.5,2808,4095,0,593,0,0,0
32.0,56.5,2815,4095,0,598,0,0,0
32.0,56.5,2815,4095,0,595,0,0,0
32.0,56.5,2807,4095,0,591,0,0,0
32.0,56.5,2783,4095,0,598,0,0,0
32.0,56.5,2799,4095,0,595,0,0,0
32.0,56.5,2805,4095,0,592,0,0,0
32.0,56.5,2800,4095,0,592,0,0,0
32.0,56.5,2812,4095,0,592,0,0,0
32.0,56.5,2795,4095,0,591,0,0,0
32.0,56.5,2809,4095,0,594,0,0,0
32.0,56.5,2786,4095,0,595,0,0,0
32.0,56.5,2790,4095,0,598,0,0,0
32.0,56.5,2805,4095,0,594,0,0,0
32.0,56.5,2795,4095,0,593,0,0,0
32.0,56.5,2815,4095,0,589,0,0,0
32.0,56.5,2800,4095,0,595,0,0,0
32.0,56.5,2781,4095,0,592,0,0,0
32.0,56.5,2800,4095,0,592,0,0,0
32.0,56.5,2781,4095,0,591,0,0,0
32.0,56.5,2800,4095,0,592,0,0,0
32.0,56.5,2811,4095,0,592,0,0,0
32.0,56.5,2810,4095,0,596,0,0,0
32.0,56.5,2801,4095,0,592,0,0,0
32.0,56.5,2781,4095,0,598,0,0,0
32.0,56.5,2789,4095,0,598,0,0,0
32.0,56.5,2773,4095,0,597,0,0,0
32.0,56.5,2800,4095,0,593,0,0,0
32.0,56.5,2814,4095,0,586,0,0,0
32.0,56.5,2795,4095,0,592,0,0,0
32.0,56.5,2803,4095,0,593,0,0,0
32.0,56.5,2775,4095,0,588,0,0,0
32.0,56.5,2784,4095,0,598,0,0,0
32.0,56.5,2802,4095,0,598,0,0,0
32.0,56.5,2794,4095,0,592,0,0,0
32.0,56.5,2813,4095,0,642,0,0,0
32.0,56.5,2800,4095,0,596,0,0,0
32.0,56.5,2783,4095,0,602,0,0,0
32.0,56.5,2790,4095,0,605,0,0,0
32.0,56.5,2787,4095,0,592,0,0,0
32.0,56.5,2803,4095,0,594,0,0,0
32.0,56.5,2809,4095,0,586,0,0,0
32.0,56.5,2811,4095,0,592,0,0,0
32.0,56.5,2800,4095,0,593,0,0,0
32.0,56.5,2778,4095,0,596,0,0,0
32.0,56.5,2790,4095,0,598,0,0,0
32.0,56.5,2777,4095,0,595,0,0,0
32.0,56.5,2800,4095,0,593,0,0,0
32.0,56.5,2809,4095,0,592,0,0,0
32.0,56.5,2785,4095,0,592,0,0,0
32.0,56.5,2804,4095,0,592,0,0,0
32.0,56.5,2775,4095,0,592,0,0,0
32.0,56.5,2788,4095,0,591,0,0,0
32.0,56.5,2800,4095,0,593,0,0,0
32.0,56.5,2797,4095,0,600,0,0,0
32.0,56.5,2813,4095,0,594,0,0,0
32.0,56.5,2794,4095,0,599,0,0,0
32.0,56.5,2779,4095,0,594,0,0,0
32.0,56.5,2781,4095,0,592,0,0,0
32.0,56.5,2784,4095,0,593,0,0,0
32.0,56.5,2799,4095,0,593,0,0,0
32.0,56.5,2800,4095,0,595,0,0,0
32.0,56.5,2801,4095,0,596,0,0,0
32.0,56.5,2799,4095,0,595,0,0,0
32.0,56.5,2774,4095,0,592,0,0,0
32.0,56.5,2787,4095,0,557,0,0,0
32.0,56.5,2771,4095,0,597,0,0,0
32.0,56.5,2787,4095,0,592,0,0,0
32.0,56.5,2800,4095,0,592,0,0,0
32.0,56.5,2797,4095,0,591,0,0,0
32.0,56.5,2817,4095,0,597,0,0,0
32.0,56.5,2794,4095,0,595,0,0,0
32.0,56.5,2777,4095,0,599,0,0,0
32.0,56.5,2794,4095,0,591,0,0,0
32.0,56.5,2775,4095,0,592,0,0,0
32.0,56.5,2795,4095,0,590,0,0,0
32.0,56.5,2801,4095,0,593,0,0,0
32.0,56.5,2785,4095,0,592,0,0,0
32.0,56.5,2800,4095,0,599,0,0,0
32.0,56.5,2783,4095,0,593,0,0,0
32.0,56.5,2781,4095,0,579,0,0,0
32.0,56.5,2802,4095,0,589,0,0,0
32.0,56.5,2788,4095,0,593,0,0,0
32.0,56.5,2810,4095,0,597,0,0,0
32.0,56.5,2801,4095,0,510,0,0,0
32.0,56.5,2781,4095,0,592,0,0,0
32.0,56.5,2798,4095,0,592,0,0,0
32.0,56.5,2784,4095,0,526,0,0,0
32.0,56.5,2794,4095,0,674,0,0,0
32.0,56.5,2810,4095,0,598,0,0,0
32.0,56.5,2797,4095,0,601,0,0,0
32.0,56.5,2810,4095,0,593,0,0,0
32.0,56.5,2794,4095,0,598,0,0,0
32.0,56.5,2782,4095,0,596,0,0,0
32.0,56.5,2787,4095,0,597,0,0,0
32.0,56.5,2787,4095,0,595,0,0,0
32.0,56.5,2801,4095,0,592,0,0,0
32.0,56.5,2814,4095,0,592,0,0,0
32.0,56.5,2811,4095,0,598,0,0,0
32.0,56.5,2807,4095,0,595,0,0,0
32.0,56.5,2790,4095,0,595,0,0,0
32.0,56.5,2789,4095,0,592,0,0,0
32.0,56.5,2781,4095,0,603,0,0,0
32.0,56.5,2794,4095,0,598,0,0,0
32.0,56.5,2809,4095,0,595,0,0,0
32.0,56.5,2804,4095,0,595,0,0,0
32.0,56.5,2811,4095,0,599,0,0,0
32.0,56.5,2800,4095,0,592,0,0,0
32.0,56.5,2781,4095,0,594,0,0,0
32.0,56.5,2814,4095,0,593,0,0,0
32.0,56.5,2783,4095,0,592,0,0,0
32.0,56.5,2799,4095,0,592,0,0,0
32.0,56.5,2813,4095,0,594,0,0,0
32.0,56.5,2800,4095,0,591,0,0,0
32.0,56.5,2810,4095,0,592,0,0,0
32.0,56.5,2791,4095,0,595,0,0,0
32.0,56.5,2777,4095,0,593,0,0,0
32.0,56.5,2796,4095,0,593,0,0,0
32.0,56.5,2782,4095,0,595,0,0,0
32.0,56.5,2798,4095,0,597,0,0,0
32.0,56.5,2804,4095,0,594,0,0,0
32.0,56.5,2787,4095,0,597,0,0,0
32.0,56.5,2787,4095,0,594,0,0,0
32.0,56.5,2781,4095,0,593,0,0,0
32.0,56.5,2785,4095,0,597,0,0,0
32.0,56.5,2801,4095,0,592,0,0,0
32.0,56.5,2786,4095,0,599,0,0,0
32.0,56.5,2802,4095,0,605,0,0,0
32.0,56.5,2795,4095,0,593,0,0,0
32.0,56.5,2773,4095,0,592,0,0,0
32.0,56.6,2789,4095,0,593,0,0,0
32.0,56.6,2756,4095,0,594,0,0,0
32.0,56.6,2791,4095,0,597,0,0,0
32.0,56.6,2807,4095,0,597,0,0,0
32.0,56.6,2796,4095,0,595,0,0,0
32.0,56.6,2803,4095,0,598,0,0,0
32.0,56.6,2784,4095,0,594,0,0,0
32.0,56.6,2771,4095,0,593,0,0,0
32.0,56.6,2774,4095,0,603,0,0,0
32.0,56.6,2778,4095,0,600,0,0,0
32.0,56.6,2799,4095,0,596,0,0,0
32.0,56.6,2800,4095,0,595,0,0,0
32.0,56.5,2800,4095,0,597,0,0,0
32.0,56.5,2791,4095,0,593,0,0,0
32.0,56.5,2768,4095,0,597,0,0,0
32.0,56.5,2778,4095,0,592,0,0,0
32.0,56.5,2768,4095,0,599,0,0,0
32.0,56.5,2783,4095,0,597,0,0,0
32.0,56.5,2802,4095,0,592,0,0,0
32.0,56.5,2786,4095,0,601,0,0,0
32.0,56.5,2795,4095,0,597,0,0,0
32.0,56.5,2774,4095,0,592,0,0,0
32.0,56.5,2768,4095,0,597,0,0,0
32.0,56.5,2782,4095,0,592,0,0,0
32.0,56.6,2764,4095,0,601,0,0,0
32.0,56.6,2789,4095,0,595,0,0,0
32.0,56.6,2787,4095,0,596,0,0,0
32.0,56.6,2765,4095,0,593,0,0,0
32.0,56.6,2784,4095,0,598,0,0,0
32.0,56.6,2765,4095,0,639,0,0,0
32.0,56.6,2774,4095,0,594,0,0,0
32.0,56.6,2793,4095,0,595,0,0,0
32.0,56.5,2777,4095,0,599,0,0,0
32.0,56.5,2794,4095,0,592,0,0,0
32.0,56.5,2771,4095,0,599,0,0,0
32.0,56.5,2757,4095,0,592,0,0,0
32.0,56.5,2768,4095,0,598,0,0,0
32.0,56.5,2759,4095,0,598,0,0,0
32.0,56.5,2771,4095,0,618,0,0,0
32.0,56.5,2782,4095,0,598,0,0,0
32.0,56.5,2775,4095,0,597,0,0,0
32.0,56.5,2783,4095,0,594,0,0,0
32.0,56.5,2768,4095,0,601,0,0,0
32.0,56.5,2766,4095,0,594,0,0,0
32.0,56.5,2766,4095,0,595,0,0,0
32.0,56.5,2768,4095,0,588,0,0,0
32.0,56.5,2784,4095,0,597,0,0,0
32.0,56.5,2784,4095,0,592,0,0,0
32.0,56.5,2790,4095,0,596,0,0,0
32.0,56.5,2786,4095,0,592,0,0,0
32.0,56.5,2766,4095,0,593,0,0,0
32.0,56.5,2782,4095,0,595,0,0,0
32.0,56.5,2773,4095,0,596,0,0,0
32.0,56.5,2787,4095,0,597,0,0,0
32.0,56.5,2803,4095,0,592,0,0,0
32.0,56.5,2790,4095,0,589,0,0,0
32.0,56.5,2807,4095,0,595,0,0,0
32.0,56.5,2794,4095,0,599,0,0,0
32.0,56.5,2781,4095,0,591,0,0,0
32.0,56.5,2795,4095,0,594,0,0,0
32.0,56.5,2781,4095,0,590,0,0,0
32.0,56.5,2799,4095,0,587,0,0,0
32.0,56.5,2800,4095,0,592,0,0,0
32.0,56.5,2783,4095,0,592,0,0,0
32.0,56.5,2800,4095,0,589,0,0,0
32.0,56.5,2779,4095,0,592,0,0,0
32.0,56.5,2785,4095,0,593,0,0,0
32.0,56.5,2803,4095,0,593,0,0,0
32.0,56.5,2793,4095,0,592,0,0,0
32.0,56.5,2811,4095,0,593,0,0,0
32.0,56.5,2800,4095,0,592,0,0,0
32.0,56.5,2775,4095,0,577,0,0,0
32.0,56.5,2786,4095,0,597,0,0,0
32.0,56.5,2777,4095,0,593,0,0,0
32.0,56.5,2799,4095,0,593,0,0,0
32.0,56.5,2804,4095,0,597,0,0,0
32.0,56.5,2797,4095,0,597,0,0,0
32.0,56.5,2795,4095,0,594,0,0,0
32.0,56.5,2777,4095,0,592,0,0,0
32.0,56.5,2778,4095,0,597,0,0,0
32.0,56.5,2769,4095,0,601,0,0,0
32.0,56.5,2789,4095,0,746,0,0,0
32.0,56.5,2802,4095,0,590,0,0,0
32.0,56.5,2791,4095,0,593,0,0,0
32.0,56.4,2809,4095,0,594,0,0,0
32.0,56.4,2785,4095,0,590,0,0,0
32.0,56.4,2779,4095,0,592,0,0,0
32.0,56.4,2798,4095,0,593,0,0,0
32.0,56.4,2783,4095,0,597,0,0,0
32.0,56.4,2803,4095,0,591,0,0,0
32.0,56.4,2797,4095,0,590,0,0,0
32.0,56.4,2774,4095,0,591,0,0,0
32.0,56.4,2787,4095,0,592,0,0,0
32.0,56.4,2773,4095,0,591,0,0,0
32.0,56.4,2793,4095,0,592,0,0,0
32.0,56.4,2803,4095,0,592,0,0,0
32.0,56.4,2798,4095,0,595,0,0,0
32.0,56.4,2800,4095,0,593,0,0,0
32.0,56.4,2781,4095,0,603,0,0,0
32.0,56.4,2787,4095,0,592,0,0,0
32.0,56.4,2777,4095,0,602,0,0,0
32.0,56.4,2793,4095,0,642,0,0,0
32.0,56.4,2806,4095,0,566,0,0,0
32.0,56.4,2795,4095,0,593,0,0,0
32.0,56.5,2802,4095,0,590,0,0,0
32.0,56.5,2779,4095,0,593,0,0,0
32.0,56.5,2778,4095,0,592,0,0,0
32.0,56.5,2795,4095,0,592,0,0,0
32.0,56.5,2781,4095,0,605,0,0,0
32.0,56.5,2800,4095,0,592,0,0,0
32.0,56.5,2793,4095,0,598,0,0,0
32.0,56.5,2782,4095,0,593,0,0,0
32.0,56.5,2785,4095,0,589,0,0,0
32.0,56.5,2770,4095,0,592,0,0,0
32.0,56.5,2777,4095,0,589,0,0,0
32.0,56.5,2805,4095,0,590,0,0,0
32.0,56.4,2795,4095,0,657,0,0,0
32.0,56.4,2799,4095,0,592,0,0,0
32.0,56.4,2779,4095,0,571,0,0,0
32.0,56.4,2774,4095,0,594,0,0,0
32.0,56.4,2758,4095,0,593,0,0,0
32.0,56.4,2770,4095,0,595,0,0,0
32.0,56.4,2765,4095,0,589,0,0,0
32.0,56.4,2749,4095,0,587,0,0,0
32.0,56.4,2775,4095,0,593,0,0,0
32.0,56.4,2778,4095,0,590,0,0,0
32.0,56.4,2773,4095,0,592,0,0,0
32.0,56.4,2793,4095,0,597,0,0,0
32.0,56.4,2787,4095,0,596,0,0,0
32.0,56.4,2791,4095,0,592,0,0,0
32.0,56.4,2775,4095,0,593,0,0,0
32.0,56.4,2742,4095,0,593,0,0,0
32.0,56.4,2772,4095,0,597,0,0,0
32.0,56.4,2768,4095,0,592,0,0,0
32.0,56.4,2786,4095,0,599,0,0,0
32.0,56.4,2805,4095,0,592,0,0,0
32.1,56.4,2795,4095,0,594,0,0,0
32.1,56.4,2797,4095,0,592,0,0,0
32.1,56.4,2777,4095,0,592,0,0,0
32.1,56.4,2770,4095,0,591,0,0,0
32.0,56.4,2773,4095,0,590,0,0,0
32.0,56.4,2782,4095,0,592,0,0,0
32.0,56.4,2803,4095,0,592,0,0,0
32.0,56.4,2798,4095,0,592,0,0,0
32.0,56.4,2803,4095,0,591,0,0,0
32.0,56.4,2789,4095,0,594,0,0,0
32.0,56.4,2780,4095,0,595,0,0,0
32.0,56.4,2800,4095,0,610,0,0,0
32.0,56.4,2785,4095,0,598,0,0,0
32.0,56.4,2805,4095,0,589,0,0,0
32.0,56.4,2800,4095,0,587,0,0,0
32.0,56.4,2779,4095,0,591,0,0,0
32.0,56.4,2790,4095,0,589,0,0,0
32.0,56.4,2781,4095,0,599,0,0,0
32.0,56.4,2796,4095,0,593,0,0,0
32.0,56.4,2800,4095,0,589,0,0,0
32.1,56.4,2800,4095,0,596,0,0,0
32.1,56.4,2800,4095,0,596,0,0,0
32.1,56.4,2781,4095,0,590,0,0,0
32.1,56.4,2794,4095,0,594,0,0,0
32.1,56.4,2768,4095,0,590,0,0,0
32.1,56.4,2775,4095,0,592,0,0,0
32.1,56.4,2779,4095,0,592,0,0,0
32.1,56.4,2767,4095,0,588,0,0,0
32.0,56.4,2793,4095,0,592,0,0,0
32.0,56.4,2779,4095,0,578,0,0,0
32.0,56.4,2800,4095,0,592,0,0,0
32.0,56.4,2802,4095,0,593,0,0,0
32.0,56.4,2756,4095,0,601,0,0,0
32.0,56.4,2754,4095,0,592,0,0,0
32.0,56.4,2768,4095,0,588,0,0,0
32.0,56.4,2791,4095,0,592,0,0,0
32.1,56.4,2778,4095,0,585,0,0,0
32.1,56.4,2800,4095,0,589,0,0,0
32.1,56.4,2803,4095,0,587,0,0,0
32.1,56.4,2774,4095,0,592,0,0,0
32.0,56.4,2794,4095,0,595,0,0,0
32.0,56.4,2764,4095,0,586,0,0,0
32.0,56.4,2800,4095,0,635,0,0,0
32.0,56.4,2813,4095,0,592,0,0,0
32.0,56.5,2803,4095,0,587,0,0,0
32.0,56.5,2801,4095,0,591,0,0,0
32.0,56.5,2777,4095,0,592,0,0,0
32.0,56.5,2791,4095,0,592,0,0,0
32.0,56.4,2784,4095,0,594,0,0,0
32.0,56.4,2802,4095,0,591,0,0,0
32.0,56.4,2806,4095,0,593,0,0,0
32.0,56.4,2783,4095,0,592,0,0,0
32.0,56.4,2799,4095,0,597,0,0,0
32.0,56.4,2782,4095,0,589,0,0,0
32.0,56.4,2800,4095,0,592,0,0,0
32.0,56.4,2806,4095,0,589,0,0,0
32.0,56.5,2807,4095,0,594,0,0,0
32.0,56.5,2799,4095,0,592,0,0,0
32.0,56.5,2785,4095,0,592,0,0,0
32.0,56.5,2801,4095,0,582,0,0,0
32.0,56.5,2786,4095,0,592,0,0,0
32.0,56.5,2811,4095,0,586,0,0,0
32.0,56.5,2805,4095,0,582,0,0,0
32.0,56.5,2779,4095,0,589,0,0,0
32.0,56.5,2789,4095,0,595,0,0,0
32.0,56.5,2783,4095,0,625,0,0,0
32.0,56.5,2803,4095,0,592,0,0,0
32.0,56.5,2807,4095,0,587,0,0,0
32.0,56.5,2794,4095,0,592,0,0,0
32.0,56.5,2754,4095,0,591,0,0,0
32.0,56.5,2767,4095,0,590,0,0,0
32.0,56.5,2795,4095,0,673,0,0,0
32.0,56.5,2794,4095,0,589,0,0,0
32.0,56.5,2817,4095,0,599,0,0,0
32.0,56.5,2797,4095,0,585,0,0,0
32.0,56.5,2763,4095,0,587,0,0,0
32.0,56.5,2769,4095,0,584,0,0,0
32.0,56.5,2782,4095,0,594,0,0,0
32.0,56.5,2805,4095,0,589,0,0,0
32.0,56.5,2813,4095,0,587,0,0,0
32.0,56.5,2816,4095,0,601,0,0,0
32.0,56.5,2789,4095,0,592,0,0,0
32.0,56.5,2758,4095,0,588,0,0,0
32.0,56.5,2789,4095,0,590,0,0,0
32.0,56.5,2787,4095,0,591,0,0,0
32.0,56.5,2815,4095,0,591,0,0,0
32.0,56.5,2806,4095,0,594,0,0,0
32.0,56.5,2785,4095,0,599,0,0,0
32.0,56.5,2787,4095,0,592,0,0,0
32.0,56.5,2775,4095,0,591,0,0,0
32.0,56.5,2800,4095,0,585,0,0,0
32.0,56.5,2810,4095,0,592,0,0,0
32.0,56.5,2811,4095,0,605,0,0,0
32.0,56.5,2804,4095,0,587,0,0,0
32.0,56.5,2782,4095,0,584,0,0,0
32.0,56.5,2793,4095,0,590,0,0,0
32.0,56.5,2783,4095,0,592,0,0,0
32.0,56.5,2806,4095,0,592,0,0,0
32.0,56.5,2806,4095,0,580,0,0,0
32.0,56.5,2795,4095,0,604,0,0,0
32.0,56.5,2801,4095,0,590,0,0,0
32.0,56.5,2789,4095,0,588,0,0,0
32.0,56.5,2802,4095,0,584,0,0,0
32.0,56.5,2817,4095,0,594,0,0,0
32.0,56.5,2814,4095,0,590,0,0,0
32.0,56.5,2814,4095,0,627,0,0,0
32.0,56.5,2793,4095,0,582,0,0,0
32.0,56.5,2798,4095,0,587,0,0,0
32.0,56.5,2785,4095,0,593,0,0,0
32.0,56.5,2801,4095,0,583,0,0,0
32.0,56.5,2816,4095,0,593,0,0,0
32.0,56.5,2794,4095,0,591,0,0,0
32.0,56.5,2808,4095,0,592,0,0,0
32.0,56.5,2785,4095,0,585,0,0,0
32.0,56.5,2795,4095,0,592,0,0,0
32.0,56.5,2815,4095,0,590,0,0,0
32.0,56.5,2800,4095,0,592,0,0,0
32.0,56.5,2815,4095,0,586,0,0,0
32.0,56.5,2821,4095,0,592,0,0,0
32.0,56.5,2790,4095,0,595,0,0,0
32.0,56.5,2785,4095,0,590,0,0,0
32.0,56.5,2796,4095,0,592,0,0,0
32.0,56.5,2811,4095,0,545,0,0,0
32.0,56.5,2805,4095,0,589,0,0,0
32.0,56.5,2813,4095,0,614,0,0,0
32.0,56.5,2799,4095,0,583,0,0,0
32.0,56.5,2785,4095,0,590,0,0,0
32.0,56.5,2805,4095,0,587,0,0,0
32.0,56.5,2791,4095,0,583,0,0,0
32.0,56.5,2815,4095,0,592,0,0,0
32.0,56.5,2805,4095,0,582,0,0,0
32.0,56.5,2785,4095,0,586,0,0,0
32.0,56.5,2796,4095,0,592,0,0,0
32.0,56.5,2781,4095,0,592,0,0,0
32.0,56.5,2800,4095,0,590,0,0,0
32.0,56.5,2803,4095,0,592,0,0,0
32.0,56.5,2789,4095,0,598,0,0,0
32.0,56.5,2784,4095,0,592,0,0,0
32.0,56.5,2768,4095,0,595,0,0,0
32.0,56.5,2789,4095,0,592,0,0,0
32.0,56.5,2783,4095,0,598,0,0,0
32.0,56.5,2802,4095,0,653,0,0,0
32.0,56.5,2818,4095,0,581,0,0,0
32.0,56.5,2800,4095,0,592,0,0,0
32.0,56.5,2813,4095,0,594,0,0,0
32.0,56.5,2786,4095,0,583,0,0,0
32.0,56.5,2809,4095,0,587,0,0,0
32.0,56.5,2807,4095,0,592,0,0,0
32.0,56.5,2786,4095,0,592,0,0,0
32.0,56.5,2810,4095,0,592,0,0,0
32.0,56.5,2801,4095,0,592,0,0,0
32.0,56.5,2780,4095,0,592,0,0,0
32.0,56.6,2794,4095,0,603,0,0,0
32.0,56.6,2779,4095,0,593,0,0,0
32.0,56.6,2799,4095,0,587,0,0,0
32.0,56.6,2815,4095,0,592,0,0,0
32.0,56.6,2801,4095,0,592,0,0,0
32.0,56.6,2803,4095,0,588,0,0,0
32.0,56.6,2785,4095,0,594,0,0,0
32.0,56.6,2781,4095,0,590,0,0,0
32.0,56.6,2779,4095,0,597,0,0,0
32.0,56.6,2789,4095,0,592,0,0,0
32.0,56.6,2811,4095,0,592,0,0,0
32.0,56.6,2800,4095,0,590,0,0,0
32.0,56.6,2809,4095,0,607,0,0,0
32.0,56.6,2795,4095,0,588,0,0,0
32.0,56.6,2780,4095,0,592,0,0,0
32.0,56.6,2794,4095,0,597,0,0,0
32.0,56.6,2775,4095,0,589,0,0,0
32.0,56.6,2795,4095,0,586,0,0,0
32.0,56.6,2802,4095,0,593,0,0,0
32.0,56.6,2786,4095,0,592,0,0,0
32.0,56.6,2797,4095,0,592,0,0,0
32.0,56.6,2779,4095,0,588,0,0,0
32.0,56.6,2783,4095,0,592,0,0,0
32.0,56.6,2789,4095,0,498,0,0,0
32.0,56.6,2768,4095,0,590,0,0,0
32.0,56.6,2800,4095,0,593,0,0,0
32.0,56.6,2794,4095,0,592,0,0,0
32.0,56.6,2785,4095,0,587,0,0,0
32.0,56.5,2793,4095,0,598,0,0,0
32.0,56.5,2775,4095,0,585,0,0,0
32.0,56.5,2775,4095,0,597,0,0,0
32.0,56.5,2790,4095,0,591,0,0,0
32.0,56.6,2789,4095,0,604,0,0,0
32.0,56.6,2802,4095,0,587,0,0,0
32.0,56.6,2790,4095,0,593,0,0,0
32.0,56.6,2778,4095,0,579,0,0,0
32.0,56.6,2783,4095,0,590,0,0,0
32.0,56.6,2773,4095,0,594,0,0,0
32.0,56.6,2795,4095,0,589,0,0,0
32.0,56.6,2805,4095,0,588,0,0,0
32.0,56.6,2796,4095,0,593,0,0,0
32.0,56.6,2800,4095,0,591,0,0,0
32.0,56.6,2768,4095,0,592,0,0,0
32.0,56.6,2768,4095,0,592,0,0,0
32.0,56.6,2768,4095,0,592,0,0,0
32.0,56.6,2774,4095,0,587,0,0,0
32.0,56.6,2797,4095,0,585,0,0,0
32.0,56.6,2803,4095,0,595,0,0,0
32.0,56.6,2804,4095,0,587,0,0,0
32.0,56.6,2800,4095,0,595,0,0,0
32.0,56.6,2784,4095,0,588,0,0,0
32.0,56.6,2782,4095,0,594,0,0,0
32.0,56.7,2769,4095,0,594,0,0,0
32.0,56.7,2781,4095,0,592,0,0,0
32.0,56.7,2799,4095,0,592,0,0,0
32.0,56.7,2791,4095,0,590,0,0,0
32.0,56.8,2800,4095,0,586,0,0,0
32.0,56.8,2793,4095,0,589,0,0,0
32.0,56.8,2775,4095,0,597,0,0,0
32.0,56.8,2793,4095,0,593,0,0,0
32.0,57.0,2778,4095,0,593,0,0,0
32.0,57.0,2793,4095,0,593,0,0,0
32.0,57.0,2802,4095,0,578,0,0,0
32.0,57.0,2787,4095,0,592,0,0,0
32.0,57.0,2800,4095,0,594,0,0,0
32.0,57.0,2783,4095,0,592,0,0,0
32.0,57.0,2783,4095,0,592,0,0,0
32.0,57.0,2805,4095,0,585,0,0,0
32.0,56.9,2795,4095,0,580,0,0,0
32.0,56.9,2814,4095,0,592,0,0,0
32.0,56.9,2803,4095,0,594,0,0,0
32.0,56.9,2784,4095,0,602,0,0,0
32.0,56.8,2800,4095,0,592,0,0,0
32.0,56.8,2785,4095,0,591,0,0,0
32.0,56.8,2800,4095,0,592,0,0,0
32.0,56.8,2816,4095,0,592,0,0,0
32.0,56.7,2803,4095,0,593,0,0,0
32.0,56.7,2815,4095,0,592,0,0,0
32.0,56.7,2795,4095,0,592,0,0,0
32.0,56.7,2788,4095,0,590,0,0,0
32.0,56.7,2784,4095,0,511,0,0,0
32.0,56.7,2794,4095,0,591,0,0,0
32.0,56.7,2813,4095,0,590,0,0,0
32.0,56.7,2806,4095,0,592,0,0,0
32.0,56.7,2816,4095,0,595,0,0,0
32.0,56.7,2795,4095,0,583,0,0,0
32.0,56.7,2784,4095,0,591,0,0,0
32.0,56.7,2801,4095,0,592,0,0,0
32.0,56.7,2786,4095,0,592,0,0,0
32.0,56.7,2812,4095,0,592,0,0,0
32.0,56.7,2793,4095,0,590,0,0,0
32.0,56.7,2786,4095,0,587,0,0,0
32.0,56.7,2799,4095,0,595,0,0,0
32.0,56.7,2779,4095,0,593,0,0,0
32.0,56.7,2797,4095,0,599,0,0,0
32.0,56.7,2815,4095,0,592,0,0,0
31.9,56.7,2806,4095,0,599,0,0,0
31.9,56.7,2805,4095,0,582,0,0,0
31.9,56.7,2786,4095,0,586,0,0,0
31.9,56.7,2793,4095,0,590,0,0,0
31.9,56.7,2784,4095,0,731,0,0,0
31.9,56.7,2799,4095,0,592,0,0,0
31.9,56.7,2815,4095,0,592,0,0,0
31.9,56.7,2793,4095,0,592,0,0,0
32.0,56.8,2804,4095,0,595,0,0,0
32.0,56.8,2784,4095,0,588,0,0,0
32.0,56.8,2789,4095,0,589,0,0,0
32.0,56.8,2809,4095,0,593,0,0,0
31.9,56.7,2800,4095,0,597,0,0,0
31.9,56.7,2816,4095,0,590,0,0,0
31.9,56.7,2795,4095,0,589,0,0,0
31.9,56.7,2785,4095,0,587,0,0,0
31.9,56.8,2778,4095,0,592,0,0,0
31.9,56.8,2789,4095,0,592,0,0,0
31.9,56.8,2811,4095,0,591,0,0,0
31.9,56.8,2768,4095,0,592,0,0,0
31.9,56.8,2805,4095,0,589,0,0,0
31.9,56.8,2789,4095,0,586,0,0,0
31.9,56.8,2781,4095,0,589,0,0,0
31.9,56.8,2801,4095,0,511,0,0,0
32.0,57.0,2786,4095,0,595,0,0,0
32.0,57.0,2807,4095,0,587,0,0,0
32.0,57.0,2800,4095,0,587,0,0,0
32.0,57.0,2778,4095,0,587,0,0,0
32.0,57.1,2787,4095,0,590,0,0,0
32.0,57.1,2775,4095,0,589,0,0,0
32.0,57.1,2795,4095,0,593,0,0,0
32.0,57.1,2810,4095,0,592,0,0,0
32.0,57.2,2803,4095,0,590,0,0,0
32.0,57.2,2797,4095,0,593,0,0,0
32.0,57.2,2770,4095,0,592,0,0,0
32.0,57.2,2773,4095,0,587,0,0,0
31.9,57.2,2770,4095,0,592,0,0,0
31.9,57.2,2795,4095,0,580,0,0,0
31.9,57.2,2807,4095,0,591,0,0,0
31.9,57.2,2785,4095,0,592,0,0,0
32.0,57.1,2787,4095,0,590,0,0,0
32.0,57.1,2754,4095,0,592,0,0,0
32.0,57.1,2768,4095,0,583,0,0,0
32.0,57.1,2797,4095,0,590,0,0,0
31.9,57.2,2800,4095,0,589,0,0,0
31.9,57.2,2799,4095,0,590,0,0,0
31.9,57.2,2780,4095,0,579,0,0,0
31.9,57.2,2785,4095,0,586,0,0,0
31.9,57.2,2775,4095,0,591,0,0,0
31.9,57.2,2795,4095,0,589,0,0,0
31.9,57.2,2805,4095,0,591,0,0,0
31.9,57.2,2785,4095,0,593,0,0,0
32.0,57.1,2799,4095,0,592,0,0,0
32.0,57.1,2774,4095,0,590,0,0,0
32.0,57.1,2789,4095,0,595,0,0,0
32.0,57.1,2803,4095,0,587,0,0,0
31.9,57.1,2800,4095,0,593,0,0,0
31.9,57.1,2803,4095,0,579,0,0,0
31.9,57.1,2774,4095,0,581,0,0,0
31.9,57.1,2782,4095,0,587,0,0,0
31.9,57.2,2779,4095,0,591,0,0,0
31.9,57.2,2789,4095,0,585,0,0,0
31.9,57.2,2787,4095,0,589,0,0,0
31.9,57.2,2758,4095,0,586,0,0,0
31.9,57.2,2776,4095,0,591,0,0,0
31.9,57.2,2768,4095,0,591,0,0,0
31.9,57.2,2789,4095,0,592,0,0,0
31.9,57.2,2815,4095,0,587,0,0,0
31.9,57.2,2800,4095,0,574,0,0,0
31.9,57.2,2803,4095,0,591,0,0,0
31.9,57.2,2781,4095,0,592,0,0,0
31.9,57.2,2785,4095,0,589,0,0,0
31.9,57.2,2779,4095,0,588,0,0,0
31.9,57.2,2795,4095,0,585,0,0,0
31.9,57.2,2807,4095,0,588,0,0,0
31.9,57.2,2778,4095,0,582,0,0,0
31.9,57.1,2776,4095,0,592,0,0,0
31.9,57.1,2750,4095,0,592,0,0,0
31.9,57.1,2775,4095,0,586,0,0,0
31.9,57.1,2809,4095,0,528,0,0,0
31.9,57.0,2796,4095,0,591,0,0,0
31.9,57.0,2799,4095,0,586,0,0,0
31.9,57.0,2785,4095,0,599,0,0,0
31.9,57.0,2786,4095,0,592,0,0,0
31.9,56.9,2783,4095,0,593,0,0,0
31.9,56.9,2800,4095,0,645,0,0,0
31.9,56.9,2815,4095,0,588,0,0,0
31.9,56.9,2794,4095,0,587,0,0,0
31.9,57.0,2803,4095,0,588,0,0,0
31.9,57.0,2789,4095,0,560,0,0,0
31.9,57.0,2786,4095,0,587,0,0,0
31.9,57.0,2805,4095,0,585,0,0,0
32.0,57.0,2797,4095,0,592,0,0,0
32.0,57.0,2811,4095,0,563,0,0,0
32.0,57.0,2785,4095,0,585,0,0,0
32.0,57.0,2786,4095,0,583,0,0,0
31.9,57.0,2777,4095,0,587,0,0,0
31.9,57.0,2786,4095,0,467,0,0,0
31.9,57.0,2775,4095,0,592,0,0,0
31.9,57.0,2783,4095,0,592,0,0,0
32.0,57.0,2794,4095,0,592,0,0,0
32.0,57.0,2783,4095,0,587,0,0,0
32.0,57.0,2777,4095,0,592,0,0,0
32.0,57.0,2798,4095,0,583,0,0,0
32.0,57.1,2789,4095,0,583,0,0,0
32.0,57.1,2803,4095,0,592,0,0,0
32.0,57.1,2786,4095,0,592,0,0,0
32.0,57.1,2771,4095,0,554,0,0,0
31.9,57.2,2780,4095,0,590,0,0,0
31.9,57.2,2787,4095,0,583,0,0,0
31.9,57.2,2805,4095,0,591,0,0,0
31.9,57.2,2802,4095,0,591,0,0,0
31.9,57.1,2805,4095,0,593,0,0,0
31.9,57.1,2791,4095,0,589,0,0,0
31.9,57.1,2782,4095,0,591,0,0,0
31.9,57.1,2800,4095,0,591,0,0,0
32.0,57.1,2788,4095,0,587,0,0,0
32.0,57.1,2802,4095,0,590,0,0,0
32.0,57.1,2801,4095,0,587,0,0,0
32.0,57.1,2778,4095,0,585,0,0,0
32.0,57.1,2790,4095,0,591,0,0,0
32.0,57.1,2774,4095,0,592,0,0,0
32.0,57.1,2790,4095,0,587,0,0,0
32.0,57.1,2801,4095,0,591,0,0,0
31.9,57.0,2805,4095,0,592,0,0,0
31.9,57.0,2799,4095,0,589,0,0,0
31.9,57.0,2782,4095,0,585,0,0,0
31.9,57.0,2790,4095,0,585,0,0,0
31.9,56.9,2779,4095,0,592,0,0,0
31.9,56.9,2797,4095,0,591,0,0,0
31.9,56.9,2811,4095,0,592,0,0,0
31.9,56.9,2794,4095,0,592,0,0,0
32.0,56.8,2806,4095,0,592,0,0,0
32.0,56.8,2781,4095,0,583,0,0,0
32.0,56.8,2787,4095,0,585,0,0,0
32.0,56.8,2806,4095,0,592,0,0,0
31.9,56.9,2800,4095,0,583,0,0,0
31.9,56.9,2814,4095,0,590,0,0,0
31.9,56.9,2787,4095,0,591,0,0,0
31.9,56.9,2777,4095,0,589,0,0,0
31.9,57.0,2773,4095,0,586,0,0,0
31.9,57.0,2784,4095,0,625,0,0,0
31.9,57.0,2805,4095,0,588,0,0,0
31.9,57.0,2794,4095,0,592,0,0,0
31.9,57.0,2800,4095,0,592,0,0,0
31.9,57.0,2780,4095,0,590,0,0,0
31.9,57.0,2769,4095,0,585,0,0,0
31.9,57.0,2795,4095,0,589,0,0,0
31.9,56.9,2778,4095,0,591,0,0,0
31.9,56.9,2794,4095,0,592,0,0,0
31.9,56.9,2779,4095,0,581,0,0,0
31.9,56.9,2763,4095,0,589,0,0,0
32.0,57.3,2770,4095,0,586,0,0,0
32.0,57.3,2769,4095,0,581,0,0,0
32.0,57.3,2791,4095,0,589,0,0,0
32.0,57.3,2787,4095,0,592,0,0,0
32.0,57.3,2798,4095,0,587,0,0,0
32.0,57.3,2773,4095,0,592,0,0,0
32.0,57.3,2768,4095,0,588,0,0,0
32.0,57.3,2785,4095,0,582,0,0,0
32.0,57.3,2770,4095,0,592,0,0,0
32.0,57.3,2798,4095,0,591,0,0,0
32.0,57.3,2793,4095,0,597,0,0,0
32.0,57.3,2762,4095,0,593,0,0,0
32.0,57.3,2778,4095,0,591,0,0,0
32.0,57.3,2755,4095,0,588,0,0,0
32.0,57.3,2784,4095,0,588,0,0,0
32.0,57.3,2799,4095,0,597,0,0,0
32.0,57.3,2798,4095,0,593,0,0,0
32.0,57.3,2783,4095,0,592,0,0,0
32.0,57.3,2770,4095,0,629,0,0,0
32.0,57.3,2784,4095,0,589,0,0,0
31.9,57.3,2778,4095,0,501,0,0,0
31.9,57.3,2797,4095,0,589,0,0,0
31.9,57.3,2799,4095,0,591,0,0,0
31.9,57.3,2775,4095,0,588,0,0,0
31.9,57.2,2786,4095,0,592,0,0,0
31.9,57.2,2768,4095,0,590,0,0,0
31.9,57.2,2786,4095,0,591,0,0,0
31.9,57.2,2805,4095,0,589,0,0,0
32.0,57.0,2790,4095,0,592,0,0,0
32.0,57.0,2800,4095,0,591,0,0,0
32.0,57.0,2777,4095,0,592,0,0,0
32.0,57.0,2782,4095,0,587,0,0,0
32.0,57.0,2770,4095,0,588,0,0,0
32.0,57.0,2772,4095,0,592,0,0,0
32.0,57.0,2802,4095,0,592,0,0,0
32.0,57.0,2795,4095,0,592,0,0,0
32.0,57.0,2801,4095,0,592,0,0,0
32.0,57.0,2782,4095,0,587,0,0,0
32.0,57.0,2775,4095,0,590,0,0,0
32.0,57.0,2797,4095,0,591,0,0,0
32.0,56.9,2778,4095,0,593,0,0,0
32.0,56.9,2800,4095,0,590,0,0,0
32.0,56.9,2797,4095,0,592,0,0,0
32.0,56.9,2773,4095,0,590,0,0,0
32.0,56.8,2782,4095,0,592,0,0,0
32.0,56.8,2768,4095,0,592,0,0,0
32.0,56.8,2783,4095,0,590,0,0,0
32.0,56.8,2803,4095,0,587,0,0,0
32.0,56.9,2802,4095,0,592,0,0,0
32.0,56.9,2802,4095,0,594,0,0,0
32.0,56.9,2783,4095,0,586,0,0,0
32.0,56.9,2779,4095,0,590,0,0,0
32.0,56.9,2767,4095,0,593,0,0,0
32.0,56.9,2781,4095,0,589,0,0,0
32.0,56.9,2803,4095,0,592,0,0,0
32.0,56.9,2791,4095,0,590,0,0,0
32.0,56.9,2810,4095,0,589,0,0,0
32.0,56.9,2788,4095,0,588,0,0,0
32.0,56.9,2784,4095,0,588,0,0,0
32.0,56.9,2810,4095,0,589,0,0,0
32.0,56.9,2787,4095,0,587,0,0,0
32.0,56.9,2809,4095,0,588,0,0,0
32.0,56.9,2800,4095,0,592,0,0,0
32.0,56.9,2775,4095,0,586,0,0,0
32.0,56.9,2789,4095,0,592,0,0,0
32.0,56.9,2782,4095,0,592,0,0,0
32.0,56.9,2798,4095,0,580,0,0,0
32.0,56.9,2809,4095,0,592,0,0,0
32.0,56.8,2806,4095,0,589,0,0,0
32.0,56.8,2800,4095,0,588,0,0,0
32.0,56.8,2780,4095,0,592,0,0,0
32.0,56.8,2791,4095,0,597,0,0,0
32.0,56.7,2778,4095,0,591,0,0,0
32.0,56.7,2800,4095,0,590,0,0,0
32.0,56.7,2801,4095,0,590,0,0,0
32.0,56.7,2778,4095,0,591,0,0,0
32.0,56.7,2793,4095,0,587,0,0,0
32.0,56.7,2779,4095,0,590,0,0,0
32.0,56.7,2794,4095,0,583,0,0,0
32.0,56.7,2811,4095,0,593,0,0,0
32.0,56.6,2800,4095,0,595,0,0,0
32.0,56.6,2800,4095,0,590,0,0,0
32.0,56.6,2770,4095,0,590,0,0,0
32.0,56.6,2783,4095,0,611,0,0,0
32.0,56.6,2775,4095,0,593,0,0,0
32.0,56.6,2790,4095,0,592,0,0,0
32.0,56.6,2799,4095,0,592,0,0,0
32.0,56.6,2768,4095,0,590,0,0,0
32.0,56.8,2769,4095,0,589,0,0,0
32.0,56.8,2742,4095,0,582,0,0,0
32.0,56.8,2751,4095,0,585,0,0,0
32.0,56.8,2766,4095,0,586,0,0,0
32.0,57.1,2757,4095,0,578,0,0,0
32.0,57.1,2770,4095,0,592,0,0,0
32.0,57.1,2747,4095,0,592,0,0,0
32.0,57.1,2725,4095,0,587,0,0,0
32.0,57.1,2722,4095,0,587,0,0,0
32.0,57.1,2733,4095,0,593,0,0,0
32.0,57.1,2752,4095,0,592,0,0,0
32.0,57.1,2762,4095,0,587,0,0,0
32.0,57.0,2790,4095,0,505,0,0,0
32.0,57.0,2775,4095,0,587,0,0,0
32.0,57.0,2768,4095,0,592,0,0,0
32.0,57.0,2784,4095,0,591,0,0,0
32.1,56.9,2775,4095,0,592,0,0,0
32.1,56.9,2801,4095,0,587,0,0,0
32.1,56.9,2804,4095,0,587,0,0,0
32.1,56.9,2783,4095,0,592,0,0,0
32.0,56.8,2800,4095,0,592,0,0,0
32.0,56.8,2786,4095,0,590,0,0,0
32.0,56.8,2800,4095,0,590,0,0,0
32.0,56.8,2816,4095,0,589,0,0,0
32.0,56.7,2805,4095,0,589,0,0,0
32.0,56.7,2821,4095,0,592,0,0,0
32.0,56.7,2795,4095,0,581,0,0,0
32.0,56.7,2794,4095,0,582,0,0,0
32.0,56.6,2785,4095,0,595,0,0,0
32.0,56.6,2801,4095,0,582,0,0,0
32.0,56.6,2818,4095,0,593,0,0,0
32.0,56.6,2807,4095,0,595,0,0,0
32.1,56.6,2817,4095,0,594,0,0,0
32.1,56.6,2800,4095,0,587,0,0,0
32.1,56.6,2793,4095,0,592,0,0,0
32.1,56.6,2811,4095,0,597,0,0,0
32.1,56.9,2801,4095,0,590,0,0,0
32.1,56.9,2821,4095,0,589,0,0,0
32.1,56.9,2805,4095,0,589,0,0,0
32.1,56.9,2791,4095,0,586,0,0,0
32.0,57.1,2791,4095,0,592,0,0,0
32.0,57.1,2797,4095,0,592,0,0,0
32.0,57.1,2811,4095,0,592,0,0,0
32.0,57.1,2815,4095,0,581,0,0,0
32.1,57.1,2819,4095,0,592,0,0,0
32.1,57.1,2807,4095,0,594,0,0,0
32.1,57.1,2787,4095,0,593,0,0,0
32.1,57.1,2809,4095,0,593,0,0,0
32.1,57.1,2790,4095,0,592,0,0,0
32.1,57.1,2815,4095,0,592,0,0,0
32.1,57.1,2812,4095,0,589,0,0,0
32.1,57.1,2787,4095,0,592,0,0,0
32.0,57.0,2799,4095,0,590,0,0,0
32.0,57.0,2793,4095,0,591,0,0,0
32.0,57.0,2812,4095,0,593,0,0,0
32.0,57.0,2817,4095,0,591,0,0,0
32.1,57.0,2819,4095,0,593,0,0,0
32.1,57.0,2809,4095,0,591,0,0,0
32.1,57.0,2790,4095,0,592,0,0,0
32.1,57.0,2807,4095,0,587,0,0,0
32.1,57.1,2799,4095,0,589,0,0,0
32.1,57.1,2817,4095,0,586,0,0,0
32.1,57.1,2805,4095,0,589,0,0,0
32.1,57.1,2790,4095,0,586,0,0,0
32.1,57.1,2790,4095,0,589,0,0,0
32.1,57.1,2794,4095,0,587,0,0,0
32.1,57.1,2816,4095,0,597,0,0,0
32.1,57.1,2810,4095,0,590,0,0,0
32.1,57.0,2815,4095,0,593,0,0,0
32.1,57.0,2794,4095,0,583,0,0,0
32.1,57.0,2783,4095,0,591,0,0,0
32.1,57.0,2800,4095,0,591,0,0,0
32.1,56.8,2829,4095,0,595,0,0,0
32.1,56.8,2814,4095,0,592,0,0,0
32.1,56.8,2793,4095,0,592,0,0,0
32.1,56.8,2772,4095,0,592,0,0,0
32.1,56.8,2768,4095,0,592,0,0,0
32.1,56.8,2763,4095,0,586,0,0,0
32.1,56.8,2763,4095,0,589,0,0,0
32.1,56.8,2729,4095,0,589,0,0,0
32.1,56.7,2701,4095,0,586,0,0,0
32.1,56.7,2637,4095,0,587,0,0,0
32.1,56.7,2597,4095,0,591,0,0,0
32.1,56.7,2593,4095,0,589,0,0,0
32.1,56.7,2544,4095,0,593,0,0,0
32.1,56.7,2551,4095,0,585,0,0,0
32.1,56.7,2512,4095,0,591,0,0,0
32.1,56.7,2491,4095,0,590,0,0,0
32.1,56.6,2485,4095,0,592,0,0,0
32.1,56.6,2502,4095,0,583,0,0,0
32.1,56.6,2535,4095,0,592,0,0,0
32.1,56.6,2510,4095,0,586,0,0,0
32.1,56.6,2527,4095,0,587,0,0,0
32.1,56.6,2487,4095,0,591,0,0,0
32.1,56.6,2511,4095,0,594,0,0,0
32.1,56.6,2533,4095,0,592,0,0,0
32.1,56.6,2523,4095,0,592,0,0,0
32.1,56.6,2530,4095,0,592,0,0,0
32.1,56.6,2489,4095,0,577,0,0,0
32.1,56.6,2496,4095,0,591,0,0,0
32.1,56.6,2485,4095,0,592,0,0,0
32.1,56.6,2509,4095,0,596,0,0,0
32.1,56.6,2521,4095,0,593,0,0,0
32.1,56.6,2485,4095,0,587,0,0,0
32.1,56.5,2497,4095,0,586,0,0,0
32.1,56.5,2477,4095,0,593,0,0,0
32.1,56.5,2517,4095,0,641,0,0,0
32.1,56.5,2513,4095,0,565,0,0,0
32.1,56.6,2515,4095,0,590,0,0,0
32.1,56.6,2487,4095,0,589,0,0,0
32.1,56.6,2462,4095,0,587,0,0,0
32.1,56.6,2497,4095,0,585,0,0,0
32.1,56.7,2480,4095,0,592,0,0,0
32.1,56.7,2508,4095,0,590,0,0,0
32.1,56.7,2476,4095,0,593,0,0,0
32.1,56.7,2463,4095,0,586,0,0,0
32.1,56.6,2459,4095,0,593,0,0,0
32.1,56.6,2494,4095,0,589,0,0,0
32.1,56.6,2512,4095,0,587,0,0,0
32.1,56.6,2479,4095,0,570,0,0,0
32.1,56.6,2491,4095,0,587,0,0,0
32.1,56.6,2454,4095,0,591,0,0,0
32.1,56.6,2480,4095,0,589,0,0,0
32.1,56.6,2511,4095,0,586,0,0,0
32.1,56.7,2507,4095,0,587,0,0,0
32.1,56.7,2493,4095,0,582,0,0,0
32.1,56.7,2459,4095,0,594,0,0,0
32.1,56.7,2484,4095,0,578,0,0,0
32.1,56.8,2474,4095,0,586,0,0,0
32.1,56.8,2506,4095,0,583,0,0,0
32.1,56.8,2498,4095,0,592,0,0,0
32.1,56.8,2466,4095,0,589,0,0,0
32.1,56.8,2480,4095,0,589,0,0,0
32.1,56.8,2480,4095,0,586,0,0,0
32.1,56.8,2514,4095,0,590,0,0,0
32.1,56.8,2509,4095,0,590,0,0,0
32.1,56.7,2527,4095,0,591,0,0,0
32.1,56.7,2493,4095,0,594,0,0,0
32.1,56.7,2489,4095,0,590,0,0,0
32.1,56.7,2523,4095,0,591,0,0,0
32.1,56.7,2513,4095,0,592,0,0,0
32.1,56.7,2557,4095,0,591,0,0,0
32.1,56.7,2554,4095,0,586,0,0,0
32.1,56.7,2559,4095,0,592,0,0,0
32.1,56.6,2587,4095,0,585,0,0,0
32.1,56.6,2607,4095,0,589,0,0,0
32.1,56.6,2683,4095,0,586,0,0,0
32.1,56.6,2687,4095,0,589,0,0,0
32.1,56.5,2722,4095,0,582,0,0,0
32.1,56.5,2721,4095,0,589,0,0,0
32.1,56.5,2741,4095,0,601,0,0,0
32.1,56.5,2768,4095,0,585,0,0,0
32.1,56.5,2763,4095,0,587,0,0,0
32.1,56.5,2771,4095,0,592,0,0,0
32.1,56.5,2753,4095,0,589,0,0,0
32.1,56.5,2763,4095,0,592,0,0,0
32.1,56.4,2753,4095,0,583,0,0,0
32.1,56.4,2781,4095,0,583,0,0,0
32.1,56.4,2787,4095,0,582,0,0,0
32.1,56.4,2763,4095,0,623,0,0,0
32.1,56.5,2773,4095,0,592,0,0,0
32.1,56.5,2764,4095,0,583,0,0,0
32.1,56.5,2782,4095,0,586,0,0,0
32.1,56.5,2790,4095,0,588,0,0,0
32.2,56.5,2796,4095,0,590,0,0,0
32.2,56.5,2782,4095,0,586,0,0,0
32.2,56.5,2767,4095,0,589,0,0,0
32.2,56.5,2782,4095,0,591,0,0,0
32.2,56.5,2771,4095,0,594,0,0,0
32.2,56.5,2797,4095,0,593,0,0,0
32.2,56.5,2785,4095,0,588,0,0,0
32.2,56.5,2767,4095,0,584,0,0,0
32.1,56.4,2770,4095,0,589,0,0,0
32.1,56.4,2771,4095,0,591,0,0,0
32.1,56.4,2791,4095,0,579,0,0,0
32.1,56.4,2790,4095,0,579,0,0,0
32.2,56.4,2800,4095,0,582,0,0,0
32.2,56.4,2777,4095,0,591,0,0,0
32.2,56.4,2770,4095,0,582,0,0,0
32.2,56.4,2794,4095,0,583,0,0,0
32.1,56.4,2775,4095,0,591,0,0,0
32.1,56.4,2800,4095,0,589,0,0,0
32.1,56.4,2778,4095,0,589,0,0,0
32.1,56.4,2761,4095,0,589,0,0,0
32.1,56.4,2748,4095,0,586,0,0,0
32.1,56.4,2737,4095,0,588,0,0,0
32.1,56.4,2737,4095,0,591,0,0,0
32.1,56.4,2704,4095,0,585,0,0,0
32.2,56.4,2672,4095,0,586,0,0,0
32.2,56.4,2596,4095,0,589,0,0,0
32.2,56.4,2547,4095,0,615,0,0,0
32.2,56.4,2547,4095,0,598,0,0,0
32.2,56.4,2477,4095,0,590,0,0,0
32.2,56.4,2477,4095,0,586,0,0,0
32.2,56.4,2448,4095,0,592,0,0,0
32.2,56.4,2443,4095,0,578,0,0,0
32.1,56.4,2458,4095,0,590,0,0,0
32.1,56.4,2449,4095,0,579,0,0,0
32.1,56.4,2471,4095,0,589,0,0,0
32.1,56.4,2447,4095,0,583,0,0,0
32.2,56.4,2448,4095,0,592,0,0,0
32.2,56.4,2439,4095,0,588,0,0,0
32.2,56.4,2433,4095,0,589,0,0,0
32.2,56.4,2468,4095,0,590,0,0,0
32.1,56.3,2442,4095,0,587,0,0,0
32.1,56.3,2480,4095,0,581,0,0,0
32.1,56.3,2474,4095,0,579,0,0,0
32.1,56.3,2435,4095,0,589,0,0,0
32.2,56.4,2453,4095,0,592,0,0,0
32.2,56.4,2432,4095,0,582,0,0,0
32.2,56.4,2461,4095,0,587,0,0,0
32.2,56.4,2480,4095,0,583,0,0,0
32.1,56.4,2473,4095,0,582,0,0,0
32.1,56.4,2464,4095,0,588,0,0,0
32.1,56.4,2426,4095,0,586,0,0,0
32.1,56.4,2435,4095,0,579,0,0,0
32.2,56.4,2421,4095,0,582,0,0,0
32.2,56.4,2453,4095,0,592,0,0,0
32.2,56.4,2479,4095,0,586,0,0,0
32.2,56.4,2441,4095,0,584,0,0,0
32.2,56.4,2461,4095,0,591,0,0,0
32.2,56.4,2419,4095,0,592,0,0,0
32.2,56.4,2438,4095,0,582,0,0,0
32.2,56.4,2476,4095,0,582,0,0,0
32.1,56.3,2450,4095,0,592,0,0,0
32.1,56.3,2479,4095,0,583,0,0,0
32.1,56.3,2447,4095,0,588,0,0,0
32.1,56.3,2421,4095,0,587,0,0,0
32.2,56.4,2427,4095,0,589,0,0,0
32.2,56.4,2432,4095,0,581,0,0,0
32.2,56.4,2465,4095,0,585,0,0,0
32.2,56.4,2462,4095,0,579,0,0,0
32.2,56.4,2473,4095,0,589,0,0,0
32.2,56.4,2448,4095,0,583,0,0,0
32.2,56.4,2416,4095,0,589,0,0,0
32.2,56.4,2426,4095,0,592,0,0,0
32.2,56.4,2419,4095,0,588,0,0,0
32.2,56.4,2451,4095,0,582,0,0,0
32.2,56.4,2465,4095,0,578,0,0,0
32.2,56.4,2430,4095,0,592,0,0,0
32.2,56.4,2450,4095,0,586,0,0,0
32.2,56.4,2426,4095,0,590,0,0,0
32.2,56.4,2429,4095,0,586,0,0,0
32.2,56.4,2463,4095,0,587,0,0,0
32.2,56.4,2429,4095,0,589,0,0,0
32.2,56.4,2466,4095,0,597,0,0,0
32.2,56.4,2438,4095,0,579,0,0,0
32.2,56.4,2421,4095,0,592,0,0,0
32.2,56.5,2427,4095,0,592,0,0,0
32.2,56.5,2431,4095,0,585,0,0,0
32.2,56.5,2457,4095,0,586,0,0,0
32.2,56.5,2455,4095,0,594,0,0,0
32.2,56.4,2474,4095,0,587,0,0,0
32.2,56.4,2448,4095,0,592,0,0,0
32.2,56.4,2419,4095,0,545,0,0,0
32.2,56.4,2450,4095,0,587,0,0,0
32.2,56.4,2435,4095,0,591,0,0,0
32.2,56.4,2468,4095,0,597,0,0,0
32.2,56.4,2475,4095,0,588,0,0,0
32.2,56.4,2436,4095,0,590,0,0,0
32.2,56.3,2464,4095,0,588,0,0,0
32.2,56.3,2433,4095,0,588,0,0,0
32.2,56.3,2453,4095,0,589,0,0,0
32.2,56.3,2489,4095,0,582,0,0,0
32.2,56.3,2467,4095,0,592,0,0,0
32.2,56.3,2489,4095,0,591,0,0,0
32.2,56.3,2457,4095,0,592,0,0,0
32.2,56.3,2443,4095,0,590,0,0,0
32.2,56.3,2450,4095,0,576,0,0,0
32.2,56.3,2464,4095,0,590,0,0,0
32.2,56.3,2499,4095,0,589,0,0,0
32.2,56.3,2490,4095,0,592,0,0,0
32.2,56.5,2498,4095,0,529,0,0,0
32.2,56.5,2467,4095,0,595,0,0,0
32.2,56.5,2444,4095,0,591,0,0,0
32.2,56.5,2469,4095,0,622,0,0,0
32.2,56.5,2448,4095,0,595,0,0,0
32.2,56.5,2481,4095,0,582,0,0,0
32.2,56.5,2478,4095,0,586,0,0,0
32.2,56.5,2438,4095,0,591,0,0,0
32.2,56.5,2465,4095,0,590,0,0,0
32.2,56.5,2441,4095,0,590,0,0,0
32.2,56.5,2468,4095,0,586,0,0,0
32.2,56.5,2499,4095,0,573,0,0,0
32.2,56.5,2483,4095,0,586,0,0,0
32.2,56.5,2493,4095,0,588,0,0,0
32.2,56.5,2457,4095,0,578,0,0,0
32.2,56.5,2455,4095,0,590,0,0,0
32.2,56.4,2447,4095,0,586,0,0,0
32.2,56.4,2465,4095,0,583,0,0,0
32.2,56.4,2499,4095,0,583,0,0,0
32.2,56.4,2493,4095,0,580,0,0,0
32.2,56.3,2529,4095,0,592,0,0,0
32.2,56.3,2547,4095,0,583,0,0,0
32.2,56.3,2602,4095,0,578,0,0,0
32.2,56.3,2661,4095,0,582,0,0,0
32.2,56.3,2688,4095,0,583,0,0,0
32.2,56.3,2737,4095,0,588,0,0,0
32.2,56.3,2755,4095,0,587,0,0,0
32.2,56.3,2742,4095,0,584,0,0,0
32.2,56.3,2753,4095,0,578,0,0,0
32.2,56.3,2747,4095,0,576,0,0,0
32.2,56.3,2767,4095,0,579,0,0,0
32.2,56.3,2781,4095,0,582,0,0,0
32.2,56.3,2773,4095,0,585,0,0,0
32.2,56.3,2774,4095,0,576,0,0,0
32.2,56.3,2752,4095,0,587,0,0,0
32.2,56.3,2753,4095,0,586,0,0,0
32.2,56.4,2720,4095,0,586,0,0,0
32.2,56.4,2736,4095,0,583,0,0,0
32.2,56.4,2774,4095,0,588,0,0,0
32.2,56.4,2761,4095,0,580,0,0,0
32.2,56.4,2778,4095,0,579,0,0,0
32.2,56.4,2755,4095,0,579,0,0,0
32.2,56.4,2745,4095,0,581,0,0,0
32.2,56.4,2743,4095,0,579,0,0,0
32.2,56.4,2732,4095,0,579,0,0,0
32.2,56.4,2779,4095,0,581,0,0,0
32.2,56.4,2767,4095,0,587,0,0,0
32.2,56.4,2753,4095,0,581,0,0,0
32.1,56.5,2758,4095,0,586,0,0,0
32.1,56.5,2751,4095,0,590,0,0,0
32.1,56.5,2756,4095,0,590,0,0,0
32.1,56.5,2727,4095,0,583,0,0,0
32.2,56.4,2778,4095,0,588,0,0,0
32.2,56.4,2768,4095,0,582,0,0,0
32.2,56.4,2752,4095,0,582,0,0,0
32.2,56.4,2767,4095,0,585,0,0,0
32.2,56.4,2752,4095,0,592,0,0,0
32.2,56.4,2769,4095,0,585,0,0,0
32.2,56.4,2768,4095,0,583,0,0,0
32.2,56.4,2750,4095,0,587,0,0,0
32.2,56.4,2766,4095,0,587,0,0,0
32.2,56.4,2751,4095,0,579,0,0,0
32.2,56.4,2763,4095,0,583,0,0,0
32.2,56.4,2770,4095,0,587,0,0,0
32.2,56.3,2761,4095,0,818,0,0,0
32.2,56.3,2765,4095,0,590,0,0,0
32.2,56.3,2742,4095,0,592,0,0,0
32.2,56.3,2727,4095,0,586,0,0,0
32.2,56.3,2720,4095,0,590,0,0,0
32.2,56.3,2723,4095,0,592,0,0,0
32.2,56.3,2737,4095,0,591,0,0,0
32.2,56.3,2726,4095,0,582,0,0,0
32.2,56.3,2738,4095,0,585,0,0,0
32.2,56.3,2720,4095,0,590,0,0,0
32.2,56.3,2711,4095,0,590,0,0,0
32.2,56.3,2763,4095,0,585,0,0,0
32.2,56.3,2719,4095,0,583,0,0,0
32.2,56.3,2726,4095,0,582,0,0,0
32.2,56.3,2700,4095,0,581,0,0,0
32.2,56.3,2640,4095,0,587,0,0,0
32.2,56.3,2619,4095,0,588,0,0,0
32.2,56.3,2559,4095,0,581,0,0,0
32.2,56.3,2559,4095,0,594,0,0,0
32.2,56.3,2555,4095,0,591,0,0,0
32.2,56.3,2530,4095,0,589,0,0,0
32.2,56.3,2500,4095,0,591,0,0,0
32.2,56.3,2455,4095,0,586,0,0,0
32.2,56.3,2459,4095,0,581,0,0,0
32.2,56.3,2451,4095,0,592,0,0,0
32.2,56.3,2483,4095,0,588,0,0,0
32.2,56.3,2497,4095,0,592,0,0,0
32.2,56.3,2458,4095,0,586,0,0,0
32.2,56.3,2480,4095,0,592,0,0,0
32.2,56.3,2464,4095,0,590,0,0,0
32.2,56.3,2468,4095,0,592,0,0,0
32.2,56.3,2493,4095,0,590,0,0,0
32.2,56.3,2479,4095,0,592,0,0,0
32.2,56.3,2494,4095,0,597,0,0,0
32.2,56.3,2448,4095,0,590,0,0,0
32.2,56.3,2449,4095,0,589,0,0,0
32.2,56.4,2453,4095,0,589,0,0,0
32.2,56.4,2499,4095,0,581,0,0,0
32.2,56.4,2559,4095,0,591,0,0,0
32.2,56.4,2591,4095,0,590,0,0,0
32.2,56.5,2640,4095,0,534,0,0,0
32.2,56.5,2616,4095,0,591,0,0,0
32.2,56.5,2595,4095,0,592,0,0,0
32.2,56.5,2590,4095,0,586,0,0,0
32.2,56.5,2529,4095,0,594,0,0,0
32.2,56.5,2527,4095,0,583,0,0,0
32.2,56.5,2489,4095,0,592,0,0,0
32.2,56.5,2444,4095,0,591,0,0,0
32.2,56.4,2455,4095,0,590,0,0,0
32.2,56.4,2441,4095,0,592,0,0,0
32.2,56.4,2470,4095,0,585,0,0,0
32.2,56.4,2486,4095,0,590,0,0,0
32.2,56.4,2480,4095,0,592,0,0,0
32.2,56.4,2476,4095,0,586,0,0,0
32.2,56.4,2437,4095,0,581,0,0,0
32.2,56.4,2445,4095,0,582,0,0,0
32.2,56.3,2430,4095,0,592,0,0,0
32.2,56.3,2458,4095,0,583,0,0,0
32.2,56.3,2483,4095,0,587,0,0,0
32.2,56.3,2453,4095,0,589,0,0,0
32.2,56.3,2475,4095,0,592,0,0,0
32.2,56.3,2437,4095,0,591,0,0,0
32.2,56.3,2427,4095,0,586,0,0,0
32.2,56.3,2459,4095,0,595,0,0,0
32.2,56.2,2438,4095,0,586,0,0,0
32.2,56.2,2476,4095,0,589,0,0,0
32.2,56.2,2462,4095,0,581,0,0,0
32.2,56.2,2426,4095,0,585,0,0,0
32.2,56.3,2448,4095,0,591,0,0,0
32.2,56.3,2423,4095,0,584,0,0,0
32.2,56.3,2448,4095,0,583,0,0,0
32.2,56.3,2478,4095,0,581,0,0,0
32.2,56.2,2459,4095,0,584,0,0,0
32.2,56.2,2469,4095,0,588,0,0,0
32.2,56.2,2429,4095,0,590,0,0,0
32.2,56.2,2423,4095,0,587,0,0,0
32.2,56.2,2417,4095,0,591,0,0,0
32.2,56.2,2433,4095,0,587,0,0,0
32.2,56.2,2466,4095,0,581,0,0,0
32.2,56.2,2460,4095,0,589,0,0,0
32.2,56.3,2474,4095,0,591,0,0,0
32.2,56.3,2439,4095,0,583,0,0,0
32.2,56.3,2416,4095,0,581,0,0,0
32.2,56.3,2438,4095,0,592,0,0,0
32.2,56.4,2421,4095,0,582,0,0,0
32.2,56.4,2453,4095,0,583,0,0,0
32.2,56.4,2462,4095,0,581,0,0,0
32.2,56.4,2416,4095,0,589,0,0,0
32.2,56.4,2444,4095,0,583,0,0,0
32.2,56.4,2407,4095,0,586,0,0,0
32.2,56.4,2430,4095,0,585,0,0,0
32.2,56.4,2463,4095,0,586,0,0,0
32.2,56.3,2443,4095,0,593,0,0,0
32.2,56.3,2462,4095,0,586,0,0,0
32.2,56.3,2418,4095,0,589,0,0,0
32.2,56.3,2413,4095,0,579,0,0,0
32.2,56.3,2407,4095,0,592,0,0,0
32.2,56.3,2420,4095,0,582,0,0,0
32.2,56.3,2451,4095,0,585,0,0,0
32.2,56.3,2446,4095,0,586,0,0,0
32.2,56.3,2459,4095,0,591,0,0,0
32.2,56.3,2426,4095,0,590,0,0,0
32.2,56.3,2403,4095,0,583,0,0,0
32.2,56.3,2430,4095,0,581,0,0,0
32.2,56.3,2415,4095,0,543,0,0,0
32.2,56.3,2449,4095,0,583,0,0,0
32.2,56.3,2448,4095,0,579,0,0,0
32.2,56.3,2410,4095,0,575,0,0,0
32.2,56.2,2427,4095,0,587,0,0,0
32.2,56.2,2393,4095,0,573,0,0,0
32.2,56.2,2428,4095,0,582,0,0,0
32.2,56.2,2452,4095,0,583,0,0,0
32.2,56.2,2439,4095,0,583,0,0,0
32.2,56.2,2455,4095,0,590,0,0,0
32.2,56.2,2419,4095,0,585,0,0,0
32.2,56.2,2416,4095,0,580,0,0,0
32.2,56.2,2410,4095,0,585,0,0,0
32.2,56.2,2423,4095,0,579,0,0,0
32.2,56.2,2455,4095,0,578,0,0,0
32.2,56.2,2449,4095,0,586,0,0,0
32.2,56.2,2466,4095,0,589,0,0,0
32.2,56.2,2434,4095,0,581,0,0,0
32.2,56.2,2409,4095,0,576,0,0,0
32.2,56.2,2434,4095,0,578,0,0,0
32.2,56.2,2416,4095,0,586,0,0,0
32.2,56.2,2448,4095,0,588,0,0,0
32.2,56.2,2468,4095,0,578,0,0,0
32.2,56.2,2426,4095,0,587,0,0,0
32.2,56.1,2447,4095,0,583,0,0,0
32.2,56.1,2416,4095,0,578,0,0,0
32.2,56.1,2425,4095,0,581,0,0,0
32.2,56.1,2443,4095,0,587,0,0,0
32.3,56.1,2434,4095,0,586,0,0,0
32.3,56.1,2466,4095,0,578,0,0,0
32.3,56.1,2406,4095,0,581,0,0,0
32.3,56.1,2409,4095,0,586,0,0,0
32.2,56.1,2427,4095,0,585,0,0,0
32.2,56.1,2416,4095,0,580,0,0,0
32.2,56.1,2443,4095,0,586,0,0,0
32.2,56.1,2465,4095,0,577,0,0,0
32.2,56.1,2461,4095,0,586,0,0,0
32.2,56.1,2459,4095,0,578,0,0,0
32.2,56.1,2427,4095,0,576,0,0,0
32.2,56.1,2423,4095,0,583,0,0,0
32.2,56.2,2417,4095,0,585,0,0,0
32.2,56.2,2437,4095,0,583,0,0,0
32.2,56.2,2465,4095,0,578,0,0,0
32.2,56.2,2461,4095,0,585,0,0,0
32.3,56.2,2476,4095,0,586,0,0,0
32.3,56.2,2450,4095,0,583,0,0,0
32.3,56.2,2421,4095,0,588,0,0,0
32.3,56.2,2439,4095,0,583,0,0,0
32.2,56.3,2416,4095,0,591,0,0,0
32.2,56.3,2449,4095,0,585,0,0,0
32.2,56.3,2480,4095,0,582,0,0,0
32.2,56.3,2459,4095,0,577,0,0,0
32.3,56.3,2479,4095,0,586,0,0,0
32.3,56.3,2448,4095,0,588,0,0,0
32.3,56.3,2431,4095,0,609,0,0,0
32.3,56.3,2465,4095,0,576,0,0,0
32.3,56.3,2435,4095,0,583,0,0,0
32.3,56.3,2466,4095,0,590,0,0,0
32.3,56.3,2495,4095,0,581,0,0,0
32.3,56.3,2474,4095,0,581,0,0,0
32.2,56.3,2496,4095,0,592,0,0,0
32.2,56.3,2471,4095,0,581,0,0,0
32.2,56.3,2455,4095,0,581,0,0,0
32.2,56.3,2485,4095,0,576,0,0,0
32.3,56.3,2475,4095,0,580,0,0,0
32.3,56.3,2522,4095,0,575,0,0,0
32.3,56.3,2559,4095,0,579,0,0,0
32.3,56.3,2559,4095,0,581,0,0,0
32.3,56.4,2602,4095,0,583,0,0,0
32.3,56.4,2559,4095,0,582,0,0,0
32.3,56.4,2559,4095,0,577,0,0,0
32.3,56.4,2559,4095,0,578,0,0,0
32.3,56.4,2529,4095,0,585,0,0,0
32.3,56.4,2535,4095,0,576,0,0,0
32.3,56.4,2544,4095,0,576,0,0,0
32.3,56.4,2521,4095,0,578,0,0,0
32.2,56.3,2553,4095,0,581,0,0,0
32.2,56.3,2533,4095,0,573,0,0,0
32.2,56.3,2525,4095,0,576,0,0,0
32.2,56.3,2548,4095,0,579,0,0,0
32.3,56.3,2529,4095,0,578,0,0,0
32.3,56.3,2585,4095,0,583,0,0,0
32.3,56.3,2603,4095,0,579,0,0,0
32.3,56.3,2559,4095,0,576,0,0,0
32.3,56.2,2608,4095,0,592,0,0,0
32.3,56.2,2559,4095,0,577,0,0,0
32.3,56.2,2593,4095,0,576,0,0,0
32.3,56.2,2625,4095,0,578,0,0,0
32.2,56.3,2606,4095,0,578,0,0,0
32.2,56.3,2621,4095,0,581,0,0,0
32.2,56.3,2608,4095,0,589,0,0,0
32.2,56.3,2559,4095,0,577,0,0,0
32.3,56.3,2581,4095,0,576,0,0,0
32.3,56.3,2525,4095,0,578,0,0,0
32.3,56.3,1978,4095,0,576,0,0,0
32.3,56.3,737,4095,0,576,0,0,1
32.3,56.3,615,4095,0,588,0,0,1
32.3,56.3,711,4095,0,577,0,0,1
32.3,56.3,752,4095,0,607,0,0,1
32.3,56.3,774,4095,0,603,0,0,1
32.3,56.2,681,4095,0,619,0,0,1
32.3,56.2,646,4095,0,606,0,0,1
32.3,56.2,679,4095,0,603,0,0,1
32.3,56.2,759,4095,0,605,0,0,1
32.3,56.2,799,4095,0,601,0,0,1
32.3,56.2,2519,4095,0,597,0,0,0
32.3,56.2,2503,4095,0,592,0,0,0
32.3,56.2,2480,4095,0,598,0,0,0
32.3,56.2,2475,4095,0,587,0,0,0
32.3,56.2,2469,4095,0,576,0,0,0
32.3,56.2,2499,4095,0,575,0,0,0
32.3,56.2,2507,4095,0,577,0,0,0
32.3,56.2,2503,4095,0,576,0,0,0
32.3,56.2,2493,4095,0,581,0,0,0
32.3,56.2,2458,4095,0,586,0,0,0
32.3,56.2,2467,4095,0,582,0,0,0
32.3,56.2,2448,4095,0,581,0,0,0
32.3,56.2,2469,4095,0,575,0,0,0
32.3,56.2,2495,4095,0,577,0,0,0
32.3,56.2,2475,4095,0,576,0,0,0
32.3,56.2,2495,4095,0,589,0,0,0
32.3,56.2,2463,4095,0,583,0,0,0
32.3,56.2,2447,4095,0,465,0,0,0
32.3,56.2,2474,4095,0,579,0,0,0
32.3,56.2,2451,4095,0,589,0,0,0
32.3,56.2,2490,4095,0,589,0,0,0
32.3,56.2,2500,4095,0,578,0,0,0
32.3,56.2,2455,4095,0,581,0,0,0
32.3,56.1,2478,4095,0,579,0,0,0
32.3,56.1,2441,4095,0,583,0,0,0
32.3,56.1,2461,4095,0,585,0,0,0
32.3,56.1,2489,4095,0,577,0,0,0
32.3,56.1,2477,4095,0,570,0,0,0
32.3,56.1,2509,4095,0,560,0,0,0
32.3,56.1,2492,4095,0,578,0,0,0
32.3,56.1,2476,4095,0,576,0,0,0
32.3,56.2,2494,4095,0,579,0,0,0
32.3,56.2,2494,4095,0,581,0,0,0
32.3,56.2,2527,4095,0,547,0,0,0
32.3,56.2,2549,4095,0,578,0,0,0
32.3,56.2,2555,4095,0,587,0,0,0
32.3,56.2,2559,4095,0,581,0,0,0
32.3,56.2,2513,4095,0,580,0,0,0
32.3,56.2,2511,4095,0,576,0,0,0
32.3,56.2,2486,4095,0,587,0,0,0
32.3,56.2,2491,4095,0,581,0,0,0
32.3,56.2,2496,4095,0,576,0,0,0
32.3,56.2,2476,4095,0,581,0,0,0
32.3,56.2,2509,4095,0,594,0,0,0
32.3,56.2,2482,4095,0,574,0,0,0
32.3,56.2,2463,4095,0,578,0,0,0
32.3,56.2,2481,4095,0,577,0,0,0
32.3,56.2,2441,4095,0,589,0,0,0
32.3,56.2,2477,4095,0,579,0,0,0
32.3,56.2,2494,4095,0,588,0,0,0
32.3,56.2,2464,4095,0,586,0,0,0
32.3,56.2,2493,4095,0,590,0,0,0
32.3,56.2,2448,4095,0,581,0,0,0
32.3,56.2,2458,4095,0,581,0,0,0
32.3,56.2,2479,4095,0,577,0,0,0
32.3,56.2,2459,4095,0,581,0,0,0
32.3,56.2,2497,4095,0,604,0,0,0
32.3,56.2,2471,4095,0,580,0,0,0
32.3,56.2,2479,4095,0,583,0,0,0
32.3,56.3,2453,4095,0,593,0,0,0
32.3,56.3,2441,4095,0,572,0,0,0
32.3,56.3,2448,4095,0,583,0,0,0
32.3,56.3,2450,4095,0,581,0,0,0
32.3,56.3,2491,4095,0,587,0,0,0
32.3,56.3,2486,4095,0,583,0,0,0
32.3,56.3,2464,4095,0,589,0,0,0
32.3,56.3,2493,4095,0,583,0,0,0
32.3,56.2,2465,4095,0,583,0,0,0
32.3,56.2,2491,4095,0,576,0,0,0
32.3,56.2,2480,4095,0,582,0,0,0
32.3,56.2,2465,4095,0,576,0,0,0
32.3,56.2,2518,4095,0,585,0,0,0
32.3,56.2,2491,4095,0,579,0,0,0
32.3,56.2,2512,4095,0,588,0,0,0
32.3,56.2,2530,4095,0,575,0,0,0
32.3,56.2,2512,4095,0,589,0,0,0
32.3,56.2,2530,4095,0,583,0,0,0
32.3,56.2,2500,4095,0,579,0,0,0
32.3,56.2,2493,4095,0,593,0,0,0
32.4,56.1,2506,4095,0,571,0,0,0
32.4,56.1,2515,4095,0,578,0,0,0
32.4,56.1,2557,4095,0,582,0,0,0
32.4,56.1,2559,4095,0,576,0,0,0
32.3,56.1,2595,4095,0,590,0,0,0
32.3,56.1,2596,4095,0,580,0,0,0
32.3,56.1,2589,4095,0,587,0,0,0
32.3,56.1,2627,4095,0,578,0,0,0
32.3,56.0,2638,4095,0,588,0,0,0
32.3,56.0,2676,4095,0,594,0,0,0
32.3,56.0,2702,4095,0,583,0,0,0
32.3,56.0,2679,4095,0,580,0,0,0
32.3,56.0,2704,4095,0,587,0,0,0
32.3,56.0,2673,4095,0,579,0,0,0
32.3,56.0,2685,4095,0,579,0,0,0
32.3,56.0,2699,4095,0,580,0,0,0
32.3,56.0,2673,4095,0,587,0,0,0
32.3,56.0,2688,4095,0,585,0,0,0
32.3,56.0,2653,4095,0,581,0,0,0
32.3,56.0,2615,4095,0,576,0,0,0
32.4,56.0,2608,4095,0,589,0,0,0
32.4,56.0,2592,4095,0,576,0,0,0
32.4,56.0,2608,4095,0,599,0,0,0
32.4,56.0,2608,4095,0,586,0,0,0
32.3,56.0,2595,4095,0,580,0,0,0
32.3,56.0,2581,4095,0,645,0,0,0
32.3,56.0,2533,4095,0,580,0,0,0
32.3,56.0,2530,4095,0,577,0,0,0
32.3,56.0,2503,4095,0,578,0,0,0
32.3,56.0,2542,4095,0,582,0,0,0
32.3,56.0,2531,4095,0,580,0,0,0
32.3,56.0,2495,4095,0,582,0,0,0
32.4,56.0,2503,4095,0,579,0,0,0
32.4,56.0,2458,4095,0,579,0,0,0
32.4,56.0,2444,4095,0,582,0,0,0
32.4,56.0,2474,4095,0,585,0,0,0
32.4,56.0,2449,4095,0,587,0,0,0
32.4,56.0,2480,4095,0,582,0,0,0
32.4,56.0,2469,4095,0,590,0,0,0
32.4,56.0,2431,4095,0,579,0,0,0
32.4,55.9,2437,4095,0,589,0,0,0
32.4,55.9,2429,4095,0,582,0,0,0
32.4,55.9,2453,4095,0,582,0,0,0
32.4,55.9,2483,4095,0,609,0,0,0
32.4,55.9,2464,4095,0,587,0,0,0
32.4,55.9,2481,4095,0,582,0,0,0
32.4,55.9,2448,4095,0,579,0,0,0
32.4,55.9,2434,4095,0,578,0,0,0
32.4,55.9,2433,4095,0,585,0,0,0
32.4,55.9,2442,4095,0,578,0,0,0
32.4,55.9,2475,4095,0,587,0,0,0
32.4,55.9,2480,4095,0,586,0,0,0
32.4,56.0,2483,4095,0,576,0,0,0
32.4,56.0,2471,4095,0,575,0,0,0
32.4,56.0,2433,4095,0,586,0,0,0
32.4,56.0,2450,4095,0,591,0,0,0
32.4,56.1,2432,4095,0,582,0,0,0
32.4,56.1,2462,4095,0,585,0,0,0
32.4,56.1,2491,4095,0,570,0,0,0
32.4,56.1,2463,4095,0,581,0,0,0
32.4,56.1,2483,4095,0,585,0,0,0
32.4,56.1,2446,4095,0,576,0,0,0
32.4,56.1,2432,4095,0,583,0,0,0
32.4,56.1,2465,4095,0,581,0,0,0
32.4,56.1,2438,4095,0,577,0,0,0
32.4,56.1,2480,4095,0,576,0,0,0
32.4,56.1,2477,4095,0,582,0,0,0
32.4,56.1,2430,4095,0,580,0,0,0
32.4,56.1,2443,4095,0,577,0,0,0
32.4,56.1,2410,4095,0,586,0,0,0
32.4,56.1,2431,4095,0,579,0,0,0
32.4,56.1,2469,4095,0,582,0,0,0
32.4,56.1,2463,4095,0,581,0,0,0
32.4,56.1,2484,4095,0,576,0,0,0
32.4,56.1,2453,4095,0,577,0,0,0
32.4,56.1,2427,4095,0,577,0,0,0
32.4,56.1,2432,4095,0,579,0,0,0
32.4,56.1,2432,4095,0,587,0,0,0
32.4,56.1,2474,4095,0,579,0,0,0
32.4,56.1,2500,4095,0,578,0,0,0
32.4,56.1,2509,4095,0,579,0,0,0
32.4,56.1,2499,4095,0,573,0,0,0
32.4,56.1,2459,4095,0,573,0,0,0
32.4,56.1,2461,4095,0,577,0,0,0
32.4,56.0,2434,4095,0,581,0,0,0
32.4,56.0,2461,4095,0,579,0,0,0
32.4,56.0,2495,4095,0,585,0,0,0
32.4,56.0,2474,4095,0,580,0,0,0
32.4,56.0,2493,4095,0,580,0,0,0
32.4,56.0,2454,4095,0,570,0,0,0
32.4,56.0,2432,4095,0,578,0,0,0
32.4,56.0,2457,4095,0,577,0,0,0
32.4,56.0,2438,4095,0,577,0,0,0
32.4,56.0,2480,4095,0,579,0,0,0
32.4,56.0,2491,4095,0,576,0,0,0
32.4,56.0,2466,4095,0,573,0,0,0
32.4,56.0,2491,4095,0,575,0,0,0
32.4,56.0,2448,4095,0,585,0,0,0
32.4,56.0,2453,4095,0,575,0,0,0
32.4,56.0,2482,4095,0,577,0,0,0
32.4,56.0,2451,4095,0,590,0,0,0
32.4,56.0,2486,4095,0,578,0,0,0
32.4,56.0,2472,4095,0,581,0,0,0
32.4,56.0,2432,4095,0,607,0,0,0
32.4,55.9,2457,4095,0,581,0,0,0
32.4,55.9,2410,4095,0,577,0,0,0
31.6,59.0,1968,4095,0,767,0,0,0
31.6,59.0,1939,4095,0,770,0,0,0
31.6,59.0,1883,4095,0,768,0,0,1
31.6,59.0,1876,4095,0,778,0,0,1
31.6,58.9,1903,4095,0,807,0,0,1
31.6,58.9,1889,4095,0,807,0,0,1
31.6,58.9,1927,4095,0,807,0,0,0
31.6,58.9,1970,4095,0,804,0,0,0
31.6,58.9,1904,4095,0,781,0,0,1
31.6,58.9,1958,4095,0,791,0,0,0
31.6,58.9,1941,4095,0,816,0,0,0
31.6,58.9,1875,4095,0,847,0,0,1
31.6,58.9,1941,4095,0,797,0,0,0
31.6,58.9,1907,4095,0,828,0,0,1
31.6,58.9,1870,4095,0,807,0,0,1
31.6,58.9,1924,4095,0,826,0,0,0
31.6,58.9,1885,4095,0,833,0,0,1
31.6,58.9,1909,4095,0,797,0,0,1
31.6,58.9,1970,4095,0,834,0,0,0
31.6,58.9,1981,4095,0,833,0,0,0
31.6,58.9,2384,4095,0,825,0,0,0
31.6,58.9,2304,4095,0,822,0,0,0
31.6,58.9,2206,4095,0,830,0,0,0
31.6,58.9,674,4095,0,819,0,0,1
31.6,59.0,2213,4095,0,832,0,0,0
31.6,59.0,2112,4095,0,848,0,0,0
31.6,59.0,2229,4095,0,835,0,0,0
31.6,59.0,1962,4095,0,848,0,0,0
31.6,59.2,1758,4095,0,833,0,0,1
31.6,59.2,1600,4095,0,831,0,0,1
31.6,59.2,2112,4095,0,0,0,0,0
31.6,59.2,1655,4095,0,0,0,0,1
31.6,59.2,2139,4095,0,1166,0,0,1
31.6,59.2,1835,4095,0,1709,0,0,1
31.6,59.2,2131,4095,0,541,0,0,0
31.6,59.2,2307,4095,0,0,0,0,0
31.6,59.0,2197,4095,0,173,0,0,0
31.6,59.0,2435,4095,0,236,0,0,0
31.6,59.0,2175,4095,0,1083,0,0,1
31.6,59.0,2110,4095,0,991,0,0,1
31.7,58.9,2323,4095,0,0,0,0,0
31.7,58.9,2320,4095,0,0,0,0,0
31.7,58.9,2294,4095,0,0,0,0,0
31.7,58.9,2322,4095,0,0,0,0,0
31.6,58.9,2353,4095,0,933,0,0,0
31.6,58.9,2402,4095,0,0,0,0,0
31.6,58.9,2454,4095,0,0,0,0,0
31.6,58.9,2363,4095,0,0,0,0,0
31.6,58.8,2443,4095,0,4095,0,0,0
31.6,58.8,2415,4095,0,4095,0,0,0
31.6,58.8,2150,4095,0,1457,0,0,1
31.6,58.8,2047,4095,0,859,0,0,0
31.6,58.8,2176,4095,0,880,0,0,0
31.6,58.8,2323,4095,0,854,0,0,0
31.6,58.8,2405,4095,0,858,0,0,0
31.6,58.8,2461,4095,0,854,0,0,0
31.7,58.8,822,4095,0,863,0,0,1
31.7,58.8,479,4095,0,859,0,0,1
31.7,58.8,2202,4095,0,891,0,0,1
31.7,58.8,2410,4095,0,885,0,0,0
31.7,58.8,2491,4095,0,882,0,0,0
31.7,58.8,2425,4095,0,858,0,0,0
31.7,58.8,2350,4095,0,858,0,0,0
31.7,58.8,2377,4095,0,861,0,0,0
31.7,58.7,2361,4095,0,891,0,0,0
31.7,58.7,2365,4095,0,860,0,0,0
31.7,58.7,2437,4095,0,855,0,0,0
31.7,58.7,2498,4095,0,865,0,0,0
31.7,58.8,2416,4095,0,867,0,0,0
31.7,58.8,2485,4095,0,858,0,0,0
31.7,58.8,2491,4095,0,863,0,0,0
31.7,58.8,2415,4095,0,859,0,0,0
31.7,58.8,2499,4095,0,861,0,0,0
31.7,58.8,2442,4095,0,859,0,0,0
31.7,58.8,2362,4095,0,848,0,0,0
31.7,58.8,2365,4095,0,855,0,0,0
31.7,58.7,2373,4095,0,864,0,0,0
31.8,58.7,2468,4095,0,867,0,0,0
31.8,58.6,2498,4095,0,859,0,0,0
31.8,58.6,2478,4095,0,864,0,0,0
31.8,58.6,2390,4095,0,861,0,0,0
31.8,58.6,2352,4095,0,865,0,0,0
31.7,58.6,2391,4095,0,865,0,0,0
31.7,58.6,2347,4095,0,855,0,0,0
31.7,58.6,2403,4095,0,859,0,0,0
31.7,58.6,2482,4095,0,865,0,0,0
31.8,58.5,2400,4095,0,862,0,0,0
31.8,58.5,2480,4095,0,864,0,0,0
31.8,58.5,2497,4095,0,859,0,0,0
31.8,58.5,2419,4095,0,858,0,0,0
31.8,58.6,2494,4095,0,854,0,0,0
31.8,58.6,2422,4095,0,863,0,0,0
31.8,58.6,2320,4095,0,859,0,0,0
31.8,58.6,2384,4095,0,855,0,0,0
31.8,58.4,2352,4095,0,869,0,0,0
31.8,58.4,2375,4095,0,859,0,0,0
31.8,58.4,2454,4095,0,862,0,0,0
31.8,58.4,2497,4095,0,861,0,0,0
31.8,58.3,2450,4095,0,865,0,0,0
31.8,58.3,2502,4095,0,859,0,0,0
31.8,58.3,2448,4095,0,857,0,0,0
31.8,58.3,2363,4095,0,859,0,0,0
31.8,58.3,2465,4095,0,860,0,0,0
31.8,58.3,2359,4095,0,855,0,0,0
31.8,58.3,2355,4095,0,851,0,0,0
31.8,58.3,2431,4095,0,857,0,0,0
31.8,58.4,2338,4095,0,856,0,0,0
31.8,58.4,2417,4095,0,858,0,0,0
31.8,58.4,2493,4095,0,852,0,0,0
31.8,58.4,2487,4095,0,861,0,0,0
31.8,58.4,2480,4095,0,855,0,0,0
31.8,58.4,2493,4095,0,859,0,0,0
31.8,58.4,2416,4095,0,854,0,0,0
31.8,58.4,2348,4095,0,858,0,0,0
31.8,58.3,2429,4095,0,855,0,0,0
31.8,58.3,2350,4095,0,854,0,0,0
31.8,58.3,2369,4095,0,819,0,0,0
31.8,58.3,2448,4095,0,857,0,0,0
31.8,58.1,2357,4095,0,860,0,0,0
31.8,58.1,2433,4095,0,852,0,0,0
31.8,58.1,2493,4095,0,861,0,0,0
31.8,58.1,2474,4095,0,858,0,0,0
31.8,58.1,2488,4095,0,857,0,0,0
31.8,58.1,2481,4095,0,854,0,0,0
31.8,58.1,2401,4095,0,855,0,0,0
31.8,58.1,2345,4095,0,859,0,0,0
31.8,58.1,2433,4095,0,856,0,0,0
31.8,58.1,2352,4095,0,860,0,0,0
31.8,58.1,2377,4095,0,855,0,0,0
31.8,58.1,2445,4095,0,767,0,0,0
31.8,58.2,2359,4095,0,861,0,0,0
31.8,58.2,2432,4095,0,848,0,0,0
31.8,58.2,2496,4095,0,859,0,0,0
31.8,58.2,2481,4095,0,854,0,0,0
31.8,58.2,2481,4095,0,853,0,0,0
31.8,58.2,2496,4095,0,850,0,0,0
31.8,58.2,2418,4095,0,855,0,0,0
31.8,58.2,2354,4095,0,858,0,0,0
31.8,58.3,2447,4095,0,861,0,0,0
31.8,58.3,2362,4095,0,852,0,0,0
31.8,58.3,2357,4095,0,850,0,0,0
31.8,58.3,2426,4095,0,851,0,0,0
31.8,58.3,2349,4095,0,855,0,0,0
31.8,58.3,2398,4095,0,850,0,0,0
31.8,58.3,2482,4095,0,849,0,0,0
31.8,58.3,2486,4095,0,851,0,0,0
31.8,58.2,2463,4095,0,851,0,0,0
31.8,58.2,2501,4095,0,850,0,0,0
31.8,58.2,2448,4095,0,854,0,0,0
31.8,58.2,2368,4095,0,853,0,0,0
31.8,58.3,2469,4095,0,851,0,0,0
31.8,58.3,2387,4095,0,839,0,0,0
31.8,58.3,2343,4095,0,848,0,0,0
31.8,58.3,2400,4095,0,849,0,0,0
31.8,58.4,2346,4095,0,848,0,0,0
31.8,58.4,2378,4095,0,849,0,0,0
31.8,58.4,2453,4095,0,850,0,0,0
31.8,58.4,2498,4095,0,848,0,0,0
31.8,58.4,2431,4095,0,851,0,0,0
31.8,58.4,2494,4095,0,849,0,0,0
31.8,58.4,2477,4095,0,848,0,0,0
31.8,58.4,2394,4095,0,848,0,0,0
31.8,58.4,2489,4095,0,848,0,0,0
31.8,58.4,2416,4095,0,848,0,0,0
31.8,58.4,2334,4095,0,848,0,0,0
31.8,58.4,2369,4095,0,851,0,0,0
31.8,58.4,2359,4095,0,849,0,0,0
31.8,58.4,2355,4095,0,848,0,0,0
31.8,58.4,2429,4095,0,848,0,0,0
31.8,58.4,2493,4095,0,848,0,0,0
31.8,58.4,2407,4095,0,848,0,0,0
31.8,58.4,2479,4095,0,848,0,0,0
31.8,58.4,2494,4095,0,850,0,0,0
31.8,58.4,2425,4095,0,846,0,0,0
31.8,58.4,2496,4095,0,847,0,0,0
31.8,58.4,2448,4095,0,848,0,0,0
31.8,58.4,2367,4095,0,848,0,0,0
31.8,58.4,2352,4095,0,847,0,0,0
31.8,58.6,2384,4095,0,849,0,0,0
31.8,58.6,2342,4095,0,848,0,0,0
31.8,58.6,2398,4095,0,848,0,0,0
31.8,58.6,2469,4095,0,848,0,0,0
31.8,58.8,2378,4095,0,848,0,0,0
31.8,58.8,2451,4095,0,849,0,0,0
31.8,58.8,2495,4095,0,848,0,0,0
31.8,58.8,2448,4095,0,848,0,0,0
31.8,59.0,2498,4095,0,854,0,0,0
31.8,59.0,2480,4095,0,848,0,0,0
31.8,59.0,2391,4095,0,848,0,0,0
31.8,59.0,2348,4095,0,847,0,0,0
31.8,58.8,2416,4095,0,848,0,0,0
31.8,58.8,2350,4095,0,842,0,0,0
31.8,58.8,2375,4095,0,847,0,0,0
31.8,58.8,2452,4095,0,845,0,0,0
31.8,58.7,2363,4095,0,846,0,0,0
31.8,58.7,2434,4095,0,846,0,0,0
31.8,58.7,2497,4095,0,843,0,0,0
31.8,58.7,2474,4095,0,847,0,0,0
31.8,58.5,2480,4095,0,850,0,0,0
31.8,58.5,2489,4095,0,847,0,0,0
31.8,58.5,2415,4095,0,846,0,0,0
31.8,58.5,2345,4095,0,842,0,0,0
31.8,58.5,2435,4095,0,843,0,0,0
31.8,58.5,2352,4095,0,848,0,0,0
31.8,58.5,2433,4095,0,836,0,0,0
31.8,58.5,2437,4095,0,846,0,0,0
31.8,58.4,2346,4095,0,843,0,0,0
31.8,58.4,2416,4095,0,839,0,0,0
31.8,58.4,2492,4095,0,843,0,0,0
31.8,58.4,2509,4095,0,847,0,0,0
31.8,58.3,2471,4095,0,846,0,0,0
31.8,58.3,2496,4095,0,842,0,0,0
31.8,58.3,2429,4095,0,839,0,0,0
31.8,58.3,2352,4095,0,841,0,0,0
31.8,58.3,2454,4095,0,847,0,0,0
31.8,58.3,2367,4095,0,837,0,0,0
31.8,58.3,2355,4095,0,840,0,0,0
31.8,58.3,2418,4095,0,839,0,0,0
31.8,58.3,2345,4095,0,844,0,0,0
31.8,58.3,2389,4095,0,838,0,0,0
31.8,58.3,2477,4095,0,789,0,0,0
31.8,58.3,2500,4095,0,837,0,0,0
31.8,58.3,2454,4095,0,845,0,0,0
31.8,58.3,2503,4095,0,835,0,0,0
31.8,58.3,2459,4095,0,841,0,0,0
31.8,58.3,2371,4095,0,816,0,0,0
31.8,58.3,2481,4095,0,839,0,0,0
31.8,58.3,2400,4095,0,841,0,0,0
31.8,58.3,2352,4095,0,838,0,0,0
31.8,58.3,2386,4095,0,843,0,0,0
31.8,58.4,2355,4095,0,839,0,0,0
31.8,58.4,2369,4095,0,1037,0,0,0
31.8,58.4,2435,4095,0,837,0,0,0
31.8,58.4,2498,4095,0,839,0,0,0
31.8,58.4,2413,4095,0,842,0,0,0
31.8,58.4,2488,4095,0,833,0,0,0
31.8,58.4,2497,4095,0,834,0,0,0
31.8,58.4,2429,4095,0,835,0,0,0
31.8,58.3,2500,4095,0,839,0,0,0
31.8,58.3,2449,4095,0,835,0,0,0
31.8,58.3,2373,4095,0,834,0,0,0
31.8,58.3,2353,4095,0,837,0,0,0
31.8,58.2,2400,4095,0,830,0,0,0
31.8,58.2,2350,4095,0,832,0,0,0
31.8,58.2,2423,4095,0,841,0,0,0
31.8,58.2,2467,4095,0,834,0,0,0
31.8,58.3,2359,4095,0,835,0,0,0
31.8,58.3,2443,4095,0,841,0,0,0
31.8,58.3,2504,4095,0,833,0,0,0
31.8,58.3,2485,4095,0,839,0,0,0
31.8,58.5,2485,4095,0,836,0,0,0
31.8,58.5,2503,4095,0,834,0,0,0
31.8,58.5,2442,4095,0,830,0,0,0
31.8,58.5,2365,4095,0,835,0,0,0
31.8,58.6,2463,4095,0,839,0,0,0
31.8,58.6,2385,4095,0,832,0,0,0
31.8,58.6,2350,4095,0,843,0,0,0
31.8,58.6,2401,4095,0,832,0,0,0
31.8,58.6,2357,4095,0,835,0,0,0
31.8,58.6,2373,4095,0,841,0,0,0
31.8,58.6,2443,4095,0,834,0,0,0
31.8,58.6,2497,4095,0,833,0,0,0
31.8,58.5,2400,4095,0,837,0,0,0
31.8,58.5,2475,4095,0,833,0,0,0
31.8,58.5,2506,4095,0,831,0,0,0
31.8,58.5,2457,4095,0,826,0,0,0
31.8,58.5,2502,4095,0,902,0,0,0
31.8,58.5,2475,4095,0,832,0,0,0
31.8,58.5,2412,4095,0,826,0,0,0
31.8,58.5,2353,4095,0,837,0,0,0
31.8,58.5,2449,4095,0,830,0,0,0
31.8,58.5,2375,4095,0,830,0,0,0
31.8,58.5,2353,4095,0,830,0,0,0
31.8,58.5,2411,4095,0,830,0,0,0
31.8,58.5,2352,4095,0,834,0,0,0
31.8,58.5,2377,4095,0,829,0,0,0
31.8,58.5,2444,4095,0,830,0,0,0
31.8,58.5,2498,4095,0,825,0,0,0
31.8,58.5,2404,4095,0,830,0,0,0
31.8,58.5,2478,4095,0,831,0,0,0
31.8,58.5,2507,4095,0,826,0,0,0
31.8,58.5,2457,4095,0,831,0,0,0
31.8,58.4,2498,4095,0,833,0,0,0
31.8,58.4,2487,4095,0,852,0,0,0
31.8,58.4,2419,4095,0,826,0,0,0
31.8,58.4,2358,4095,0,830,0,0,0
31.8,58.4,2450,4095,0,831,0,0,0
31.8,58.4,2378,4095,0,831,0,0,0
31.8,58.4,2347,4095,0,831,0,0,0
31.8,58.4,2403,4095,0,819,0,0,0
31.8,58.4,2357,4095,0,829,0,0,0
31.8,58.4,2378,4095,0,832,0,0,0
31.8,58.4,2448,4095,0,827,0,0,0
31.8,58.4,2502,4095,0,826,0,0,0
31.8,58.4,2414,4095,0,825,0,0,0
31.8,58.4,2480,4095,0,819,0,0,0
31.8,58.4,2502,4095,0,832,0,0,0
31.8,58.4,2453,4095,0,827,0,0,0
31.8,58.4,2500,4095,0,831,0,0,0
31.8,58.4,2484,4095,0,827,0,0,0
31.8,58.4,2414,4095,0,827,0,0,0
31.8,58.4,2352,4095,0,827,0,0,0
31.8,58.4,2449,4095,0,832,0,0,0
31.8,58.4,2374,4095,0,817,0,0,0
31.8,58.4,2352,4095,0,823,0,0,0
31.8,58.4,2414,4095,0,825,0,0,0
31.8,58.3,2352,4095,0,826,0,0,0
31.8,58.3,2376,4095,0,843,0,0,0
31.8,58.3,2448,4095,0,818,0,0,0
31.8,58.3,2503,4095,0,823,0,0,0
31.8,58.4,2411,4095,0,829,0,0,0
31.8,58.4,2486,4095,0,823,0,0,0
31.8,58.4,2497,4095,0,830,0,0,0
31.8,58.4,2448,4095,0,828,0,0,0
31.8,58.4,2509,4095,0,823,0,0,0
31.8,58.4,2478,4095,0,821,0,0,0
31.8,58.4,2402,4095,0,823,0,0,0
31.8,58.4,2351,4095,0,829,0,0,0
31.8,58.4,2439,4095,0,823,0,0,0
31.8,58.4,2362,4095,0,822,0,0,0
31.8,58.4,2363,4095,0,813,0,0,0
31.8,58.4,2426,4095,0,823,0,0,0
31.8,58.3,2350,4095,0,825,0,0,0
31.8,58.3,2395,4095,0,833,0,0,0
31.8,58.3,2464,4095,0,820,0,0,0
31.8,58.3,2510,4095,0,819,0,0,0
31.8,58.3,2431,4095,0,822,0,0,0
31.8,58.3,2497,4095,0,824,0,0,0
31.8,58.3,2490,4095,0,822,0,0,0
31.8,58.3,2430,4095,0,818,0,0,0
31.8,58.3,2509,4095,0,827,0,0,0
31.8,58.3,2462,4095,0,822,0,0,0
31.8,58.3,2391,4095,0,816,0,0,0
31.8,58.3,2350,4095,0,821,0,0,0
31.8,58.3,2431,4095,0,818,0,0,0
31.8,58.3,2354,4095,0,818,0,0,0
31.8,58.3,2368,4095,0,816,0,0,0
31.8,58.3,2427,4095,0,885,0,0,0
31.8,58.4,2350,4095,0,822,0,0,0
31.8,58.4,2397,4095,0,819,0,0,0
31.8,58.4,2466,4095,0,825,0,0,0
31.8,58.4,2512,4095,0,819,0,0,0
31.8,58.4,2432,4095,0,817,0,0,0
31.8,58.4,2495,4095,0,815,0,0,0
31.8,58.4,2496,4095,0,821,0,0,0
31.8,58.4,2436,4095,0,818,0,0,0
31.8,58.5,2503,4095,0,816,0,0,0
31.8,58.5,2472,4095,0,819,0,0,0
31.8,58.5,2401,4095,0,819,0,0,0
31.8,58.5,2342,4095,0,819,0,0,0
31.8,58.4,2443,4095,0,821,0,0,0
31.8,58.4,2368,4095,0,818,0,0,0
31.8,58.4,2353,4095,0,816,0,0,0
31.8,58.4,2417,4095,0,819,0,0,0
31.8,58.4,2352,4095,0,816,0,0,0
31.8,58.4,2384,4095,0,816,0,0,0
31.8,58.4,2451,4095,0,816,0,0,0
31.8,58.4,2499,4095,0,816,0,0,0
31.9,58.5,2416,4095,0,816,0,0,0
31.9,58.5,2481,4095,0,775,0,0,0
31.9,58.5,2502,4095,0,820,0,0,0
31.9,58.5,2454,4095,0,815,0,0,0
31.8,58.7,2498,4095,0,816,0,0,0
31.8,58.7,2485,4095,0,814,0,0,0
31.8,58.7,2416,4095,0,816,0,0,0
31.8,58.7,2352,4095,0,816,0,0,0
31.9,58.7,2446,4095,0,817,0,0,0
31.9,58.7,2381,4095,0,816,0,0,0
31.9,58.7,2340,4095,0,816,0,0,0
31.9,58.7,2400,4095,0,816,0,0,0
31.8,58.6,2352,4095,0,816,0,0,0
31.8,58.6,2370,4095,0,785,0,0,0
31.8,58.6,2439,4095,0,814,0,0,0
31.8,58.6,2496,4095,0,817,0,0,0
31.8,58.5,2411,4095,0,820,0,0,0
31.8,58.5,2476,4095,0,819,0,0,0
31.8,58.5,2498,4095,0,837,0,0,0
31.8,58.5,2459,4095,0,815,0,0,0
31.9,58.5,2498,4095,0,820,0,0,0
31.9,58.5,2481,4095,0,816,0,0,0
31.9,58.5,2413,4095,0,816,0,0,0
31.9,58.5,2352,4095,0,815,0,0,0
31.9,58.4,2447,4095,0,814,0,0,0
31.9,58.4,2368,4095,0,819,0,0,0
31.9,58.4,2352,4095,0,813,0,0,0
31.9,58.4,2413,4095,0,813,0,0,0
31.9,58.5,2331,4095,0,882,0,0,0
31.9,58.5,1856,4095,0,813,0,0,1
31.9,58.5,470,4095,0,816,0,0,1
31.9,58.5,475,4095,0,834,0,0,1
31.9,58.6,475,4095,0,837,0,0,1
31.9,58.6,510,4095,0,842,0,0,1
31.9,58.6,554,4095,0,857,0,0,1
31.9,58.6,563,4095,0,832,0,0,1
31.9,58.5,483,4095,0,832,0,0,1
31.9,58.5,462,4095,0,829,0,0,1
31.9,58.5,495,4095,0,827,0,0,1
31.9,58.5,500,4095,0,828,0,0,1
31.9,58.4,592,4095,0,832,0,0,1
31.9,58.4,575,4095,0,830,0,0,1
31.9,58.4,579,4095,0,827,0,0,1
31.9,58.4,490,4095,0,829,0,0,1
31.8,58.3,1671,4095,0,832,0,0,1
31.8,58.3,495,4095,0,831,0,0,1
31.8,58.3,511,4095,0,828,0,0,1
31.8,58.3,595,4095,0,828,0,0,1
31.8,58.2,550,4095,0,826,0,0,1
31.8,58.2,497,4095,0,823,0,0,1
31.8,58.2,523,4095,0,821,0,0,1
31.8,58.2,2417,4095,0,822,0,0,0
31.9,58.2,2480,4095,0,820,0,0,0
31.9,58.2,2454,4095,0,802,0,0,0
31.9,58.2,2391,4095,0,800,0,0,0
31.9,58.2,2326,4095,0,803,0,0,0
31.9,58.1,2422,4095,0,799,0,0,0
31.9,58.1,2352,4095,0,811,0,0,0
31.9,58.1,2322,4095,0,749,0,0,0
31.9,58.1,2384,4095,0,807,0,0,0
31.9,58.1,2329,4095,0,803,0,0,0
31.9,58.1,2357,4095,0,815,0,0,0
31.9,58.1,2422,4095,0,803,0,0,0
31.9,58.1,2480,4095,0,803,0,0,0
31.9,58.1,2393,4095,0,807,0,0,0
31.9,58.1,2459,4095,0,805,0,0,0
31.9,58.1,2480,4095,0,807,0,0,0
31.9,58.1,2431,4095,0,809,0,0,0
31.9,58.2,2475,4095,0,807,0,0,0
31.9,58.2,2460,4095,0,801,0,0,0
31.9,58.2,2390,4095,0,806,0,0,0
31.9,58.2,2327,4095,0,804,0,0,0
31.9,58.2,2429,4095,0,808,0,0,0
31.9,58.2,2348,4095,0,803,0,0,0
31.9,58.2,2327,4095,0,807,0,0,0
31.9,58.2,2383,4095,0,809,0,0,0
31.9,58.1,2322,4095,0,806,0,0,0
31.9,58.1,2350,4095,0,809,0,0,0
31.9,58.1,2410,4095,0,807,0,0,0
31.9,58.1,2471,4095,0,791,0,0,0
31.8,58.1,2368,4095,0,812,0,0,0
31.8,58.1,2438,4095,0,802,0,0,0
31.8,58.1,2480,4095,0,785,0,0,0
31.8,58.1,2449,4095,0,804,0,0,0
31.9,58.1,2462,4095,0,806,0,0,0
31.9,58.1,2480,4095,0,823,0,0,0
31.9,58.1,2429,4095,0,803,0,0,0
31.9,58.1,2353,4095,0,809,0,0,0
31.9,58.1,2464,4095,0,805,0,0,0
31.9,58.1,2406,4095,0,801,0,0,0
31.9,58.1,2335,4095,0,802,0,0,0
31.9,58.1,2338,4095,0,803,0,0,0
31.9,58.2,2368,4095,0,804,0,0,0
31.9,58.2,2326,4095,0,805,0,0,0
31.9,58.2,2356,4095,0,802,0,0,0
31.9,58.2,2399,4095,0,800,0,0,0
31.9,58.3,2326,4095,0,806,0,0,0
31.9,58.3,2366,4095,0,801,0,0,0
31.9,58.3,2413,4095,0,809,0,0,0
31.9,58.3,2478,4095,0,797,0,0,0
31.9,58.4,2394,4095,0,800,0,0,0
31.9,58.4,2458,4095,0,800,0,0,0
31.9,58.4,2483,4095,0,800,0,0,0
31.9,58.4,2439,4095,0,804,0,0,0
31.9,58.3,2474,4095,0,802,0,0,0
31.9,58.3,2473,4095,0,809,0,0,0
31.9,58.3,2417,4095,0,801,0,0,0
31.9,58.3,2336,4095,0,802,0,0,0
31.8,58.3,2459,4095,0,801,0,0,0
31.8,58.3,2385,4095,0,805,0,0,0
31.8,58.3,2327,4095,0,800,0,0,0
31.8,58.3,2341,4095,0,793,0,0,0
31.9,58.2,2362,4095,0,813,0,0,0
31.9,58.2,2303,4095,0,797,0,0,0
31.9,58.2,2368,4095,0,798,0,0,0
31.9,58.2,2437,4095,0,801,0,0,0
31.9,58.0,2334,4095,0,801,0,0,0
31.9,58.0,2395,4095,0,1093,0,0,0
31.9,58.0,2449,4095,0,803,0,0,0
31.9,58.0,2487,4095,0,797,0,0,0
31.8,57.9,2414,4095,0,793,0,0,0
31.8,57.9,2477,4095,0,800,0,0,0
31.8,57.9,2491,4095,0,797,0,0,0
31.8,57.9,2406,4095,0,815,0,0,0
31.8,57.8,2480,4095,0,789,0,0,0
31.8,57.8,2445,4095,0,801,0,0,0
31.8,57.8,2371,4095,0,799,0,0,0
31.8,57.8,2320,4095,0,801,0,0,0
31.9,57.8,2416,4095,0,806,0,0,0
31.9,57.8,2342,4095,0,787,0,0,0
31.9,57.8,2331,4095,0,793,0,0,0
31.9,57.8,2387,4095,0,789,0,0,0
31.9,57.9,2325,4095,0,795,0,0,0
31.9,57.9,2352,4095,0,798,0,0,0
31.9,57.9,2410,4095,0,798,0,0,0
31.9,57.9,2473,4095,0,795,0,0,0
31.9,57.9,2384,4095,0,802,0,0,0
31.9,57.9,2448,4095,0,798,0,0,0
31.9,57.9,2481,4095,0,802,0,0,0
31.9,57.9,2435,4095,0,797,0,0,0
31.9,57.9,2474,4095,0,794,0,0,0
31.9,57.9,2465,4095,0,793,0,0,0
31.9,57.9,2402,4095,0,799,0,0,0
31.9,57.9,2330,4095,0,790,0,0,0
31.9,57.9,2438,4095,0,794,0,0,0
31.9,57.9,2363,4095,0,797,0,0,0
31.9,57.9,2325,4095,0,799,0,0,0
31.9,57.9,2359,4095,0,786,0,0,0
31.9,57.8,2334,4095,0,791,0,0,0
31.9,57.8,2331,4095,0,794,0,0,0
31.9,57.8,2391,4095,0,797,0,0,0
31.9,57.8,2459,4095,0,794,0,0,0
31.9,57.6,2354,4095,0,794,0,0,0
31.9,57.6,2422,4095,0,789,0,0,0
31.9,57.6,2480,4095,0,787,0,0,0
31.9,57.6,2454,4095,0,793,0,0,0
31.8,57.4,2461,4095,0,795,0,0,0
31.8,57.4,2477,4095,0,787,0,0,0
31.8,57.4,2419,4095,0,795,0,0,0
31.8,57.4,2349,4095,0,789,0,0,0
31.8,57.4,2443,4095,0,794,0,0,0
31.8,57.4,2382,4095,0,791,0,0,0
31.8,57.4,2320,4095,0,793,0,0,0
31.8,57.4,2352,4095,0,788,0,0,0
31.8,57.4,2324,4095,0,787,0,0,0
31.8,57.4,2326,4095,0,791,0,0,0
31.8,57.4,2384,4095,0,787,0,0,0
31.8,57.4,2452,4095,0,789,0,0,0
31.8,57.5,2352,4095,0,790,0,0,0
31.8,57.5,2430,4095,0,791,0,0,0
31.8,57.5,2479,4095,0,794,0,0,0
31.8,57.5,2453,4095,0,786,0,0,0
31.8,57.6,2449,4095,0,791,0,0,0
31.8,57.6,2474,4095,0,794,0,0,0
31.8,57.6,2407,4095,0,790,0,0,0
31.8,57.6,2339,4095,0,784,0,0,0
31.9,57.6,2452,4095,0,788,0,0,0
31.9,57.6,2372,4095,0,788,0,0,0
31.9,57.6,2321,4095,0,789,0,0,0
31.9,57.6,2361,4095,0,753,0,0,0
31.8,57.6,2337,4095,0,790,0,0,0
31.8,57.6,2337,4095,0,786,0,0,0
31.8,57.6,2404,4095,0,793,0,0,0
31.8,57.6,2465,4095,0,785,0,0,0
31.8,57.5,2371,4095,0,785,0,0,0
31.8,57.5,2433,4095,0,786,0,0,0
31.8,57.5,2480,4095,0,786,0,0,0
31.8,57.5,2436,4095,0,786,0,0,0
31.8,57.6,2459,4095,0,789,0,0,0
31.8,57.6,2461,4095,0,784,0,0,0
31.8,57.6,2398,4095,0,784,0,0,0
31.8,57.6,2323,4095,0,784,0,0,0
31.9,57.7,2431,4095,0,789,0,0,0
31.9,57.7,2349,4095,0,781,0,0,0
31.9,57.7,2320,4095,0,784,0,0,0
31.9,57.7,2368,4095,0,784,0,0,0
31.8,57.7,2320,4095,0,785,0,0,0
31.8,57.7,2352,4095,0,786,0,0,0
31.8,57.7,2418,4095,0,784,0,0,0
31.8,57.7,2478,4095,0,784,0,0,0
31.8,57.8,2388,4095,0,787,0,0,0
31.8,57.8,2459,4095,0,785,0,0,0
31.8,57.8,2465,4095,0,784,0,0,0
31.8,57.8,2409,4095,0,790,0,0,0
31.8,57.8,2480,4095,0,784,0,0,0
31.8,57.8,2434,4095,0,785,0,0,0
31.8,57.8,2351,4095,0,784,0,0,0
31.8,57.8,2325,4095,0,784,0,0,0
31.8,57.7,2384,4095,0,784,0,0,0
31.8,57.7,2320,4095,0,784,0,0,0
31.8,57.7,2352,4095,0,786,0,0,0
31.8,57.7,2422,4095,0,784,0,0,0
31.8,57.4,2347,4095,0,784,0,0,0
31.8,57.4,2391,4095,0,784,0,0,0
31.8,57.4,2453,4095,0,785,0,0,0
31.8,57.4,2471,4095,0,784,0,0,0
31.8,57.4,2442,4095,0,796,0,0,0
31.8,57.4,2479,4095,0,785,0,0,0
31.8,57.4,2448,4095,0,784,0,0,0
31.8,57.4,2369,4095,0,779,0,0,0
31.8,57.3,2466,4095,0,784,0,0,0
31.8,57.3,2410,4095,0,781,0,0,0
31.8,57.3,2336,4095,0,784,0,0,0
31.8,57.3,2335,4095,0,1046,0,0,0
31.8,57.4,2355,4095,0,782,0,0,0
31.8,57.4,2321,4095,0,779,0,0,0
31.8,57.4,2364,4095,0,784,0,0,0
31.8,57.4,2432,4095,0,769,0,0,0
31.8,57.5,2339,4095,0,788,0,0,0
31.8,57.5,2401,4095,0,779,0,0,0
31.8,57.5,2463,4095,0,749,0,0,0
31.8,57.5,2475,4095,0,784,0,0,0
31.8,57.6,2416,4095,0,784,0,0,0
31.8,57.6,2471,4095,0,832,0,0,0
31.8,57.6,2451,4095,0,784,0,0,0
31.8,57.6,2370,4095,0,784,0,0,0
31.8,57.7,2474,4095,0,788,0,0,0
31.8,57.7,2419,4095,0,782,0,0,0
31.8,57.7,2337,4095,0,783,0,0,0
31.8,57.7,2320,4095,0,784,0,0,0
31.8,57.8,2373,4095,0,784,0,0,0
31.8,57.8,2320,4095,0,784,0,0,0
31.8,57.8,2346,4095,0,777,0,0,0
31.8,57.8,2410,4095,0,778,0,0,0
31.8,57.7,2319,4095,0,784,0,0,0
31.8,57.7,2382,4095,0,780,0,0,0
31.8,57.7,2356,4095,0,782,0,0,0
31.8,57.7,2478,4095,0,779,0,0,0
31.8,57.5,2414,4095,0,784,0,0,0
31.8,57.5,2471,4095,0,784,0,0,0
31.8,57.5,2457,4095,0,783,0,0,0
31.8,57.5,2402,4095,0,775,0,0,0
31.8,57.4,2476,4095,0,770,0,0,0
31.8,57.4,2434,4095,0,781,0,0,0
31.8,57.4,2353,4095,0,784,0,0,0
31.8,57.4,2319,4095,0,782,0,0,0
31.8,57.5,2383,4095,0,779,0,0,0
31.8,57.5,2325,4095,0,784,0,0,0
31.8,57.5,2350,4095,0,783,0,0,0
31.8,57.5,2410,4095,0,784,0,0,0
31.8,57.6,2324,4095,0,768,0,0,0
31.8,57.6,2383,4095,0,776,0,0,0
31.8,57.6,2453,4095,0,783,0,0,0
31.8,57.6,2477,4095,0,779,0,0,0
31.8,57.7,2427,4095,0,946,0,0,0
31.8,57.7,2485,4095,0,781,0,0,0
31.8,57.7,2446,4095,0,782,0,0,0
31.8,57.7,2368,4095,0,777,0,0,0
31.8,57.8,2464,4095,0,784,0,0,0
31.8,57.8,2384,4095,0,777,0,0,0
31.8,57.8,2320,4095,0,784,0,0,0
31.8,57.8,2361,4095,0,777,0,0,0
31.8,57.9,2327,4095,0,783,0,0,0
31.8,57.9,2352,4095,0,779,0,0,0
31.8,57.9,2429,4095,0,795,0,0,0
31.8,57.9,2480,4095,0,783,0,0,0
31.8,57.9,2402,4095,0,773,0,0,0
31.8,57.9,2470,4095,0,752,0,0,0
31.8,57.9,2451,4095,0,778,0,0,0
31.8,57.9,2369,4095,0,779,0,0,0
31.8,57.7,2463,4095,0,775,0,0,0
31.8,57.7,2384,4095,0,773,0,0,0
31.8,57.7,2323,4095,0,782,0,0,0
31.8,57.7,2373,4095,0,769,0,0,0
31.8,57.6,2326,4095,0,770,0,0,0
31.8,57.6,2358,4095,0,776,0,0,0
31.8,57.6,2431,4095,0,784,0,0,0
31.8,57.6,2477,4095,0,768,0,0,0
31.8,57.5,2416,4095,0,767,0,0,0
31.8,57.5,2478,4095,0,781,0,0,0
31.8,57.5,2447,4095,0,775,0,0,0
31.8,57.5,2358,4095,0,768,0,0,0
31.8,57.6,2458,4095,0,775,0,0,0
31.8,57.6,2373,4095,0,769,0,0,0
31.8,57.6,2324,4095,0,770,0,0,0
31.8,57.6,2352,4095,0,759,0,0,0
31.8,57.8,2318,4095,0,772,0,0,0
31.8,57.8,2375,4095,0,782,0,0,0
31.8,57.8,2459,4095,0,771,0,0,0
31.8,57.8,2481,4095,0,769,0,0,0
31.8,57.9,2448,4095,0,775,0,0,0
31.8,57.9,2481,4095,0,770,0,0,0
31.8,57.9,2423,4095,0,765,0,0,0
31.8,57.9,2335,4095,0,775,0,0,0
31.8,58.0,2433,4095,0,768,0,0,0
31.8,58.0,2338,4095,0,770,0,0,0
31.8,58.0,2352,4095,0,768,0,0,0
31.8,58.0,2426,4095,0,763,0,0,0
31.8,57.8,2343,4095,0,767,0,0,0
31.8,57.8,2423,4095,0,784,0,0,0
31.8,57.8,2490,4095,0,761,0,0,0
31.8,57.8,2464,4095,0,774,0,0,0
31.8,57.4,2485,4095,0,771,0,0,0
31.8,57.4,2475,4095,0,771,0,0,0
31.8,57.4,2394,4095,0,770,0,0,0
31.8,57.4,2342,4095,0,768,0,0,0
31.8,57.3,2397,4095,0,765,0,0,0
31.8,57.3,2334,4095,0,768,0,0,0
31.8,57.3,2383,4095,0,766,0,0,0
31.8,57.3,2463,4095,0,771,0,0,0
31.8,57.3,2365,4095,0,775,0,0,0
31.8,57.3,2448,4095,0,768,0,0,0
31.8,57.3,2483,4095,0,769,0,0,0
31.8,57.3,2434,4095,0,766,0,0,0
31.8,57.4,2463,4095,0,784,0,0,0
31.8,57.4,2447,4095,0,767,0,0,0
31.8,57.4,2350,4095,0,769,0,0,0
31.8,57.4,2339,4095,0,771,0,0,0
31.8,57.5,2356,4095,0,759,0,0,0
31.8,57.5,2339,4095,0,773,0,0,0
31.8,57.5,2413,4095,0,767,0,0,0
31.8,57.5,2485,4095,0,769,0,0,0
31.8,57.7,2402,4095,0,771,0,0,0
31.8,57.7,2481,4095,0,770,0,0,0
31.8,57.7,2469,4095,0,770,0,0,0
31.8,57.7,2382,4095,0,768,0,0,0
31.8,57.8,2473,4095,0,775,0,0,0
31.8,57.8,2386,4095,0,767,0,0,0
31.8,57.8,2320,4095,0,655,0,0,0
31.8,57.8,2385,4095,0,768,0,0,0
31.8,57.7,2325,4095,0,769,0,0,0
31.8,57.7,2383,4095,0,766,0,0,0
31.8,57.7,2465,4095,0,767,0,0,0
31.8,57.7,2480,4095,0,763,0,0,0
31.8,57.4,2454,4095,0,770,0,0,0
31.8,57.4,2481,4095,0,766,0,0,0
31.8,57.4,2409,4095,0,766,0,0,0
31.8,57.4,2338,4095,0,767,0,0,0
31.8,57.4,2401,4095,0,766,0,0,0
31.8,57.4,2334,4095,0,769,0,0,0
31.8,57.4,2381,4095,0,763,0,0,0
31.8,57.4,2461,4095,0,768,0,0,0
31.8,57.5,2382,4095,0,761,0,0,0
31.8,57.5,2465,4095,0,764,0,0,0
31.8,57.5,2481,4095,0,770,0,0,0
31.8,57.5,2409,4095,0,770,0,0,0
31.8,57.7,2485,4095,0,768,0,0,0
31.8,57.7,2397,4095,0,766,0,0,0
31.8,57.7,2337,4095,0,767,0,0,0
31.8,57.7,2379,4095,0,765,0,0,0
31.8,57.8,2330,4095,0,764,0,0,0
31.8,57.8,2368,4095,0,768,0,0,0
31.8,57.8,2462,4095,0,766,0,0,0
31.8,57.8,2480,4095,0,766,0,0,0
31.8,57.7,2463,4095,0,789,0,0,0
31.8,57.7,2479,4095,0,766,0,0,0
31.8,57.7,2390,4095,0,763,0,0,0
31.8,57.7,2335,4095,0,766,0,0,0
31.8,57.6,2398,4095,0,766,0,0,0
31.8,57.6,2339,4095,0,768,0,0,0
31.8,57.6,2403,4095,0,768,0,0,0
31.8,57.6,2483,4095,0,765,0,0,0
31.8,57.7,2399,4095,0,767,0,0,0
31.8,57.7,2485,4095,0,768,0,0,0
31.8,57.7,2476,4095,0,764,0,0,0
31.8,57.7,2384,4095,0,767,0,0,0
31.8,57.7,2480,4095,0,767,0,0,0
31.8,57.7,2384,4095,0,773,0,0,0
31.8,57.7,2327,4095,0,763,0,0,0
31.8,57.7,2413,4095,0,770,0,0,0
31.8,57.8,2338,4095,0,766,0,0,0
31.8,57.8,2410,4095,0,767,0,0,0
31.8,57.8,2490,4095,0,763,0,0,0
31.8,57.8,2463,4095,0,765,0,0,0
31.8,57.9,2483,4095,0,765,0,0,0
31.8,57.9,2455,4095,0,768,0,0,0
31.8,57.9,2367,4095,0,761,0,0,0
31.8,57.9,2338,4095,0,762,0,0,0
31.8,57.9,2369,4095,0,765,0,0,0
31.8,57.9,2341,4095,0,762,0,0,0
31.8,57.9,2420,4095,0,763,0,0,0
31.8,57.9,2494,4095,0,762,0,0,0
31.8,57.9,2417,4095,0,764,0,0,0
31.8,57.9,2494,4095,0,764,0,0,0
31.8,57.9,2475,4095,0,773,0,0,0
31.8,57.9,2369,4095,0,765,0,0,0
31.8,58.0,2462,4095,0,768,0,0,0
31.8,58.0,2371,4095,0,766,0,0,0
31.8,58.0,2355,4095,0,765,0,0,0
31.8,58.0,2427,4095,0,755,0,0,0
31.8,58.0,2354,4095,0,758,0,0,0
31.8,58.0,2443,4095,0,762,0,0,0
31.8,58.0,2502,4095,0,765,0,0,0
31.8,58.0,2450,4095,0,763,0,0,0
31.8,58.0,2499,4095,0,767,0,0,0
31.8,58.0,2448,4095,0,759,0,0,0
31.8,58.0,2350,4095,0,767,0,0,0
31.8,58.0,2381,4095,0,762,0,0,0
31.8,57.6,2352,4095,0,766,0,0,0
31.8,57.6,2393,4095,0,759,0,0,0
31.8,57.6,2480,4095,0,764,0,0,0
31.8,57.6,2486,4095,0,759,0,0,0
31.8,57.2,2492,4095,0,758,0,0,0
31.8,57.2,2475,4095,0,755,0,0,0
31.8,57.2,2375,4095,0,763,0,0,0
31.8,57.2,2354,4095,0,763,0,0,0
31.8,57.0,2362,4095,0,759,0,0,0
31.8,57.0,2367,4095,48,755,0,0,0
31.8,57.0,2454,4095,0,767,0,0,0
31.8,57.0,2496,4095,0,759,0,0,0
31.8,56.9,2459,4095,0,761,0,0,0
31.8,56.9,2493,4095,0,762,0,0,0
31.8,56.9,2406,4095,0,769,0,0,0
31.8,56.9,2342,4095,0,763,0,0,0
31.8,57.0,2383,4095,0,763,0,0,0
31.8,57.0,2352,4095,0,765,0,0,0
31.8,57.0,2434,4095,1,762,0,0,0
31.8,57.0,2505,4095,0,753,0,0,0
31.8,57.2,2451,4095,0,765,0,0,0
31.8,57.2,2495,4095,0,759,0,0,0
31.8,57.2,2423,4095,0,762,0,0,0
31.8,57.2,2344,4095,0,765,0,0,0
31.8,57.4,2391,4095,0,763,0,0,0
31.8,57.4,2347,4095,0,711,0,0,0
31.8,57.4,2426,4095,0,761,0,0,0
31.8,57.4,2501,4095,0,761,0,0,0
31.8,57.6,2434,4095,0,762,0,0,0
31.8,57.6,2496,4095,0,759,0,0,0
31.8,57.6,2431,4095,0,759,0,0,0
31.8,57.6,2332,4095,0,755,0,0,0
31.8,57.7,2406,4095,0,762,0,0,0
31.8,57.7,2335,4095,0,765,0,0,0
31.8,57.7,2421,4095,0,761,0,0,0
31.8,57.7,2512,4095,0,759,0,0,0
31.8,57.7,2434,4095,0,765,0,0,0
31.8,57.7,2503,4095,0,759,0,0,0
31.8,57.7,2435,4095,0,757,0,0,0
31.8,57.7,2345,4095,0,762,0,0,0
31.8,57.6,2416,4095,0,762,0,0,0
31.8,57.6,2345,4095,0,765,0,0,0
31.8,57.6,2414,4095,0,758,0,0,0
31.8,57.6,2495,4095,0,764,0,0,0
31.8,57.5,2432,4095,0,761,0,0,0
31.8,57.5,2502,4095,0,761,0,0,0
31.8,57.5,2441,4095,0,753,0,0,0
31.8,57.5,2351,4095,0,763,0,0,0
31.8,57.6,2419,4095,0,755,0,0,0
31.8,57.6,2341,4095,0,757,0,0,0
31.8,57.6,2384,4095,0,753,0,0,0
31.8,57.6,2493,4095,0,753,0,0,0
31.8,57.7,2412,4095,0,754,0,0,0
31.8,57.7,2499,4095,0,762,0,0,0
31.8,57.7,2445,4095,0,774,0,0,0
31.8,57.7,2345,4095,0,753,0,0,0
31.8,57.7,2422,4095,0,756,0,0,0
31.8,57.7,2340,4095,0,742,0,0,0
31.8,57.7,2415,4095,0,752,0,0,0
31.8,57.7,2499,4095,0,749,0,0,0
31.8,57.7,2432,4095,0,761,0,0,0
31.8,57.7,2502,4095,0,763,0,0,0
31.8,57.7,2421,4095,0,759,0,0,0
31.8,57.7,2343,4095,0,754,0,0,0
31.8,57.5,2397,4095,0,754,0,0,0
31.8,57.5,2355,4095,0,754,0,0,0
31.8,57.5,2433,4095,0,758,0,0,0
31.8,57.5,2497,4095,0,755,0,0,0
31.8,57.3,2464,4095,0,756,0,0,0
31.8,57.3,2493,4095,0,752,0,0,0
31.8,57.3,2400,4095,0,760,0,0,0
31.8,57.3,2352,4095,0,757,0,0,0
31.8,57.2,2363,4095,0,752,0,0,0
31.8,57.2,2359,4095,0,754,0,0,0
31.8,57.2,2462,4095,0,752,0,0,0
31.8,57.2,2495,4095,0,753,0,0,0
31.8,57.0,2487,4095,0,762,0,0,0
31.8,57.0,2478,4095,0,752,0,0,0
31.8,57.0,2362,4095,0,750,0,0,0
31.8,57.0,2372,4095,0,755,0,0,0
31.8,56.9,2343,4095,0,752,0,0,0
31.8,56.9,2402,4095,0,838,0,0,0
31.8,56.9,2495,4095,0,756,0,0,0
31.8,56.9,2465,4095,0,752,0,0,0
31.8,57.0,2502,4095,0,758,0,0,0
31.8,57.0,2429,4095,0,753,0,0,0
31.8,57.0,2346,4095,0,752,0,0,0
31.8,57.0,2416,4095,0,754,0,0,0
31.8,57.2,2358,4095,0,752,0,0,0
31.8,57.2,2448,4095,0,754,0,0,0
31.8,57.2,2501,4095,0,750,0,0,0
31.8,57.2,2416,4095,0,752,0,0,0
31.8,57.4,2466,4095,0,749,0,0,0
31.8,57.4,2375,4095,0,752,0,0,0
31.8,57.4,2362,4095,0,752,0,0,0
31.8,57.4,2459,4095,0,752,0,0,0
31.8,57.5,2391,4095,0,746,0,0,0
31.8,57.5,2491,4095,0,752,0,0,0
31.8,57.5,2470,4095,0,768,0,0,0
31.8,57.5,2357,4095,0,752,0,0,0
31.8,57.6,2442,4095,0,755,0,0,0
31.8,57.6,2346,4095,0,755,0,0,0
31.8,57.6,2419,4095,0,747,0,0,0
31.8,57.6,2497,4095,0,748,0,0,0
31.8,57.7,2451,4095,0,704,0,0,0
31.8,57.7,2490,4095,0,752,0,0,0
31.8,57.7,2393,4095,0,754,0,0,0
31.8,57.7,2358,4095,0,755,0,0,0
31.8,57.7,2362,4095,0,750,0,0,0
31.8,57.7,2400,4095,0,752,0,0,0
31.8,57.7,2491,4095,0,749,0,0,0
31.8,57.7,2459,4095,0,742,0,0,0
31.8,57.7,2499,4095,0,754,0,0,0
31.8,57.7,2411,4095,0,752,0,0,0
31.8,57.7,2349,4095,0,752,0,0,0
31.8,57.7,2443,4095,0,752,0,0,0
31.8,57.7,2370,4095,0,752,0,0,0
31.8,57.7,2480,4095,0,752,0,0,0
31.8,57.7,2481,4095,0,750,0,0,0
31.8,57.7,2368,4095,0,751,0,0,0
31.8,57.7,2417,4095,0,755,0,0,0
31.8,57.7,2345,4095,0,751,0,0,0
31.8,57.7,2432,4095,0,752,0,0,0
31.8,57.7,2503,4095,0,754,0,0,0
31.8,57.7,2470,4095,0,752,0,0,0
31.8,57.7,2480,4095,0,739,0,0,0
31.8,57.7,2363,4095,0,750,0,0,0
31.8,57.7,2393,4095,0,752,0,0,0
31.8,57.7,2347,4095,0,750,0,0,0
31.8,57.7,2439,4095,0,749,0,0,0
31.8,57.7,2473,4095,0,749,0,0,0
31.8,57.7,2405,4095,0,752,0,0,0
31.8,57.7,2475,4095,0,753,0,0,0
31.8,57.7,2355,4095,0,747,0,0,0
31.8,57.7,2384,4095,0,753,0,0,0
31.8,57.7,2497,4095,0,748,0,0,0
31.8,57.7,2448,4095,0,743,0,0,0
31.8,57.7,2501,4095,0,747,0,0,0
31.8,57.7,2402,4095,0,752,0,0,0
31.8,57.7,2362,4095,0,749,0,0,0
31.8,57.7,2355,4095,0,747,0,0,0
31.8,57.7,2385,4095,0,750,0,0,0
31.8,57.7,2497,4095,0,753,0,0,0
31.8,57.7,2450,4095,0,750,0,0,0
31.8,57.7,2499,4095,0,750,0,0,0
31.8,57.7,2397,4095,0,752,0,0,0
31.8,57.7,2365,4095,0,755,0,0,0
31.8,57.7,2461,4095,0,746,0,0,0
31.8,57.4,2416,4095,0,752,0,0,0
31.8,57.4,2499,4095,0,747,0,0,0
31.8,57.4,2451,4095,0,752,0,0,0
31.8,57.4,2352,4095,0,746,0,0,0
31.8,57.2,2396,4095,0,752,0,0,0
31.8,57.2,2358,4095,0,748,0,0,0
31.8,57.2,2463,4095,0,751,0,0,0
31.8,57.2,2486,4095,0,749,0,0,0
31.8,57.1,2499,4095,0,741,0,0,0
31.8,57.1,2460,4095,0,752,0,0,0
31.8,57.1,2353,4095,0,752,0,0,0
31.8,57.1,2414,4095,0,748,0,0,0
31.8,57.0,2365,4095,0,750,0,0,0
31.8,57.0,2459,4095,0,752,0,0,0
31.8,57.0,2490,4095,0,752,0,0,0
31.8,57.0,2385,4095,0,741,0,0,0
31.8,56.9,2449,4095,0,744,0,0,0
31.8,56.9,2352,4095,0,749,0,0,0
31.8,56.9,2418,4095,0,747,0,0,0
31.8,56.9,2502,4095,0,747,0,0,0
31.8,56.9,2464,4095,0,747,0,0,0
31.8,56.9,2491,4095,0,747,0,0,0
31.8,56.9,2375,4095,0,751,0,0,0
31.8,56.9,2377,4095,0,745,0,0,0
31.8,56.9,2350,4095,0,752,0,0,0
31.8,56.9,2420,4095,0,743,0,0,0
31.8,56.9,2494,4095,0,750,0,0,0
31.8,56.9,2432,4095,0,741,0,0,0
31.8,56.9,2486,4095,0,742,0,0,0
31.8,56.9,2377,4095,0,743,0,0,0
31.8,56.9,2384,4095,0,761,0,0,0
31.8,56.9,2478,4095,0,750,0,0,0
31.8,56.9,2431,4095,0,752,0,0,0
31.8,56.9,2503,4095,0,726,0,0,0
31.8,56.9,2429,4095,0,743,0,0,0
31.8,56.9,2355,4095,0,749,0,0,0
31.8,56.8,2369,4095,0,746,0,0,0
31.8,56.8,2390,4095,0,752,0,0,0
31.8,56.8,2496,4095,0,746,0,0,0
31.8,56.8,2473,4095,0,748,0,0,0
31.8,57.0,2507,4095,0,741,0,0,0
31.8,57.0,2416,4095,0,739,0,0,0
31.8,57.0,2356,4095,0,851,0,0,0
31.8,57.0,2449,4095,0,752,0,0,0
31.8,57.1,2399,4095,0,749,0,0,0
31.8,57.1,2496,4095,0,741,0,0,0
31.8,57.1,2471,4095,0,751,0,0,0
31.8,57.1,2352,4095,0,758,0,0,0
31.8,57.3,2413,4095,0,750,0,0,0
31.8,57.3,2366,4095,0,751,0,0,0
31.8,57.3,2455,4095,0,743,0,0,0
31.8,57.3,2505,4095,0,748,0,0,0
31.8,57.2,2499,4095,0,743,0,0,0
31.8,57.2,2467,4095,0,737,0,0,0
31.8,57.2,2361,4095,0,742,0,0,0
31.8,57.2,2410,4095,0,738,0,0,0
31.8,57.1,2425,4095,0,750,0,0,0
31.8,57.1,2459,4095,0,750,0,0,0
31.8,57.1,2505,4095,0,738,0,0,0
31.8,57.1,2405,4095,0,761,0,0,0
31.8,56.9,2462,4095,0,743,0,0,0
31.8,56.9,2359,4095,0,714,0,0,0
31.8,56.9,2409,4095,0,673,0,0,0
31.8,56.9,2508,4095,0,747,0,0,0
31.8,56.9,2454,4095,0,750,0,0,0
31.8,56.9,2510,4095,0,722,0,0,0
31.8,56.9,2405,4095,0,742,0,0,0
31.8,56.9,2368,4095,0,739,0,0,0
31.8,56.9,2352,4095,0,757,0,0,0
31.8,56.9,2409,4095,0,745,0,0,0
31.8,56.9,2501,4095,0,746,0,0,0
31.8,56.9,2466,4095,0,721,0,0,0
31.8,57.0,2506,4095,0,736,0,0,0
31.8,57.0,2412,4095,0,743,0,0,0
31.8,57.0,2355,4095,0,694,0,0,0
31.8,57.0,2453,4095,0,742,0,0,0
31.8,57.0,2396,4095,0,738,0,0,0
31.8,57.0,2495,4095,0,793,0,0,0
31.8,57.0,2479,4095,0,736,0,0,0
31.8,57.0,2363,4095,0,745,0,0,0
31.8,56.9,2425,4095,0,739,0,0,0
31.8,56.9,2357,4095,0,746,0,0,0
31.8,56.9,2449,4095,0,732,0,0,0
31.8,56.9,2507,4095,0,743,0,0,0
31.8,56.8,2495,4095,0,744,0,0,0
31.8,56.8,2480,4095,0,746,0,0,0
31.8,56.8,2341,4095,0,743,0,0,0
31.8,56.8,2391,4095,0,730,0,0,0
31.8,56.8,2362,4095,0,770,0,0,0
31.8,56.8,2391,4095,0,743,0,0,0
31.8,56.8,2509,4095,0,739,0,0,0
31.8,56.8,2416,4095,0,739,0,0,0
31.8,56.8,2471,4095,0,737,0,0,0
31.8,56.8,2368,4095,0,745,0,0,0
31.8,56.8,2416,4095,0,739,0,0,0
31.8,56.8,2512,4095,0,747,0,0,0
31.8,57.1,2471,4095,0,746,0,0,0
31.8,57.1,2502,4095,0,738,0,0,0
31.8,57.1,2394,4095,0,739,0,0,0
31.8,57.1,2384,4095,0,740,0,0,0
31.8,57.2,2358,4095,0,730,0,0,0
31.8,57.2,2431,4095,0,738,0,0,0
31.8,57.2,2509,4095,0,741,0,0,0
31.8,57.2,2433,4095,0,747,0,0,0
31.8,57.3,2487,4095,0,735,0,0,0
31.8,57.3,2380,4095,0,741,0,0,0
31.8,57.3,2403,4095,0,738,0,0,0
31.8,57.3,2502,4095,0,747,0,0,0
31.8,57.4,2448,4095,0,739,0,0,0
31.8,57.4,2512,4095,0,746,0,0,0
31.8,57.4,2419,4095,0,741,0,0,0
31.8,57.4,2373,4095,0,741,0,0,0
31.8,57.4,2368,4095,0,741,0,0,0
31.8,57.4,2413,4095,0,713,0,0,0
31.8,57.4,2513,4095,0,767,0,0,0
31.8,57.4,2464,4095,0,730,0,0,0
31.8,57.5,2507,4095,0,742,0,0,0
31.8,57.5,2413,4095,0,736,0,0,0
31.8,57.5,2383,4095,0,739,0,0,0
31.8,57.5,2482,4095,0,737,0,0,0
31.8,57.5,2423,4095,0,747,0,0,0
31.8,57.5,2511,4095,0,743,0,0,0
31.8,57.5,2455,4095,0,740,0,0,0
31.8,57.5,2369,4095,0,742,0,0,0
31.8,57.4,2400,4095,0,743,0,0,0
31.8,57.4,2387,4095,0,737,0,0,0
31.8,57.4,2494,4095,0,737,0,0,0
31.8,57.4,2496,4095,0,745,0,0,0
31.8,57.3,2522,4095,0,738,0,0,0
31.8,57.3,2443,4095,0,733,0,0,0
31.8,57.3,2371,4095,0,733,0,0,0
31.8,57.3,2458,4095,0,740,0,0,0
31.8,57.3,2410,4095,0,738,0,0,0
31.8,57.3,2501,4095,0,736,0,0,0
31.8,57.3,2498,4095,0,739,0,0,0
31.8,57.3,2378,4095,0,736,0,0,0
31.8,57.1,2433,4095,0,739,0,0,0
31.8,57.1,2373,4095,0,742,0,0,0
31.8,57.1,2470,4095,0,737,0,0,0
31.8,57.1,2514,4095,0,733,0,0,0
31.8,56.9,2512,4095,0,737,0,0,0
31.8,56.9,2480,4095,0,738,0,0,0
31.8,56.9,2378,4095,0,734,0,0,0
31.8,56.9,2432,4095,0,738,0,0,0
31.8,56.7,2387,4095,0,735,0,0,0
31.8,56.7,2491,4095,0,731,0,0,0
31.8,56.7,2502,4095,0,735,0,0,0
31.8,56.7,2399,4095,0,737,0,0,0
31.8,56.6,2451,4095,0,738,0,0,0
31.2,60.6,2123,4095,0,709,0,0,0
31.2,60.6,2229,4095,0,719,0,0,0
31.2,60.6,2176,4095,0,748,0,0,0
31.2,60.6,1984,4095,0,750,0,0,0
31.2,60.6,2083,4095,0,752,0,0,0
31.2,60.6,2192,4095,0,767,0,0,0
31.2,60.6,2219,4095,0,784,0,0,0
31.2,60.6,2086,4095,0,784,0,0,0
31.2,60.6,2027,4095,0,802,0,0,0
31.2,60.6,2029,4095,0,801,0,0,0
31.2,60.6,2153,4095,0,811,0,0,0
31.2,60.6,2093,4095,0,823,0,0,0
31.2,60.6,2128,4095,0,827,0,0,0
31.2,60.6,2000,4095,0,838,0,0,0
31.2,60.6,2083,4095,0,843,0,0,0
31.2,60.6,2118,4095,0,848,0,0,0
31.2,60.7,2138,4095,0,851,0,0,0
31.2,60.7,2098,4095,0,861,0,0,0
31.2,60.7,2089,4095,0,863,0,0,0
31.2,60.7,2208,4095,0,861,0,0,0
31.1,60.7,2171,4095,0,907,0,0,1
31.1,60.7,2243,4095,0,864,0,0,0
31.1,60.7,2155,4095,0,896,0,0,1
31.1,60.7,2179,4095,0,871,0,0,1
31.2,60.7,2129,4095,0,907,0,0,1
31.2,60.7,2260,4095,0,907,0,0,0
31.2,60.7,2305,4095,0,910,0,0,0
31.2,60.7,2142,4095,0,896,0,0,1
31.2,60.7,2128,4095,0,901,0,0,1
31.2,60.7,2186,4095,0,907,0,0,1
31.2,60.7,2315,4095,0,911,0,0,0
31.2,60.7,2274,4095,0,905,0,0,0
31.2,60.7,2201,4095,0,913,0,0,1
31.2,60.7,2173,4095,0,883,0,0,1
31.2,60.7,2098,4095,0,896,0,0,1
31.2,60.7,2401,4095,0,911,0,0,0
31.2,60.7,2402,4095,0,905,0,0,0
31.2,60.7,2322,4095,0,880,0,0,0
31.2,60.7,2226,4095,0,879,0,0,1
31.2,60.7,2346,4095,0,897,0,0,0
31.2,60.7,2320,4095,0,912,0,0,0
31.2,60.7,2394,4095,0,880,0,0,0
31.2,60.7,2262,4095,0,883,0,0,0
31.2,60.7,2271,4095,0,891,0,0,0
31.2,60.7,2239,4095,0,887,0,0,1
31.2,60.7,2367,4095,0,886,0,0,0
31.2,60.7,2372,4095,0,962,0,0,0
31.2,60.7,2231,4095,0,879,0,0,1
31.2,60.5,2257,4095,0,874,0,0,0
31.2,60.5,2297,4095,0,891,0,0,0
31.2,60.5,2398,4095,0,866,0,0,0
31.2,60.5,2302,4095,0,880,0,0,0
31.2,60.2,2352,4095,0,870,0,0,0
31.2,60.2,2226,4095,0,878,0,0,1
31.2,60.2,2335,4095,0,869,0,0,0
31.2,60.2,2391,4095,0,895,0,0,0
31.2,59.9,2398,4095,0,880,0,0,0
31.2,59.9,2283,4095,0,879,0,0,0
31.2,59.9,2126,4095,0,879,0,0,1
31.2,59.9,1830,4095,0,870,0,0,1
31.2,59.6,2373,4095,0,898,0,0,0
31.2,59.6,2416,4095,0,899,0,0,0
31.2,59.6,2246,4095,0,878,0,0,0
31.2,59.6,2308,4095,0,883,0,0,0
31.2,59.5,2261,4095,0,878,0,0,0
31.2,59.5,2405,4095,0,881,0,0,0
31.2,59.5,2355,4095,0,891,0,0,0
31.2,59.5,2241,4095,0,883,0,0,0
31.2,59.6,2256,4095,0,881,0,0,0
31.2,59.6,2319,4095,0,880,0,0,0
31.2,59.6,2445,4095,0,881,0,0,0
31.2,59.6,2303,4095,0,881,0,0,0
31.2,59.8,2372,4095,0,887,0,0,0
31.2,59.8,2250,4095,0,885,0,0,0
31.2,59.8,2364,4095,0,887,0,0,0
31.2,59.8,2412,4095,0,886,0,0,0
31.2,59.9,2427,4095,0,883,0,0,0
31.2,59.9,2321,4095,0,889,0,0,0
31.2,59.9,2266,4095,0,895,0,0,0
31.2,59.9,2397,4095,0,887,0,0,0
31.2,60.0,2335,4095,0,882,0,0,0
31.2,60.0,2422,4095,0,881,0,0,0
31.2,60.0,2291,4095,0,886,0,0,0
31.2,60.0,2304,4095,0,883,0,0,0
31.2,60.1,2255,4095,0,896,0,0,0
31.2,60.1,2367,4095,0,882,0,0,0
31.2,60.1,2390,4095,0,886,0,0,0
31.2,60.1,2272,4095,0,882,0,0,0
31.2,60.1,2325,4095,0,925,0,0,0
31.2,60.1,2269,4095,0,881,0,0,0
31.2,60.1,2384,4095,0,880,0,0,0
31.2,60.1,2395,4095,0,883,0,0,0
31.2,60.2,2424,4095,0,882,0,0,0
31.2,60.2,2304,4095,0,882,0,0,0
31.2,60.2,2279,4095,0,883,0,0,0
31.2,60.2,2413,4095,0,903,0,0,0
31.2,60.2,2358,4095,0,887,0,0,0
31.2,60.2,2418,4095,0,881,0,0,0
31.2,60.2,2285,4095,0,880,0,0,0
31.2,60.2,2299,4095,0,883,0,0,0
31.2,60.2,2259,4095,0,883,0,0,0
31.2,60.2,2381,4095,0,887,0,0,0
31.2,60.2,2397,4095,0,896,0,0,0
31.2,60.2,2255,4095,0,881,0,0,0
31.2,60.2,2307,4095,0,883,0,0,0
31.2,60.2,2288,4095,0,882,0,0,0
31.2,60.2,2417,4095,0,884,0,0,0
31.2,60.2,2349,4095,0,874,0,0,0
31.2,60.2,2406,4095,0,886,0,0,0
31.2,60.2,2256,4095,0,879,0,0,0
31.2,60.2,2320,4095,0,883,0,0,0
31.2,60.2,2440,4095,0,883,0,0,0
31.2,60.2,2406,4095,0,880,0,0,0
31.2,60.2,2362,4095,0,889,0,0,0
31.2,60.2,2253,4095,0,890,0,0,0
31.2,60.2,2375,4095,0,879,0,0,0
31.2,60.2,2321,4095,0,887,0,0,0
31.2,60.2,2421,4095,0,874,0,0,0
31.2,60.2,2301,4095,0,883,0,0,0
31.2,60.2,2288,4095,0,879,0,0,0
31.2,60.2,2256,4095,0,883,0,0,0
31.2,60.2,2383,4095,0,882,0,0,0
31.2,60.2,2401,4095,0,880,0,0,0
31.2,60.2,2256,4095,0,865,0,0,0
31.3,60.2,2295,4095,0,879,0,0,0
31.3,60.2,2288,4095,0,879,0,0,0
31.3,60.2,2425,4095,0,885,0,0,0
31.3,60.2,2343,4095,0,881,0,0,0
31.3,60.2,2391,4095,0,887,0,0,0
31.3,60.2,2254,4095,0,877,0,0,0
31.3,60.2,2347,4095,0,883,0,0,0
31.3,60.2,2422,4095,0,878,0,0,0
31.3,60.2,2423,4095,0,880,0,0,0
31.3,60.2,2327,4095,0,879,0,0,0
31.3,60.2,2267,4095,0,878,0,0,0
31.3,60.2,2398,4095,0,880,0,0,0
31.3,60.2,2352,4095,0,878,0,0,0
31.3,60.2,2406,4095,0,870,0,0,0
31.3,60.2,2257,4095,0,866,0,0,0
31.3,60.2,2317,4095,0,870,0,0,0
31.2,60.2,2275,4095,0,877,0,0,0
31.2,60.2,2411,4095,0,869,0,0,0
31.2,60.2,2357,4095,0,878,0,0,0
31.2,60.2,2255,4095,0,873,0,0,0
31.2,60.2,2251,4095,0,884,0,0,0
31.2,60.2,2343,4095,0,878,0,0,0
31.2,60.2,2421,4095,0,928,0,0,0
31.2,60.2,2278,4095,0,869,0,0,0
31.2,60.2,2325,4095,0,874,0,0,0
31.2,60.2,2277,4095,0,917,0,0,0
31.2,60.2,2416,4095,0,873,0,0,0
31.2,60.2,2362,4095,0,869,0,0,0
31.2,60.2,2401,4095,0,873,0,0,0
31.2,60.2,2256,4095,0,874,0,0,0
31.2,60.2,2342,4095,0,867,0,0,0
31.2,60.2,2423,4095,0,875,0,0,0
31.3,60.2,2427,4095,0,861,0,0,0
31.3,60.2,2331,4095,0,877,0,0,0
31.3,60.2,2268,4095,0,871,0,0,0
31.3,60.2,2411,4095,0,866,0,0,0
31.2,60.2,2371,4095,0,869,0,0,0
31.2,60.2,2403,4095,0,838,0,0,0
31.2,60.2,2256,4095,0,862,0,0,0
31.2,60.2,2352,4095,0,858,0,0,0
31.3,60.0,2300,4095,0,870,0,0,0
31.3,60.0,2421,4095,0,865,0,0,0
31.3,60.0,2305,4095,0,860,0,0,0
31.3,60.0,2283,4095,0,862,0,0,0
31.2,59.5,2257,4095,0,866,0,0,0
31.2,59.5,2385,4095,0,861,0,0,0
31.2,59.5,2369,4095,0,853,0,0,0
31.2,59.5,2247,4095,0,861,0,0,0
31.3,59.3,2254,4095,0,865,0,0,0
31.3,59.3,2334,4095,0,859,0,0,0
31.3,59.3,2416,4095,0,842,0,0,0
31.3,59.3,2267,4095,0,862,0,0,0
31.3,59.5,2304,4095,0,870,0,0,0
31.3,59.5,2288,4095,0,862,0,0,0
31.3,59.5,2415,4095,0,861,0,0,0
31.3,59.5,2310,4095,0,853,0,0,0
31.3,59.6,2368,4095,0,866,0,0,0
31.3,59.6,2256,4095,0,861,0,0,0
31.3,59.6,2416,4095,0,868,0,0,0
31.3,59.6,2375,4095,0,860,0,0,0
31.3,59.7,2411,4095,0,858,0,0,0
31.3,59.7,2254,4095,0,859,0,0,0
31.3,59.7,2341,4095,0,863,0,0,0
31.3,59.7,2414,4095,0,853,0,0,0
31.3,59.7,2420,4095,0,861,0,0,0
31.3,59.7,2287,4095,0,867,0,0,0
31.3,59.7,2291,4095,0,866,0,0,0
31.3,59.7,2421,4095,0,853,0,0,0
31.3,59.7,2406,4095,0,866,0,0,0
31.3,59.7,2339,4095,0,858,0,0,0
31.3,59.7,2257,4095,0,852,0,0,0
31.3,59.7,2400,4095,0,859,0,0,0
31.3,59.6,2363,4095,0,848,0,0,0
31.3,59.6,2379,4095,0,849,0,0,0
31.3,59.6,2243,4095,0,858,0,0,0
31.3,59.6,2359,4095,0,853,0,0,0
31.3,59.6,2327,4095,0,854,0,0,0
31.3,59.6,2406,4095,0,848,0,0,0
31.3,59.6,2257,4095,0,848,0,0,0
31.3,59.6,2334,4095,0,862,0,0,0
31.3,59.4,2294,4095,0,850,0,0,0
31.3,59.4,2425,4095,0,855,0,0,0
31.3,59.4,2294,4095,0,851,0,0,0
31.3,59.4,2292,4095,0,854,0,0,0
31.3,59.5,2258,4095,0,863,0,0,0
31.3,59.5,2403,4095,0,861,0,0,0
31.3,59.5,2349,4095,0,854,0,0,0
31.3,59.5,2256,4095,0,855,0,0,0
31.3,59.5,2251,4095,0,855,0,0,0
31.3,59.5,2371,4095,0,847,0,0,0
31.3,59.5,2398,4095,0,848,0,0,0
31.3,59.5,2249,4095,0,847,0,0,0
31.3,59.6,2272,4095,0,863,0,0,0
31.3,59.6,2323,4095,0,848,0,0,0
31.3,59.6,2410,4095,0,850,0,0,0
31.3,59.6,2259,4095,0,842,0,0,0
31.3,59.6,2315,4095,0,859,0,0,0
31.3,59.6,2285,4095,0,849,0,0,0
31.3,59.6,2420,4095,0,851,0,0,0
31.3,59.6,2322,4095,0,850,0,0,0
31.3,59.7,2369,4095,0,849,0,0,0
31.3,59.7,2249,4095,0,851,0,0,0
31.3,59.7,2390,4095,0,844,0,0,0
31.3,59.7,2368,4095,0,850,0,0,0
31.3,59.8,2398,4095,0,843,0,0,0
31.3,59.8,2231,4095,0,853,0,0,0
31.3,59.8,2334,4095,0,859,0,0,0
31.3,59.8,2403,4095,0,848,0,0,0
31.3,59.9,2411,4095,0,855,0,0,0
31.3,59.9,2275,4095,0,854,0,0,0
31.3,59.9,2293,4095,0,849,0,0,0
31.3,59.9,2416,4095,0,845,0,0,0
31.3,59.9,2405,4095,0,859,0,0,0
31.3,59.9,2327,4095,0,848,0,0,0
31.3,59.9,2254,4095,0,845,0,0,0
31.3,59.9,2398,4095,0,851,0,0,0
31.3,60.0,2354,4095,0,847,0,0,0
31.3,60.0,2368,4095,0,836,0,0,0
31.3,60.0,2236,4095,0,845,0,0,0
31.3,60.0,2355,4095,0,847,0,0,0
31.3,60.0,2314,4095,0,853,0,0,0
31.3,60.0,2411,4095,0,823,0,0,0
31.3,60.0,2256,4095,0,842,0,0,0
31.3,60.0,2309,4095,0,842,0,0,0
31.3,59.9,2273,4095,0,848,0,0,0
31.3,59.9,2411,4095,0,842,0,0,0
31.3,59.9,2299,4095,0,847,0,0,0
31.3,59.9,2267,4095,0,837,0,0,0
31.3,59.4,2246,4095,0,830,0,0,0
31.3,59.4,2383,4095,0,846,0,0,0
31.3,59.4,2359,4095,0,843,0,0,0
31.3,59.4,2246,4095,0,846,0,0,0
31.3,59.1,2239,4095,0,839,0,0,0
31.3,59.1,2337,4095,0,833,0,0,0
31.3,59.1,2389,4095,0,842,0,0,0
31.3,59.1,2239,4095,0,833,0,0,0
31.3,58.9,2262,4095,0,845,0,0,0
31.3,58.9,2291,4095,0,842,0,0,0
31.3,58.9,2412,4095,0,838,0,0,0
31.3,58.9,2267,4095,0,841,0,0,0
31.3,58.8,2315,4095,0,838,0,0,0
31.3,58.8,2270,4095,0,843,0,0,0
31.3,58.8,2407,4095,0,844,0,0,0
31.3,58.8,2308,4095,0,843,0,0,0
31.3,59.0,2349,4095,0,838,0,0,0
31.3,59.0,2247,4095,0,844,0,0,0
31.3,59.0,2382,4095,0,845,0,0,0
31.3,59.0,2350,4095,0,842,0,0,0
31.3,59.2,2395,4095,0,834,0,0,0
31.3,59.2,2242,4095,0,833,0,0,0
31.3,59.2,2338,4095,0,832,0,0,0
31.3,59.2,2405,4095,0,831,0,0,0
31.3,59.3,2416,4095,0,837,0,0,0
31.3,59.3,2281,4095,0,837,0,0,0
31.3,59.3,2288,4095,0,765,0,0,0
31.3,59.3,2416,4095,0,838,0,0,0
31.3,59.5,2402,4095,0,836,0,0,0
31.3,59.5,2335,4095,0,827,0,0,0
31.3,59.5,2249,4095,0,833,0,0,0
31.3,59.5,2374,4095,0,832,0,0,0
31.3,59.6,2350,4095,0,832,0,0,0
31.3,59.6,2391,4095,0,842,0,0,0
31.3,59.6,2240,4095,0,832,0,0,0
31.3,59.6,2341,4095,0,834,0,0,0
31.3,59.7,2301,4095,0,836,0,0,0
31.3,59.7,2415,4095,0,835,0,0,0
31.3,59.7,2269,4095,0,840,0,0,0
31.3,59.7,2290,4095,0,832,0,0,0
31.3,59.7,2259,4095,0,834,0,0,0
31.3,59.7,2401,4095,0,832,0,0,0
31.3,59.7,2336,4095,0,831,0,0,0
31.3,59.7,2246,4095,0,823,0,0,0
31.3,59.7,2266,4095,0,830,0,0,0
31.3,59.7,2359,4095,0,835,0,0,0
31.3,59.7,2383,4095,0,833,0,0,0
31.3,59.7,2239,4095,0,835,0,0,0
31.3,59.7,2256,4095,0,775,0,0,0
31.3,59.7,2320,4095,0,835,0,0,0
31.3,59.7,2402,4095,0,831,0,0,0
31.3,59.7,2259,4095,0,830,0,0,0
31.3,59.7,2303,4095,0,833,0,0,0
31.3,59.7,2277,4095,0,826,0,0,0
31.3,59.7,2415,4095,0,832,0,0,0
31.3,59.7,2306,4095,0,829,0,0,0
31.3,59.8,2348,4095,0,833,0,0,0
31.3,59.8,2245,4095,0,822,0,0,0
31.3,59.8,2386,4095,0,829,0,0,0
31.3,59.8,2339,4095,0,831,0,0,0
31.3,59.8,2384,4095,0,833,0,0,0
31.3,59.8,2238,4095,0,823,0,0,0
31.3,59.8,2358,4095,0,826,0,0,0
31.3,59.8,2384,4095,0,831,0,0,0
31.3,59.8,2408,4095,0,831,0,0,0
31.3,59.8,2250,4095,0,833,0,0,0
31.3,59.8,2321,4095,0,827,0,0,0
31.3,59.8,2405,4095,0,832,0,0,0
31.3,59.8,2415,4095,0,826,0,0,0
31.3,59.8,2277,4095,0,828,0,0,0
31.3,59.8,2282,4095,0,830,0,0,0
31.3,59.8,2410,4095,0,823,0,0,0
31.3,59.8,2406,4095,0,822,0,0,0
31.3,59.8,2331,4095,0,829,0,0,0
31.3,59.8,2265,4095,0,826,0,0,0
31.3,59.8,2410,4095,0,825,0,0,0
31.3,59.8,2383,4095,0,828,0,0,0
31.3,59.8,2383,4095,0,822,0,0,0
31.3,59.8,2250,4095,0,832,0,0,0
31.3,59.8,2375,4095,0,817,0,0,0
31.3,59.8,2333,4095,0,832,0,0,0
31.3,59.8,2411,4095,0,831,0,0,0
31.3,59.8,2256,4095,0,829,0,0,0
31.3,59.8,2334,4095,0,895,0,0,0
31.3,59.8,2301,4095,0,821,0,0,0
31.3,59.8,2405,4095,0,819,0,0,0
31.3,59.8,2289,4095,0,817,0,0,0
31.3,59.8,2304,4095,0,821,0,0,0
31.3,59.4,2270,4095,0,816,0,0,0
31.3,59.4,2418,4095,0,813,0,0,0
31.3,59.4,2319,4095,0,825,0,0,0
31.3,59.4,2259,4095,0,821,0,0,0
31.3,59.1,2260,4095,0,820,0,0,0
31.3,59.1,2408,4095,0,816,0,0,0
31.3,59.1,2347,4095,0,816,0,0,0
31.3,59.1,2267,4095,0,820,0,0,0
31.3,58.8,2250,4095,0,821,0,0,0
31.3,58.8,2390,4095,0,823,0,0,0
31.3,58.8,2357,4095,0,816,0,0,0
31.3,58.8,2243,4095,0,826,0,0,0
31.3,58.7,2219,4095,0,819,0,0,0
31.3,58.7,2365,4095,0,822,0,0,0
31.3,58.7,2354,4095,0,816,0,0,0
31.3,58.7,2229,4095,0,816,0,0,0
31.3,58.8,2231,4095,0,819,0,0,0
31.3,58.8,2347,4095,0,818,0,0,0
31.3,58.8,2374,4095,0,818,0,0,0
31.3,58.8,2229,4095,0,816,0,0,0
31.3,58.9,2240,4095,0,816,0,0,0
31.3,58.9,2320,4095,0,816,0,0,0
31.3,58.9,2397,4095,0,818,0,0,0
31.3,58.9,2227,4095,0,824,0,0,0
31.3,59.0,2268,4095,0,815,0,0,0
31.3,59.0,2296,4095,0,811,0,0,0
31.3,59.0,2411,4095,0,816,0,0,0
31.3,59.0,2267,4095,0,816,0,0,0
31.3,59.2,2311,4095,0,817,0,0,0
31.3,59.2,2260,4095,0,820,0,0,0
31.3,59.2,2402,4095,0,813,0,0,0
31.3,59.2,2304,4095,0,815,0,0,0
31.3,59.3,2332,4095,0,813,0,0,0
31.3,59.3,2238,4095,0,816,0,0,0
31.3,59.3,2382,4095,0,813,0,0,0
31.3,59.3,2347,4095,0,816,0,0,0
31.3,59.3,2382,4095,0,810,0,0,0
31.3,59.3,2227,4095,0,812,0,0,0
31.3,59.3,2350,4095,0,816,0,0,0
31.3,59.3,2378,4095,0,817,0,0,0
31.3,59.3,2413,4095,0,818,0,0,0
31.3,59.3,2237,4095,0,783,0,0,0
31.3,59.3,2318,4095,0,815,0,0,0
31.3,59.3,2383,4095,0,815,0,0,0
31.3,59.4,2405,4095,0,817,0,0,0
31.3,59.4,2262,4095,0,816,0,0,0
31.3,59.4,2295,4095,0,815,0,0,0
31.3,59.4,2405,4095,0,801,0,0,0
31.3,59.5,2407,4095,0,811,0,0,0
31.3,59.5,2287,4095,0,811,0,0,0
31.3,59.5,2278,4095,0,813,0,0,0
31.3,59.5,2410,4095,0,811,0,0,0
31.3,59.5,2399,4095,0,814,0,0,0
31.3,59.5,2297,4095,0,809,0,0,0
31.3,59.5,2250,4095,0,816,0,0,0
31.3,59.5,2405,4095,0,816,0,0,0
31.3,59.5,2385,4095,0,816,0,0,0
31.3,59.5,2338,4095,0,816,0,0,0
31.3,59.5,2243,4095,0,810,0,0,0
31.3,59.5,2394,4095,0,815,0,0,0
31.3,59.5,2371,4095,0,806,0,0,0
31.3,59.5,2352,4095,0,810,0,0,0
31.3,59.5,2235,4095,0,813,0,0,0
31.3,59.5,2375,4095,0,816,0,0,0
31.3,59.5,2352,4095,0,807,0,0,0
31.3,59.5,2368,4095,0,816,0,0,0
31.3,59.5,2228,4095,0,801,0,0,0
31.3,59.5,2366,4095,0,807,0,0,0
31.3,59.6,2323,4095,0,813,0,0,0
31.3,59.6,2384,4095,0,816,0,0,0
31.3,59.6,2228,4095,0,810,0,0,0
31.3,59.6,2337,4095,0,822,0,0,0
31.3,59.6,2299,4095,0,808,0,0,0
31.3,59.6,2397,4095,0,813,0,0,0
31.3,59.6,2240,4095,0,806,0,0,0
31.3,59.6,2319,4095,0,803,0,0,0
31.3,59.6,2283,4095,0,811,0,0,0
31.3,59.6,2410,4095,0,802,0,0,0
31.3,59.6,2282,4095,0,807,0,0,0
31.3,59.6,2301,4095,0,814,0,0,0
31.3,59.3,2270,4095,0,809,0,0,0
31.3,59.3,2414,4095,0,810,0,0,0
31.3,59.3,2320,4095,0,801,0,0,0
31.3,59.3,2267,4095,0,805,0,0,0
31.3,59.1,2225,4095,0,814,0,0,0
31.3,59.1,2379,4095,0,806,0,0,0
31.3,59.1,2368,4095,0,803,0,0,0
31.3,59.1,2246,4095,0,803,0,0,0
31.3,58.9,2246,4095,0,807,0,0,0
31.3,58.9,2341,4095,0,805,0,0,0
31.3,58.9,2405,4095,0,805,0,0,0
31.3,58.9,2247,4095,0,807,0,0,0
31.3,58.7,2277,4095,0,809,0,0,0
31.3,58.7,2289,4095,0,803,0,0,0
31.3,58.7,2417,4095,0,803,0,0,0
31.3,58.7,2291,4095,0,805,0,0,0
31.3,58.5,2338,4095,0,811,0,0,0
31.3,58.5,2251,4095,0,801,0,0,0
31.3,58.5,2395,4095,0,803,0,0,0
31.3,58.5,2350,4095,0,801,0,0,0
31.3,58.4,2386,4095,0,802,0,0,0
31.3,58.4,2239,4095,0,799,0,0,0
31.3,58.4,2349,4095,0,805,0,0,0
31.3,58.4,2397,4095,0,804,0,0,0
31.3,58.4,2418,4095,0,867,0,0,0
31.3,58.4,2261,4095,0,800,0,0,0
31.3,58.4,2293,4095,0,803,0,0,0
31.3,58.4,2416,4095,0,803,0,0,0
31.3,58.5,2417,4095,0,803,0,0,0
31.3,58.5,2341,4095,0,809,0,0,0
31.3,58.5,2255,4095,0,798,0,0,0
31.3,58.5,2446,4095,0,797,0,0,0
31.3,58.8,2352,4095,0,799,0,0,0
31.3,58.8,2397,4095,0,799,0,0,0
31.3,58.8,2230,4095,0,800,0,0,0
31.3,58.8,2346,4095,0,798,0,0,0
31.3,58.9,2311,4095,0,805,0,0,0
31.3,58.9,2406,4095,0,795,0,0,0
31.3,58.9,2283,4095,0,790,0,0,0
31.3,58.9,2291,4095,0,797,0,0,0
31.3,59.1,2262,4095,0,791,0,0,0
31.3,59.1,2402,4095,0,805,0,0,0
31.3,59.1,2333,4095,0,801,0,0,0
31.3,59.1,2256,4095,0,806,0,0,0
31.3,59.2,2238,4095,0,799,0,0,0
31.3,59.2,2363,4095,0,799,0,0,0
31.3,59.2,2370,4095,0,797,0,0,0
31.3,59.2,2243,4095,0,801,0,0,0
31.3,59.2,2247,4095,0,793,0,0,0
31.3,59.2,2346,4095,0,805,0,0,0
31.3,59.2,2398,4095,0,799,0,0,0
31.3,59.2,2241,4095,0,794,0,0,0
31.3,59.3,2266,4095,0,797,0,0,0
31.3,59.3,2311,4095,0,796,0,0,0
31.3,59.3,2416,4095,0,794,0,0,0
31.3,59.3,2245,4095,0,795,0,0,0
31.3,59.3,2299,4095,0,793,0,0,0
31.3,59.3,2288,4095,0,795,0,0,0
31.3,59.3,2411,4095,0,785,0,0,0
31.3,59.3,2295,4095,0,790,0,0,0
31.3,59.3,2334,4095,0,720,0,0,0
31.3,59.3,2261,4095,0,794,0,0,0
31.3,59.3,2410,4095,0,785,0,0,0
31.3,59.3,2324,4095,0,795,0,0,0
31.3,59.3,2359,4095,0,788,0,0,0
31.3,59.3,2245,4095,0,794,0,0,0
31.3,59.3,2379,4095,0,788,0,0,0
31.3,59.3,2336,4095,0,796,0,0,0
31.3,59.3,2378,4095,0,795,0,0,0
31.3,59.3,2237,4095,0,789,0,0,0
31.3,59.3,2368,4095,0,791,0,0,0
31.3,59.3,2365,4095,0,791,0,0,0
31.3,59.3,2388,4095,0,801,0,0,0
31.3,59.3,2237,4095,0,797,0,0,0
31.3,59.3,2352,4095,0,786,0,0,0
31.3,59.3,2381,4095,0,786,0,0,0
31.3,59.1,2387,4095,0,796,0,0,0
31.3,59.1,2233,4095,0,784,0,0,0
31.3,59.1,2339,4095,0,784,0,0,0
31.3,59.1,2384,4095,0,789,0,0,0
31.3,58.8,2404,4095,0,793,0,0,0
31.3,58.8,2238,4095,0,787,0,0,0
31.3,58.8,2320,4095,0,784,0,0,0
31.3,58.8,2389,4095,0,783,0,0,0
31.3,58.6,2403,4095,0,788,0,0,0
31.3,58.6,2251,4095,0,791,0,0,0
31.3,58.6,2302,4095,0,786,0,0,0
31.3,58.6,2394,4095,0,784,0,0,0
31.3,58.6,2410,4095,0,791,0,0,0
31.3,58.6,2269,4095,0,783,0,0,0
31.3,58.6,2288,4095,0,778,0,0,0
31.3,58.6,2405,4095,0,793,0,0,0
31.3,58.6,2406,4095,0,789,0,0,0
31.3,58.6,2277,4095,0,789,0,0,0
31.3,58.6,2285,4095,0,794,0,0,0
31.3,58.6,2395,4095,0,785,0,0,0
31.3,58.8,2401,4095,0,789,0,0,0
31.3,58.8,2289,4095,0,789,0,0,0
31.3,58.8,2276,4095,0,771,0,0,0
31.3,58.8,2414,4095,0,784,0,0,0
31.3,58.9,2402,4095,0,790,0,0,0
31.3,58.9,2301,4095,0,791,0,0,0
31.3,58.9,2266,4095,0,797,0,0,0
31.3,58.9,2411,4095,0,785,0,0,0
31.4,59.0,2397,4095,0,791,0,0,0
31.4,59.0,2319,4095,0,785,0,0,0
31.4,59.0,2256,4095,0,784,0,0,0
31.4,59.0,2395,4095,0,790,0,0,0
31.3,59.0,2379,4095,0,788,0,0,0
31.3,59.0,2336,4095,0,784,0,0,0
31.3,59.0,2247,4095,0,781,0,0,0
31.3,59.0,2395,4095,0,784,0,0,0
31.3,59.0,2371,4095,0,787,0,0,0
31.3,59.0,2356,4095,0,784,0,0,0
31.3,59.0,2241,4095,0,786,0,0,0
31.3,59.0,2384,4095,0,779,0,0,0
31.3,59.0,2347,4095,0,784,0,0,0
31.3,59.0,2370,4095,0,782,0,0,0
31.3,59.0,2240,4095,0,790,0,0,0
31.3,59.0,2368,4095,0,788,0,0,0
31.3,59.1,2345,4095,0,787,0,0,0
31.3,59.1,2383,4095,0,781,0,0,0
31.3,59.1,2237,4095,0,784,0,0,0
31.3,59.1,2359,4095,0,784,0,0,0
31.4,59.1,2336,4095,0,784,0,0,0
31.4,59.1,2390,4095,0,789,0,0,0
31.4,59.1,2239,4095,0,790,0,0,0
31.4,59.1,2350,4095,0,781,0,0,0
31.3,59.2,2314,4095,0,783,0,0,0
31.3,59.2,2403,4095,0,788,0,0,0
31.3,59.2,2241,4095,0,783,0,0,0
31.3,59.2,2339,4095,0,802,0,0,0
31.3,59.3,2306,4095,0,787,0,0,0
31.3,59.3,2410,4095,0,787,0,0,0
31.3,59.3,2243,4095,0,785,0,0,0
31.3,59.3,2321,4095,0,783,0,0,0
31.3,59.2,2290,4095,0,784,0,0,0
31.3,59.2,2401,4095,0,784,0,0,0
31.3,59.2,2256,4095,0,780,0,0,0
31.3,59.2,2320,4095,0,784,0,0,0
31.3,59.1,2290,4095,0,777,0,0,0
31.3,59.1,2416,4095,0,782,0,0,0
31.3,59.1,2262,4095,0,784,0,0,0
31.3,59.1,2305,4095,0,788,0,0,0
31.3,59.0,2283,4095,0,783,0,0,0
31.3,59.0,2407,4095,0,781,0,0,0
31.3,59.0,2250,4095,0,783,0,0,0
31.3,59.0,2278,4095,0,786,0,0,0
31.3,59.1,2241,4095,0,784,0,0,0
31.3,59.1,2385,4095,0,784,0,0,0
31.3,59.1,2256,4095,0,784,0,0,0
31.3,59.1,2285,4095,0,784,0,0,0
31.3,59.1,2257,4095,0,782,0,0,0
31.3,59.1,2399,4095,0,771,0,0,0
31.3,59.1,2261,4095,0,752,0,0,0
31.3,59.1,2281,4095,0,785,0,0,0
31.3,59.2,2240,4095,0,789,0,0,0
31.3,59.2,2400,4095,0,782,0,0,0
31.3,59.2,2256,4095,0,778,0,0,0
31.3,59.2,2279,4095,0,780,0,0,0
31.4,59.1,2256,4095,0,784,0,0,0
31.4,59.1,2397,4095,0,773,0,0,0
31.4,59.1,2272,4095,0,783,0,0,0
31.4,59.1,2277,4095,0,782,0,0,0
31.3,58.9,2255,4095,0,781,0,0,0
31.3,58.9,2399,4095,0,777,0,0,0
31.3,58.9,2271,4095,0,781,0,0,0
31.3,58.9,2279,4095,0,784,0,0,0
31.3,58.6,2245,4095,0,777,0,0,0
31.3,58.6,2391,4095,0,789,0,0,0
31.3,58.6,2273,4095,0,771,0,0,0
31.3,58.6,2277,4095,0,768,0,0,0
31.3,58.4,2242,4095,0,774,0,0,0
31.3,58.4,2397,4095,0,783,0,0,0
31.3,58.4,2277,4095,0,772,0,0,0
31.3,58.4,2270,4095,0,775,0,0,0
31.4,58.3,2250,4095,0,778,0,0,0
31.4,58.3,2382,4095,0,773,0,0,0
31.4,58.3,2289,4095,0,757,0,0,0
31.4,58.3,2266,4095,0,770,0,0,0
31.3,58.2,2239,4095,0,770,0,0,0
31.3,58.2,2395,4095,0,779,0,0,0
31.3,58.2,2307,4095,0,773,0,0,0
31.3,58.2,2251,4095,0,775,0,0,0
31.4,58.2,2227,4095,0,775,0,0,0
31.4,58.2,2382,4095,0,775,0,0,0
31.4,58.2,2311,4095,0,778,0,0,0
31.4,58.2,2240,4095,0,771,0,0,0
31.3,58.4,2221,4095,0,778,0,0,0
31.3,58.4,2360,4095,0,765,0,0,0
31.3,58.4,2320,4095,0,770,0,0,0
31.3,58.4,2231,4095,0,780,0,0,0
31.3,58.5,2221,4095,0,786,0,0,0
31.3,58.5,2362,4095,0,773,0,0,0
31.3,58.5,2343,4095,0,771,0,0,0
31.3,58.5,2225,4095,0,768,0,0,0
31.3,58.6,2223,4095,0,771,0,0,0
31.3,58.6,2347,4095,0,769,0,0,0
31.3,58.6,2350,4095,0,771,0,0,0
31.3,58.6,2221,4095,0,780,0,0,0
31.4,58.7,2224,4095,0,775,0,0,0
31.4,58.7,2329,4095,0,764,0,0,0
31.4,58.7,2369,4095,0,772,0,0,0
31.4,58.7,2219,4095,0,765,0,0,0
31.4,58.8,2237,4095,0,778,0,0,0
31.4,58.8,2322,4095,0,766,0,0,0
31.4,58.8,2390,4095,0,773,0,0,0
31.4,58.8,2224,4095,0,772,0,0,0
31.4,58.9,2243,4095,0,773,0,0,0
31.4,58.9,2290,4095,0,772,0,0,0
31.4,58.9,2387,4095,0,778,0,0,0
31.4,58.9,2239,4095,0,767,0,0,0
31.3,58.9,2273,4095,0,777,0,0,0
31.3,58.9,2285,4095,0,766,0,0,0
31.3,58.9,2407,4095,0,731,0,0,0
31.3,58.9,2257,4095,0,778,0,0,0
31.3,59.0,2295,4095,0,768,0,0,0
31.3,59.0,2255,4095,0,884,0,0,0
31.3,59.0,2400,4095,0,771,0,0,0
31.3,59.0,2288,4095,0,771,0,0,0
31.3,59.1,2319,4095,0,769,0,0,0
31.3,59.1,2243,4095,0,775,0,0,0
31.3,59.1,2394,4095,0,769,0,0,0
31.3,59.1,2314,4095,0,768,0,0,0
31.3,59.1,2339,4095,0,768,0,0,0
31.3,59.1,2230,4095,0,767,0,0,0
31.3,59.1,2375,4095,0,774,0,0,0
31.3,59.1,2338,4095,0,775,0,0,0
31.3,59.1,2363,4095,0,770,0,0,0
31.3,59.1,2223,4095,0,771,0,0,0
31.3,59.1,2349,4095,0,772,0,0,0
31.3,59.1,2359,4095,0,766,0,0,0
31.4,58.8,2387,4095,0,818,0,0,0
31.4,58.8,2226,4095,0,758,0,0,0
31.4,58.8,2320,4095,0,771,0,0,0
31.4,58.8,2383,4095,0,765,0,0,0
31.4,58.6,2400,4095,0,759,0,0,0
31.4,58.6,2237,4095,0,767,0,0,0
31.4,58.6,2297,4095,0,761,0,0,0
31.4,58.6,2388,4095,0,769,0,0,0
31.4,58.6,2405,4095,0,767,0,0,0
31.4,58.6,2255,4095,0,769,0,0,0
31.4,58.6,2288,4095,0,767,0,0,0
31.4,58.6,2403,4095,0,766,0,0,0
31.4,58.7,2397,4095,0,774,0,0,0
31.4,58.7,2277,4095,0,765,0,0,0
31.4,58.7,2271,4095,0,769,0,0,0
31.4,58.7,2401,4095,0,763,0,0,0
31.4,58.8,2390,4095,0,769,0,0,0
31.4,58.8,2291,4095,0,769,0,0,0
31.4,58.8,2254,4095,0,767,0,0,0
31.4,58.8,2384,4095,0,759,0,0,0
31.4,58.9,2386,4095,0,770,0,0,0
31.4,58.9,2305,4095,0,762,0,0,0
31.4,58.9,2255,4095,0,771,0,0,0
31.4,58.9,2395,4095,0,756,0,0,0
31.4,59.0,2384,4095,0,770,0,0,0
31.4,59.0,2315,4095,0,769,0,0,0
31.4,59.0,2250,4095,0,761,0,0,0
31.4,59.0,2384,4095,0,761,0,0,0
31.4,59.0,2383,4095,0,745,0,0,0
31.4,59.0,2320,4095,0,759,0,0,0
31.4,59.0,2250,4095,0,784,0,0,0
31.4,59.0,2397,4095,0,765,0,0,0
31.4,59.0,2376,4095,0,766,0,0,0
31.4,59.0,2320,4095,0,769,0,0,0
31.4,59.0,2242,4095,0,767,0,0,0
31.4,59.0,2384,4095,0,766,0,0,0
31.4,58.9,2372,4095,0,767,0,0,0
31.4,58.9,2325,4095,0,762,0,0,0
31.4,58.9,2251,4095,0,756,0,0,0
31.4,58.9,2394,4095,0,762,0,0,0
31.4,58.7,2367,4095,0,761,0,0,0
31.4,58.7,2320,4095,0,763,0,0,0
31.4,58.7,2245,4095,0,768,0,0,0
31.4,58.7,2394,4095,0,769,0,0,0
31.4,58.5,2375,4095,0,763,0,0,0
31.4,58.5,2314,4095,0,761,0,0,0
31.4,58.5,2250,4095,0,769,0,0,0
31.4,58.5,2405,4095,0,763,0,0,0
31.4,58.4,2384,4095,0,761,0,0,0
31.4,58.4,2315,4095,0,752,0,0,0
31.4,58.4,2262,4095,0,762,0,0,0
31.4,58.4,2411,4095,0,720,0,0,0
31.4,58.4,2397,4095,0,757,0,0,0
31.4,58.4,2313,4095,0,767,0,0,0
31.4,58.4,2266,4095,0,759,0,0,0
31.4,58.4,2410,4095,0,764,0,0,0
31.4,58.3,2391,4095,0,759,0,0,0
31.4,58.3,2289,4095,0,766,0,0,0
31.4,58.3,2259,4095,0,754,0,0,0
31.4,58.3,2389,4095,0,758,0,0,0
31.4,58.2,2384,4095,0,786,0,0,0
31.4,58.2,2283,4095,0,767,0,0,0
31.4,58.2,2269,4095,0,761,0,0,0
31.4,58.2,2403,4095,0,762,0,0,0
31.4,58.2,2393,4095,0,761,0,0,0
31.4,58.2,2279,4095,0,768,0,0,0
31.4,58.2,2276,4095,0,755,0,0,0
31.4,58.2,2398,4095,0,750,0,0,0
31.4,58.2,2403,4095,0,755,0,0,0
31.4,58.2,2281,4095,0,763,0,0,0
31.4,58.2,2283,4095,0,752,0,0,0
31.4,58.2,2407,4095,0,765,0,0,0
31.4,58.3,2404,4095,0,755,0,0,0
31.4,58.3,2267,4095,0,761,0,0,0
31.4,58.3,2289,4095,0,757,0,0,0
31.4,58.3,2402,4095,0,765,0,0,0
31.4,58.5,2405,4095,0,758,0,0,0
31.4,58.5,2257,4095,0,759,0,0,0
31.4,58.5,2298,4095,0,753,0,0,0
31.4,58.5,2395,4095,0,764,0,0,0
31.4,58.6,2396,4095,0,763,0,0,0
31.4,58.6,2240,4095,0,753,0,0,0
31.4,58.6,2314,4095,0,755,0,0,0
31.4,58.6,2395,4095,0,756,0,0,0
31.4,58.6,2401,4095,0,753,0,0,0
31.4,58.6,2235,4095,0,762,0,0,0
31.4,58.6,2311,4095,0,755,0,0,0
31.4,58.6,2375,4095,0,752,0,0,0
31.4,58.5,2379,4095,0,754,0,0,0
31.4,58.5,2219,4095,0,758,0,0,0
31.4,58.5,2319,4095,0,758,0,0,0
31.4,58.5,2368,4095,0,754,0,0,0
31.4,58.5,2389,4095,0,783,0,0,0
31.4,58.5,2224,4095,0,752,0,0,0
31.4,58.5,2331,4095,0,762,0,0,0
31.4,58.5,2368,4095,0,762,0,0,0
31.4,58.6,2385,4095,0,758,0,0,0
31.4,58.6,2224,4095,0,752,0,0,0
31.4,58.6,2352,4095,0,752,0,0,0
31.4,58.6,2355,4095,0,761,0,0,0
31.4,58.6,2368,4095,0,762,0,0,0
31.4,58.6,2198,4095,0,757,0,0,0
31.4,58.6,2347,4095,0,752,0,0,0
31.4,58.6,2341,4095,0,755,0,0,0
31.3,58.6,2357,4095,0,752,0,0,0
31.3,58.6,2213,4095,0,752,0,0,0
31.3,58.6,2358,4095,0,757,0,0,0
31.3,58.6,2321,4095,0,753,0,0,0
31.4,58.6,2345,4095,0,876,0,0,0
31.4,58.6,2213,4095,0,753,0,0,0
31.4,58.6,2375,4095,0,755,0,0,0
31.4,58.6,2304,4095,0,755,0,0,0
31.4,58.7,2326,4095,0,756,0,0,0
31.4,58.7,2236,4095,0,750,0,0,0
31.4,58.7,2389,4095,0,752,0,0,0
31.4,58.7,2277,4095,0,752,0,0,0
31.4,58.8,2304,4095,0,760,0,0,0
31.4,58.8,2254,4095,0,761,0,0,0
31.4,58.8,2393,4095,0,757,0,0,0
31.4,58.8,2240,4095,0,752,0,0,0
31.4,58.8,2258,4095,0,752,0,0,0
31.4,58.8,2275,4095,0,752,0,0,0
31.4,58.8,2374,4095,0,748,0,0,0
31.4,58.8,2218,4095,0,762,0,0,0
31.4,58.9,2223,4095,0,759,0,0,0
31.4,58.9,2330,4095,0,751,0,0,0
31.4,58.9,2347,4095,0,753,0,0,0
31.4,58.9,2226,4095,0,747,0,0,0
31.4,58.9,2218,4095,0,752,0,0,0
31.4,58.9,2409,4095,0,752,0,0,0
31.4,58.9,2286,4095,0,752,0,0,0
31.4,58.9,2262,4095,0,759,0,0,0
31.4,58.9,2256,4095,0,754,0,0,0
31.4,58.9,2393,4095,0,755,0,0,0
31.4,58.9,2227,4095,0,752,0,0,0
31.4,58.9,2342,4095,0,751,0,0,0
31.4,58.9,2334,4095,0,753,0,0,0
31.4,58.9,2351,4095,0,755,0,0,0
31.4,58.9,2224,4095,0,758,0,0,0
31.4,58.9,2401,4095,0,733,0,0,0
31.4,58.9,2399,4095,0,718,0,0,0
31.4,58.9,2270,4095,0,755,0,0,0
31.4,58.9,2304,4095,0,767,0,0,0
31.4,58.9,2378,4095,0,754,0,0,0
31.4,58.9,2384,4095,0,752,0,0,0
31.4,58.9,2227,4095,0,749,0,0,0
31.4,58.9,2384,4095,0,752,0,0,0
31.4,58.9,2293,4095,0,752,0,0,0
31.4,58.8,2307,4095,0,688,0,0,0
31.4,58.8,2268,4095,0,752,0,0,0
31.4,58.8,2416,4095,0,755,0,0,0
31.4,58.8,2226,4095,0,745,0,0,0
31.4,58.6,2229,4095,0,752,0,0,0
31.4,58.6,2364,4095,0,752,0,0,0
31.4,58.6,2343,4095,0,751,0,0,0
31.4,58.6,2250,4095,0,753,0,0,0
31.4,58.5,2235,4095,0,749,0,0,0
31.4,58.5,2403,4095,0,750,0,0,0
31.4,58.5,2256,4095,0,752,0,0,0
31.4,58.5,2304,4095,0,753,0,0,0
31.4,58.4,2288,4095,0,751,0,0,0
31.4,58.4,2387,4095,0,752,0,0,0
31.4,58.4,2211,4095,0,752,0,0,0
31.4,58.4,2341,4095,0,751,0,0,0
31.4,58.6,2337,4095,0,751,0,0,0
31.4,58.6,2315,4095,0,752,0,0,0
31.4,58.6,2237,4095,0,752,0,0,0
31.4,58.6,2379,4095,0,752,0,0,0
31.4,58.6,2377,4095,0,749,0,0,0
31.4,58.6,2224,4095,0,754,0,0,0
31.4,58.6,2288,4095,0,746,0,0,0
31.4,58.6,2339,4095,0,752,0,0,0
31.4,58.6,2351,4095,0,671,0,0,0
31.4,58.6,2202,4095,0,754,0,0,0
31.4,58.6,2374,4095,0,752,0,0,0
31.4,58.6,2254,4095,0,743,0,0,0
31.4,58.7,2262,4095,0,752,0,0,0
31.4,58.7,2269,4095,0,746,0,0,0
31.4,58.7,2358,4095,0,750,0,0,0
31.4,58.7,2195,4095,0,749,0,0,0
31.4,58.6,2194,4095,0,745,0,0,0
31.4,58.6,2365,4095,0,741,0,0,0
31.4,58.6,2290,4095,0,744,0,0,0
31.4,58.6,2270,4095,0,752,0,0,0
31.4,58.5,2270,4095,0,746,0,0,0
31.4,58.5,2368,4095,0,752,0,0,0
31.4,58.5,2195,4095,0,752,0,0,0
31.4,58.5,2350,4095,0,747,0,0,0
31.4,58.4,2340,4095,0,741,0,0,0
31.4,58.4,2281,4095,0,749,0,0,0
31.4,58.4,2271,4095,0,747,0,0,0
31.4,58.4,2368,4095,0,747,0,0,0
31.4,58.3,2384,4095,0,754,0,0,0
31.4,58.3,2217,4095,0,752,0,0,0
31.4,58.3,2375,4095,0,748,0,0,0
31.4,58.3,2286,4095,0,747,0,0,0
31.4,58.2,2283,4095,0,749,0,0,0
31.4,58.2,2289,4095,0,752,0,0,0
31.4,58.2,2372,4095,0,752,0,0,0
31.4,58.2,2205,4095,0,741,0,0,0
31.4,58.2,2221,4095,0,746,0,0,0
31.4,58.2,2394,4095,0,741,0,0,0
31.4,58.2,2251,4095,0,742,0,0,0
31.4,58.2,2313,4095,0,750,0,0,0
31.4,58.2,2319,4095,0,741,0,0,0
31.4,58.2,2352,4095,0,745,0,0,0
31.4,58.2,2241,4095,0,752,0,0,0
31.4,58.2,2401,4095,0,746,0,0,0
31.4,58.4,2398,4095,0,747,0,0,0
31.4,58.4,2224,4095,0,817,0,0,0
31.4,58.4,2347,4095,0,746,0,0,0
31.4,58.4,2314,4095,0,749,0,0,0
31.4,58.5,2305,4095,0,749,0,0,0
31.4,58.5,2266,4095,0,748,0,0,0
31.4,58.5,2389,4095,0,751,0,0,0
31.4,58.5,2214,4095,0,752,0,0,0
31.4,58.6,2215,4095,0,747,0,0,0
31.4,58.6,2371,4095,0,750,0,0,0
31.4,58.6,2271,4095,0,748,0,0,0
31.4,58.6,2289,4095,0,751,0,0,0
31.4,58.7,2294,4095,0,741,0,0,0
31.4,58.7,2358,4095,0,745,0,0,0
31.4,58.7,2226,4095,0,746,0,0,0
31.4,58.7,2394,4095,0,747,0,0,0
31.4,58.7,2403,4095,0,747,0,0,0
31.4,58.7,2238,4095,0,745,0,0,0
31.4,58.7,2352,4095,0,743,0,0,0
31.4,58.7,2320,4095,0,747,0,0,0
31.4,58.8,2317,4095,0,752,0,0,0
31.4,58.8,2284,4095,0,743,0,0,0
31.4,58.8,2384,4095,0,742,0,0,0
31.4,58.8,2205,4095,0,743,0,0,0
31.4,58.7,2224,4095,0,742,0,0,0
31.4,58.7,2396,4095,0,751,0,0,0
31.4,58.7,2245,4095,0,741,0,0,0
31.4,58.7,2343,4095,0,739,0,0,0
31.4,58.8,2346,4095,0,736,0,0,0
31.4,58.8,2352,4095,0,738,0,0,0
31.4,58.8,2275,4095,0,816,0,0,0
31.4,58.8,2385,4095,0,741,0,0,0
31.4,58.7,2383,4095,0,743,0,0,0
31.4,58.7,2231,4095,0,742,0,0,0
31.4,58.7,2403,4095,0,739,0,0,0
31.4,58.7,2235,4095,0,737,0,0,0
31.4,58.5,2224,4095,0,741,0,0,0
31.4,58.5,2365,4095,0,731,0,0,0
31.4,58.5,2295,4095,0,738,0,0,0
31.4,58.5,2287,4095,0,735,0,0,0
31.4,58.4,2286,4095,0,752,0,0,0
31.4,58.4,2350,4095,0,736,0,0,0
31.4,58.4,2227,4095,0,741,0,0,0
31.4,58.4,2385,4095,0,730,0,0,0
31.4,58.4,2373,4095,0,737,0,0,0
31.4,58.4,2203,4095,0,742,0,0,0
31.4,58.4,2374,4095,0,748,0,0,0
31.4,58.4,2250,4095,0,741,0,0,0
31.4,58.3,2246,4095,0,741,0,0,0
31.4,58.3,2325,4095,0,735,0,0,0
31.4,58.3,2310,4095,0,741,0,0,0
31.4,58.3,2255,4095,0,746,0,0,0
31.4,58.4,2266,4095,0,741,0,0,0
31.4,58.4,2361,4095,0,735,0,0,0
31.4,58.4,2217,4095,0,738,0,0,0
31.4,58.4,2383,4095,0,737,0,0,0
31.4,58.4,2381,4095,0,742,0,0,0
31.4,58.4,2218,4095,0,730,0,0,0
31.4,58.4,2352,4095,0,707,0,0,0
31.4,58.4,2274,4095,0,732,0,0,0
31.4,58.4,2261,4095,0,746,0,0,0
31.4,58.4,2299,4095,0,740,0,0,0
31.4,58.4,2336,4095,0,734,0,0,0
31.4,58.4,2238,4095,0,738,0,0,0
31.4,58.5,2241,4095,0,735,0,0,0
31.4,58.5,2370,4095,0,739,0,0,0
31.4,58.5,2206,4095,0,747,0,0,0
31.4,58.5,2378,4095,0,752,0,0,0
31.4,58.6,2382,4095,0,731,0,0,0
31.4,58.6,2230,4095,0,738,0,0,0
31.4,58.6,2321,4095,0,732,0,0,0
31.4,58.6,2303,4095,0,739,0,0,0
31.4,58.6,2288,4095,0,741,0,0,0
31.4,58.6,2265,4095,0,740,0,0,0
31.4,58.6,2354,4095,0,740,0,0,0
31.4,58.6,2211,4095,0,741,0,0,0
31.4,58.6,2205,4095,0,747,0,0,0
31.4,58.6,2372,4095,0,731,0,0,0
31.4,58.6,2206,4095,0,735,0,0,0
31.4,58.6,2346,4095,0,741,0,0,0
31.4,58.6,2353,4095,0,731,0,0,0
31.4,58.6,2251,4095,0,696,0,0,0
31.4,58.6,2291,4095,0,734,0,0,0
31.4,58.6,2321,4095,0,742,0,0,0
31.4,58.6,2303,4095,0,742,0,0,0
31.4,58.6,2245,4095,0,737,0,0,0
31.4,58.6,2362,4095,0,733,0,0,0
31.4,58.6,2201,4095,0,738,0,0,0
31.4,58.4,2208,4095,0,738,0,0,0
31.4,58.4,2371,4095,0,734,0,0,0
31.4,58.4,2213,4095,0,785,0,0,0
31.4,58.4,2338,4095,0,731,0,0,0
31.4,58.4,2352,4095,0,737,0,0,0
31.4,58.4,2256,4095,0,738,0,0,0
31.4,58.4,2293,4095,0,738,0,0,0
31.4,58.4,2326,4095,0,731,0,0,0
31.4,58.3,2318,4095,0,736,0,0,0
31.4,58.3,2239,4095,0,737,0,0,0
31.4,58.3,2363,4095,0,735,0,0,0
31.4,58.3,2206,4095,0,727,0,0,0
31.4,58.2,2207,4095,0,731,0,0,0
31.4,58.2,2376,4095,0,732,0,0,0
31.4,58.2,2205,4095,0,731,0,0,0
31.4,58.2,2345,4095,0,721,0,0,0
31.5,58.1,2358,4095,0,734,0,0,0
31.5,58.1,2230,4095,0,730,0,0,0
31.5,58.1,2303,4095,0,730,0,0,0
31.5,58.1,2320,4095,0,731,0,0,0
31.4,58.0,2307,4095,0,721,0,0,0
31.4,58.0,2261,4095,0,726,0,0,0
31.4,58.0,2361,4095,0,731,0,0,0
31.4,58.0,2213,4095,0,731,0,0,0
31.4,58.1,2210,4095,0,738,0,0,0
31.4,58.1,2381,4095,0,731,0,0,0
31.4,58.1,2203,4095,0,729,0,0,0
31.4,58.1,2349,4095,0,730,0,0,0
31.4,58.2,2352,4095,0,725,0,0,0
31.4,58.2,2249,4095,0,727,0,0,0
31.4,58.2,2281,4095,0,734,0,0,0
31.4,58.2,2335,4095,0,741,0,0,0
31.4,58.3,2322,4095,0,735,0,0,0
31.4,58.3,2235,4095,0,738,0,0,0
31.4,58.3,2375,4095,0,738,0,0,0
31.4,58.3,2202,4095,0,735,0,0,0
31.4,58.4,2199,4095,0,739,0,0,0
31.4,58.4,2369,4095,0,742,0,0,0
31.4,58.4,2240,4095,0,727,0,0,0
31.4,58.4,2305,4095,0,734,0,0,0
31.4,58.4,2313,4095,0,735,0,0,0
31.4,58.4,2303,4095,0,731,0,0,0
31.4,58.4,2243,4095,0,735,0,0,0
31.4,58.4,2374,4095,0,729,0,0,0
31.4,58.5,2369,4095,0,733,0,0,0
31.4,58.5,2197,4095,0,734,0,0,0
31.4,58.5,2371,4095,0,732,0,0,0
31.4,58.5,2207,4095,0,735,0,0,0
31.4,58.4,2230,4095,0,733,0,0,0
31.4,58.4,2314,4095,0,727,0,0,0
31.4,58.4,2323,4095,0,731,0,0,0
31.4,58.4,2240,4095,0,722,0,0,0
31.4,58.3,2249,4095,0,725,0,0,0
31.4,58.3,2365,4095,0,730,0,0,0
31.4,58.3,2201,4095,0,723,0,0,0
31.4,58.3,2367,4095,0,733,0,0,0
31.4,58.3,2371,4095,0,735,0,0,0
31.4,58.3,2212,4095,0,735,0,0,0
31.4,58.3,2320,4095,0,721,0,0,0
31.4,58.3,2300,4095,0,734,0,0,0
31.4,58.3,2303,4095,0,717,0,0,0
31.4,58.3,2247,4095,0,727,0,0,0
31.4,58.3,2364,4095,0,728,0,0,0
31.4,58.3,2197,4095,0,723,0,0,0
31.5,58.4,2192,4095,0,729,0,0,0
31.5,58.4,2363,4095,0,730,0,0,0
31.5,58.4,2222,4095,0,724,0,0,0
31.5,58.4,2295,4095,0,723,0,0,0
31.4,58.4,2304,4095,0,732,0,0,0
31.4,58.4,2306,4095,0,723,0,0,0
31.4,58.4,2225,4095,0,734,0,0,0
31.4,58.4,2368,4095,0,735,0,0,0
31.4,58.5,2374,4095,0,734,0,0,0
31.4,58.5,2202,4095,0,725,0,0,0
31.4,58.5,2352,4095,0,732,0,0,0
31.4,58.5,2250,4095,0,724,0,0,0
31.4,58.5,2245,4095,0,738,0,0,0
31.4,58.5,2300,4095,0,741,0,0,0
31.4,58.5,2313,4095,0,722,0,0,0
31.4,58.5,2224,4095,0,725,0,0,0
31.5,58.5,2226,4095,0,723,0,0,0
31.5,58.5,2376,4095,0,734,0,0,0
31.5,58.5,2202,4095,0,730,0,0,0
31.5,58.5,2339,4095,0,730,0,0,0
31.4,58.4,2349,4095,0,732,0,0,0
31.4,58.4,2265,4095,0,723,0,0,0
31.4,58.4,2272,4095,0,732,0,0,0
31.4,58.4,2374,4095,0,721,0,0,0
31.4,58.1,2375,4095,0,733,0,0,0
31.4,58.1,2226,4095,0,729,0,0,0
31.4,58.1,2394,4095,0,733,0,0,0
31.4,58.1,2240,4095,0,730,0,0,0
31.4,58.0,2248,4095,0,731,0,0,0
31.4,58.0,2337,4095,0,726,0,0,0
31.4,58.0,2336,4095,0,720,0,0,0
31.4,58.0,2256,4095,0,727,0,0,0
31.4,58.0,2254,4095,0,729,0,0,0
31.4,58.0,2395,4095,0,727,0,0,0
31.4,58.0,2219,4095,0,720,0,0,0
31.4,58.0,2355,4095,0,729,0,0,0
31.4,58.2,2369,4095,0,733,0,0,0
31.4,58.2,2283,4095,0,734,0,0,0
31.4,58.2,2298,4095,0,726,0,0,0
31.4,58.2,2374,4095,0,720,0,0,0
31.4,58.3,2370,4095,0,732,0,0,0
31.4,58.3,2235,4095,0,729,0,0,0
31.4,58.3,2396,4095,0,729,0,0,0
31.4,58.3,2240,4095,0,725,0,0,0
31.4,58.3,2235,4095,0,729,0,0,0
31.4,58.3,2336,4095,0,729,0,0,0
31.4,58.3,2327,4095,0,727,0,0,0
31.4,58.3,2248,4095,0,721,0,0,0
31.4,58.3,2245,4095,0,736,0,0,0
31.4,58.3,2395,4095,0,726,0,0,0
31.4,58.3,2222,4095,0,723,0,0,0
31.4,58.3,2371,4095,0,720,0,0,0
31.4,58.3,2375,4095,0,734,0,0,0
31.4,58.3,2273,4095,0,721,0,0,0
31.4,58.3,2302,4095,0,721,0,0,0
31.4,58.3,2363,4095,0,720,0,0,0
31.4,58.4,2352,4095,0,720,0,0,0
31.4,58.4,2235,4095,0,725,0,0,0
31.4,58.4,2407,4095,0,725,0,0,0
31.4,58.4,2223,4095,0,727,0,0,0
31.5,58.5,2224,4095,0,733,0,0,0
31.5,58.5,2360,4095,0,733,0,0,0
31.5,58.5,2297,4095,0,715,0,0,0
31.5,58.5,2282,4095,0,720,0,0,0
31.5,58.5,2272,4095,0,720,0,0,0
31.5,58.5,2358,4095,0,720,0,0,0
31.5,58.5,2224,4095,0,733,0,0,0
31.5,58.5,2390,4095,0,720,0,0,0
31.4,58.6,2384,4095,0,720,0,0,0
31.4,58.6,2207,4095,0,723,0,0,0
31.4,58.6,2352,4095,0,685,0,0,0
31.4,58.6,2256,4095,0,725,0,0,0
31.4,58.6,2246,4095,0,728,0,0,0
31.4,58.6,2297,4095,0,690,0,0,0
31.4,58.6,2321,4095,0,720,0,0,0
31.4,58.6,2222,4095,0,727,0,0,0
31.4,58.6,2244,4095,0,734,0,0,0
31.4,58.6,2359,4095,0,723,0,0,0
31.4,58.6,2177,4095,0,718,0,0,0
31.4,58.6,2381,4095,0,720,0,0,0
31.5,58.6,2375,4095,0,724,0,0,0
31.5,58.6,2208,4095,0,720,0,0,0
31.5,58.6,2335,4095,0,714,0,0,0
31.5,58.6,2278,4095,0,720,0,0,0
31.5,58.4,2258,4095,0,724,0,0,0
31.5,58.4,2288,4095,0,723,0,0,0
31.5,58.4,2322,4095,0,718,0,0,0
31.5,58.4,2244,4095,0,720,0,0,0
31.4,58.2,2227,4095,0,723,0,0,0
31.4,58.2,2356,4095,0,723,0,0,0
31.4,58.2,2208,4095,0,721,0,0,0
31.4,58.2,2375,4095,0,720,0,0,0
31.4,58.1,2377,4095,0,720,0,0,0
31.4,58.1,2199,4095,0,720,0,0,0
31.4,58.1,2341,4095,0,732,0,0,0
31.4,58.1,2267,4095,0,725,0,0,0
31.4,58.0,2245,4095,0,729,0,0,0
31.4,58.0,2293,4095,0,721,0,0,0
31.4,58.0,2320,4095,0,717,0,0,0
31.4,58.0,2226,4095,0,720,0,0,0
31.4,58.0,2240,4095,0,725,0,0,0
31.4,58.0,2358,4095,0,720,0,0,0
31.4,58.0,2203,4095,0,719,0,0,0
31.4,58.0,2375,4095,0,713,0,0,0
31.4,58.0,2375,4095,0,720,0,0,0
31.4,58.0,2199,4095,0,720,0,0,0
31.4,58.0,2343,4095,0,723,0,0,0
31.4,58.0,2267,4095,0,720,0,0,0
31.4,58.1,2257,4095,0,722,0,0,0
31.4,58.1,2283,4095,0,720,0,0,0
31.4,58.1,2323,4095,0,722,0,0,0
31.4,58.1,2226,4095,0,727,0,0,0
31.4,58.1,2235,4095,0,721,0,0,0
31.4,58.1,2367,4095,0,715,0,0,0
31.4,58.1,2199,4095,0,717,0,0,0
31.4,58.1,2368,4095,0,720,0,0,0
31.4,58.2,2371,4095,0,720,0,0,0
31.4,58.2,2196,4095,0,727,0,0,0
31.4,58.2,2327,4095,0,720,0,0,0
31.4,58.2,2283,4095,0,722,0,0,0
31.4,58.3,2256,4095,0,719,0,0,0
31.4,58.3,2287,4095,0,719,0,0,0
31.4,58.3,2331,4095,0,718,0,0,0
31.4,58.3,2223,4095,0,718,0,0,0
31.4,58.4,2226,4095,0,721,0,0,0
31.4,58.4,2366,4095,0,720,0,0,0
31.4,58.4,2195,4095,0,720,0,0,0
31.4,58.4,2367,4095,0,714,0,0,0
31.4,58.5,2370,4095,0,720,0,0,0
31.4,58.5,2209,4095,0,716,0,0,0
31.4,58.5,2320,4095,0,789,0,0,0
31.4,58.5,2289,4095,0,729,0,0,0
31.4,58.5,2277,4095,0,711,0,0,0
31.4,58.5,2269,4095,0,720,0,0,0
31.4,58.5,2343,4095,0,721,0,0,0
31.4,58.5,2211,4095,0,720,0,0,0
31.4,58.5,2210,4095,0,710,0,0,0
31.4,58.5,2374,4095,0,721,0,0,0
31.4,58.5,2186,4095,0,714,0,0,0
31.4,58.5,2348,4095,0,716,0,0,0
31.4,58.6,2355,4095,0,720,0,0,0
31.4,58.6,2244,4095,0,719,0,0,0
31.4,58.6,2294,4095,0,725,0,0,0
31.4,58.6,2330,4095,0,718,0,0,0
31.4,58.6,2321,4095,0,717,0,0,0
31.4,58.6,2229,4095,0,720,0,0,0
31.4,58.6,2375,4095,0,720,0,0,0
31.4,58.6,2192,4095,0,720,0,0,0
31.4,58.6,2193,4095,0,720,0,0,0
31.4,58.6,2352,4095,0,715,0,0,0
31.4,58.6,2239,4095,0,720,0,0,0
31.4,58.6,2285,4095,0,719,0,0,0
31.4,58.6,2291,4095,0,720,0,0,0
31.4,58.6,2329,4095,0,727,0,0,0
31.4,58.6,2223,4095,0,716,0,0,0
31.4,58.6,2378,4095,0,721,0,0,0
31.4,58.6,2378,4095,0,715,0,0,0
31.4,58.6,2208,4095,0,723,0,0,0
31.4,58.6,2352,4095,0,719,0,0,0
31.4,58.6,2284,4095,0,717,0,0,0
31.4,58.6,2270,4095,0,720,0,0,0
31.4,58.6,2276,4095,0,720,0,0,0
31.4,58.6,2352,4095,0,719,0,0,0
31.4,58.6,2205,4095,0,721,0,0,0
31.4,58.7,2198,4095,0,707,0,0,0
31.4,58.7,2369,4095,0,722,0,0,0
31.4,58.7,2221,4095,0,714,0,0,0
31.4,58.7,2304,4095,0,715,0,0,0
31.5,58.7,2313,4095,0,721,0,0,0
31.5,58.7,2318,4095,0,718,0,0,0
31.5,58.7,2224,4095,0,682,0,0,0
31.5,58.7,2390,4095,0,720,0,0,0
31.5,58.7,2372,4095,0,721,0,0,0
31.5,58.7,2202,4095,0,746,0,0,0
31.5,58.7,2350,4095,0,720,0,0,0
31.5,58.7,2281,4095,0,727,0,0,0
31.4,58.7,2282,4095,0,719,0,0,0
31.4,58.7,2260,4095,0,719,0,0,0
31.4,58.7,2353,4095,0,722,0,0,0
31.4,58.7,2199,4095,0,720,0,0,0
31.4,58.7,2210,4095,0,705,0,0,0
31.4,58.7,2369,4095,0,720,0,0,0
31.4,58.7,2247,4095,0,714,0,0,0
31.4,58.7,2287,4095,0,719,0,0,0
31.4,58.7,2288,4095,0,720,0,0,0
31.4,58.7,2339,4095,0,720,0,0,0
31.4,58.7,2209,4095,0,720,0,0,0
31.4,58.7,2377,4095,0,720,0,0,0
31.5,58.7,2370,4095,0,720,0,0,0
31.5,58.7,2224,4095,0,717,0,0,0
31.5,58.7,2298,4095,0,720,0,0,0
31.5,58.7,2321,4095,0,716,0,0,0
31.5,58.6,2358,4095,0,716,0,0,0
31.5,58.6,2220,4095,0,715,0,0,0
31.5,58.6,2382,4095,0,720,0,0,0
31.5,58.6,2219,4095,0,717,0,0,0
31.4,58.5,2224,4095,0,719,0,0,0
31.4,58.5,2318,4095,0,714,0,0,0
31.4,58.5,2323,4095,0,711,0,0,0
31.4,58.5,2220,4095,0,715,0,0,0
31.5,58.5,2231,4095,0,723,0,0,0
31.5,58.5,2386,4095,0,721,0,0,0
31.5,58.5,2211,4095,0,715,0,0,0
31.5,58.5,2333,4095,0,714,0,0,0
31.5,58.5,2341,4095,0,718,0,0,0
31.5,58.5,2301,4095,0,717,0,0,0
31.5,58.5,2241,4095,0,719,0,0,0
31.5,58.5,2369,4095,0,720,0,0,0
31.4,58.5,2373,4095,0,720,0,0,0
31.4,58.5,2201,4095,0,720,0,0,0
31.4,58.5,2349,4095,0,719,0,0,0
31.4,58.5,2263,4095,0,711,0,0,0
31.5,58.5,2262,4095,0,720,0,0,0
31.5,58.5,2273,4095,0,713,0,0,0
31.5,58.5,2363,4095,0,715,0,0,0
31.5,58.5,2202,4095,0,720,0,0,0
31.4,58.5,2195,4095,0,717,0,0,0
31.4,58.5,2368,4095,0,720,0,0,0
31.4,58.5,2236,4095,0,720,0,0,0
31.4,58.5,2289,4095,0,717,0,0,0
31.5,58.5,2284,4095,0,717,0,0,0
31.5,58.5,2343,4095,0,710,0,0,0
31.5,58.5,2211,4095,0,720,0,0,0
31.5,58.5,2374,4095,0,720,0,0,0
31.5,58.5,2379,4095,0,714,0,0,0
31.5,58.5,2224,4095,0,720,0,0,0
31.5,58.5,2307,4095,0,717,0,0,0
31.5,58.5,2323,4095,0,720,0,0,0
31.5,58.6,2324,4095,0,714,0,0,0
31.5,58.6,2224,4095,0,718,0,0,0
31.5,58.6,2380,4095,0,719,0,0,0
31.5,58.6,2205,4095,0,709,0,0,0
31.5,58.5,2196,4095,0,719,0,0,0
31.5,58.5,2333,4095,0,720,0,0,0
31.5,58.5,2277,4095,0,720,0,0,0
31.5,58.5,2245,4095,0,710,0,0,0
31.5,58.4,2241,4095,0,718,0,0,0
31.5,58.4,2369,4095,0,719,0,0,0
31.5,58.4,2192,4095,0,711,0,0,0
31.5,58.4,2338,4095,0,762,0,0,0
31.5,58.4,2349,4095,0,720,0,0,0
31.5,58.4,2263,4095,0,720,0,0,0
31.5,58.4,2278,4095,0,720,0,0,0
31.5,58.4,2352,4095,0,710,0,0,0
31.5,58.5,2351,4095,0,714,0,0,0
31.5,58.5,2203,4095,0,682,0,0,0
31.5,58.5,2370,4095,0,716,0,0,0
31.5,58.5,2237,4095,0,710,0,0,0
31.4,58.4,2239,4095,0,718,0,0,0
31.4,58.4,2288,4095,0,711,0,0,0
31.4,58.4,2338,4095,0,715,0,0,0
31.4,58.4,2204,4095,0,715,0,0,0
31.4,58.4,2190,4095,0,715,0,0,0
31.4,58.4,2367,4095,0,715,0,0,0
31.4,58.4,2237,4095,0,712,0,0,0
31.4,58.4,2286,4095,0,710,0,0,0
31.5,58.4,2279,4095,0,720,0,0,0
31.5,58.4,2349,4095,0,713,0,0,0
31.5,58.4,2195,4095,0,715,0,0,0
31.5,58.4,2358,4095,0,717,0,0,0
31.5,58.4,2342,4095,0,709,0,0,0
31.5,58.4,2265,4095,0,709,0,0,0
31.5,58.4,2258,4095,0,710,0,0,0
31.5,58.4,2373,4095,0,717,0,0,0
31.5,58.4,2384,4095,0,720,0,0,0
31.5,58.4,2200,4095,0,715,0,0,0
31.5,58.4,2333,4095,0,713,0,0,0
31.5,58.4,2314,4095,0,715,0,0,0
31.5,58.4,2323,4095,0,710,0,0,0
31.5,58.4,2221,4095,0,715,0,0,0
31.5,58.4,2378,4095,0,703,0,0,0
31.5,58.4,2225,4095,0,704,0,0,0
31.5,58.4,2229,4095,0,719,0,0,0
31.5,58.4,2282,4095,0,712,0,0,0
31.5,58.4,2352,4095,0,713,0,0,0
31.5,58.4,2202,4095,0,713,0,0,0
31.5,58.5,2202,4095,0,711,0,0,0
31.5,58.5,2366,4095,0,722,0,0,0
31.5,58.5,2260,4095,0,720,0,0,0
31.5,58.5,2261,4095,0,718,0,0,0
31.5,58.5,2262,4095,0,715,0,0,0
31.5,58.5,2358,4095,0,717,0,0,0
31.5,58.5,2199,4095,0,713,0,0,0
31.5,58.5,2355,4095,0,713,0,0,0
31.5,58.5,2352,4095,0,717,0,0,0
31.5,58.5,2277,4095,0,717,0,0,0
31.5,58.5,2256,4095,0,718,0,0,0
31.5,58.5,2368,4095,0,709,0,0,0
31.5,58.4,2369,4095,0,720,0,0,0
31.5,58.4,2192,4095,0,711,0,0,0
31.5,58.4,2345,4095,0,710,0,0,0
31.5,58.4,2288,4095,0,709,0,0,0
31.5,58.4,2299,4095,0,711,0,0,0
31.5,58.4,2245,4095,0,707,0,0,0
31.5,58.4,2380,4095,0,705,0,0,0
31.5,58.4,2219,4095,0,720,0,0,0
31.5,58.3,2201,4095,0,709,0,0,0
31.5,58.3,2320,4095,0,721,0,0,0
31.5,58.3,2311,4095,0,715,0,0,0
31.5,58.3,2219,4095,0,714,0,0,0
31.5,58.2,2199,4095,0,717,0,0,0
31.5,58.2,2375,4095,0,717,0,0,0
31.5,58.2,2218,4095,0,710,0,0,0
31.5,58.2,2288,4095,0,714,0,0,0
31.5,58.1,2282,4095,0,706,0,0,0
31.5,58.1,2352,4095,0,709,0,0,0
31.5,58.1,2198,4095,0,707,0,0,0
31.5,58.1,2352,4095,0,720,0,0,0
31.5,58.0,2342,4095,0,707,0,0,0
31.5,58.0,2282,4095,0,713,0,0,0
31.5,58.0,2238,4095,0,720,0,0,0
31.5,58.0,2378,4095,0,719,0,0,0
31.5,58.0,2375,4095,0,715,0,0,0
31.5,58.0,2202,4095,0,714,0,0,0
31.5,58.0,2293,4095,0,699,0,0,0
31.5,58.0,2333,4095,0,715,0,0,0
31.5,57.9,2346,4095,0,720,0,0,0
31.5,57.9,2201,4095,0,731,0,0,0
31.5,57.9,2363,4095,0,713,0,0,0
31.5,57.9,2258,4095,0,714,0,0,0
31.5,57.9,2279,4095,0,705,0,0,0
31.5,57.9,2242,4095,0,706,0,0,0
31.5,57.9,2373,4095,0,711,0,0,0
31.5,57.9,2202,4095,0,707,0,0,0
31.5,57.9,2215,4095,0,714,0,0,0
31.5,57.9,2301,4095,0,714,0,0,0
31.5,57.9,2345,4095,0,709,0,0,0
31.5,57.9,2198,4095,0,714,0,0,0
31.5,57.9,2194,4095,0,710,0,0,0
31.5,57.9,2346,4095,0,706,0,0,0
31.5,57.9,2289,4095,0,715,0,0,0
31.5,57.9,2226,4095,0,705,0,0,0
31.5,58.0,2215,4095,0,718,0,0,0
31.5,58.0,2375,4095,0,711,0,0,0
31.5,58.0,2224,4095,0,707,0,0,0
31.5,58.0,2275,4095,0,710,0,0,0
31.5,58.1,2275,4095,0,716,0,0,0
31.5,58.1,2379,4095,0,706,0,0,0
31.5,58.1,2213,4095,0,737,0,0,0
31.5,58.1,2351,4095,0,706,0,0,0
31.5,58.2,2335,4095,0,711,0,0,0
31.5,58.2,2339,4095,0,693,0,0,0
31.5,58.2,2230,4095,0,707,0,0,0
31.5,58.2,2392,4095,0,711,0,0,0
31.5,58.2,2384,4095,0,712,0,0,0
31.5,58.2,2288,4095,0,706,0,0,0
31.5,58.2,2271,4095,0,706,0,0,0
31.5,58.2,2385,4095,0,711,0,0,0
31.5,58.3,2395,4095,0,706,0,0,0
31.5,58.3,2227,4095,0,709,0,0,0
31.5,58.3,2320,4095,0,714,0,0,0
31.5,58.3,2352,4095,0,720,0,0,0
31.5,58.3,2368,4095,0,701,0,0,0
31.5,58.3,2213,4095,0,707,0,0,0
31.5,58.3,2347,4095,0,711,0,0,0
31.5,58.3,2287,4095,0,709,0,0,0
31.5,58.4,2307,4095,0,713,0,0,0
31.5,58.4,2226,4095,0,706,0,0,0
31.5,58.4,2383,4095,0,706,0,0,0
31.5,58.4,2235,4095,0,709,0,0,0
31.5,58.4,2261,4095,0,720,0,0,0
31.5,58.4,2285,4095,0,699,0,0,0
31.5,58.4,2385,4095,0,704,0,0,0
31.5,58.4,2215,4095,0,717,0,0,0
31.5,58.4,2224,4095,0,716,0,0,0
31.5,58.4,2320,4095,0,715,0,0,0
31.5,58.4,2352,4095,0,713,0,0,0
31.5,58.4,2215,4095,0,708,0,0,0
31.5,58.5,2206,4095,0,714,0,0,0
31.5,58.5,2352,4095,0,701,0,0,0
31.5,58.5,2309,4095,0,698,0,0,0
31.5,58.5,2222,4095,0,708,0,0,0
31.5,58.5,2211,4095,0,711,0,0,0
31.5,58.5,2371,4095,0,704,0,0,0
31.5,58.5,2274,4095,0,714,0,0,0
31.5,58.5,2250,4095,0,706,0,0,0
31.5,58.4,2220,4095,0,711,0,0,0
31.5,58.4,2379,4095,0,700,0,0,0
31.5,58.4,2256,4095,0,706,0,0,0
31.5,58.4,2265,4095,0,704,0,0,0
31.5,58.3,2251,4095,0,705,0,0,0
31.5,58.3,2384,4095,0,707,0,0,0
31.5,58.3,2234,4095,0,705,0,0,0
31.5,58.3,2289,4095,0,710,0,0,0
31.5,58.2,2250,4095,0,707,0,0,0
31.5,58.2,2384,4095,0,705,0,0,0
31.5,58.2,2216,4095,0,704,0,0,0
31.5,58.2,2312,4095,0,704,0,0,0
31.5,58.1,2293,4095,0,704,0,0,0
31.5,58.1,2370,4095,0,704,0,0,0
31.5,58.1,2203,4095,0,711,0,0,0
31.5,58.1,2338,4095,0,706,0,0,0
31.5,58.1,2318,4095,0,702,0,0,0
31.5,58.1,2352,4095,0,704,0,0,0
31.5,58.1,2210,4095,0,712,0,0,0
31.5,58.1,2358,4095,0,708,0,0,0
31.5,58.1,2338,4095,0,709,0,0,0
31.5,58.1,2327,4095,0,710,0,0,0
31.5,58.1,2224,4095,0,706,0,0,0
31.5,58.1,2382,4095,0,717,0,0,0
31.5,58.1,2367,4095,0,705,0,0,0
31.5,58.1,2295,4095,0,705,0,0,0
31.5,58.1,2240,4095,0,707,0,0,0
31.5,58.1,2385,4095,0,712,0,0,0
31.5,58.2,2377,4095,0,715,0,0,0
31.5,58.2,2259,4095,0,704,0,0,0
31.5,58.2,2253,4095,0,710,0,0,0
31.5,58.2,2368,4095,0,701,0,0,0
31.5,58.3,2368,4095,0,704,0,0,0
31.5,58.3,2219,4095,0,709,0,0,0
31.5,58.3,2268,4095,0,709,0,0,0
31.5,58.3,2361,4095,0,704,0,0,0
31.5,58.3,2365,4095,0,713,0,0,0
31.5,58.3,2199,4095,0,713,0,0,0
31.5,58.3,2293,4095,0,704,0,0,0
31.5,58.3,2343,4095,0,706,0,0,0
31.5,58.4,2352,4095,0,702,0,0,0
31.5,58.4,2185,4095,0,693,0,0,0
31.5,58.4,2311,4095,0,698,0,0,0
31.5,58.4,2320,4095,0,705,0,0,0
31.5,58.4,2348,4095,0,709,0,0,0
31.5,58.4,2190,4095,0,704,0,0,0
31.5,58.4,2320,4095,0,707,0,0,0
31.5,58.4,2309,4095,0,707,0,0,0
31.5,58.4,2330,4095,0,709,0,0,0
31.5,58.4,2189,4095,0,701,0,0,0
31.5,58.4,2341,4095,0,713,0,0,0
31.5,58.4,2299,4095,0,705,0,0,0
31.5,58.4,2322,4095,0,707,0,0,0
31.5,58.4,2192,4095,0,705,0,0,0
31.5,58.4,2349,4095,0,703,0,0,0
31.5,58.4,2295,4095,0,698,0,0,0
31.5,58.5,2320,4095,0,708,0,0,0
31.5,58.5,2210,4095,0,698,0,0,0
31.5,58.5,2358,4095,0,707,0,0,0
31.5,58.5,2286,4095,0,703,0,0,0
31.5,58.5,2309,4095,0,710,0,0,0
31.5,58.5,2195,4095,0,705,0,0,0
31.5,58.5,2361,4095,0,703,0,0,0
31.5,58.5,2285,4095,0,706,0,0,0
31.5,58.5,2311,4095,0,703,0,0,0
31.5,58.5,2205,4095,0,703,0,0,0
31.5,58.5,2364,4095,0,699,0,0,0
31.5,58.5,2308,4095,0,705,0,0,0
31.5,58.5,2320,4095,0,698,0,0,0
31.5,58.5,2203,4095,0,722,0,0,0
31.5,58.5,2356,4095,0,701,0,0,0
31.5,58.5,2297,4095,0,694,0,0,0
31.5,58.5,2322,4095,0,705,0,0,0
31.5,58.5,2198,4095,0,707,0,0,0
31.5,58.5,2342,4095,0,706,0,0,0
31.5,58.5,2304,4095,0,709,0,0,0
31.5,58.5,2324,4095,0,709,0,0,0
31.5,58.5,2191,4095,0,709,0,0,0
31.5,58.5,2336,4095,0,707,0,0,0
31.5,58.5,2315,4095,0,705,0,0,0
31.5,58.4,2347,4095,0,698,0,0,0
31.5,58.4,2192,4095,0,701,0,0,0
31.5,58.4,2320,4095,0,698,0,0,0
31.5,58.4,2320,4095,0,693,0,0,0
31.5,58.4,2352,4095,0,706,0,0,0
31.5,58.4,2192,4095,0,699,0,0,0
31.5,58.4,2311,4095,0,700,0,0,0
31.5,58.4,2339,4095,0,705,0,0,0
31.5,58.4,2358,4095,0,710,0,0,0
31.5,58.4,2203,4095,0,701,0,0,0
31.5,58.4,2314,4095,0,702,0,0,0
31.5,58.4,2358,4095,0,697,0,0,0
31.5,58.4,2379,4095,0,704,0,0,0
31.5,58.4,2203,4095,0,704,0,0,0
31.5,58.4,2291,4095,0,699,0,0,0
31.5,58.4,2352,4095,0,704,0,0,0
31.5,58.4,2366,4095,0,706,0,0,0
31.5,58.4,2206,4095,0,703,0,0,0
31.5,58.4,2279,4095,0,703,0,0,0
31.5,58.4,2357,4095,0,704,0,0,0
31.5,58.4,2365,4095,0,703,0,0,0
31.5,58.4,2207,4095,0,704,0,0,0
31.5,58.4,2260,4095,0,704,0,0,0
31.5,58.4,2358,4095,0,710,0,0,0
31.5,58.4,2368,4095,0,705,0,0,0
31.5,58.4,2218,4095,0,711,0,0,0
31.5,58.4,2267,4095,0,694,0,0,0
31.5,58.4,2369,4095,0,701,0,0,0
31.5,58.4,2373,4095,0,700,0,0,0
31.5,58.4,2221,4095,0,701,0,0,0
31.5,58.4,2259,4095,0,704,0,0,0
31.5,58.4,2363,4095,0,703,0,0,0
31.5,58.4,2374,4095,0,701,0,0,0
31.5,58.4,2225,4095,0,721,0,0,0
31.5,58.4,2261,4095,0,702,0,0,0
31.5,58.4,2363,4095,0,709,0,0,0
31.5,58.3,2371,4095,0,703,0,0,0
31.5,58.3,2225,4095,0,697,0,0,0
31.5,58.3,2257,4095,0,702,0,0,0
31.5,58.3,2369,4095,0,699,0,0,0
31.5,58.3,2371,4095,0,702,0,0,0
31.5,58.3,2229,4095,0,702,0,0,0
31.5,58.3,2251,4095,0,704,0,0,0
31.5,58.3,2363,4095,0,706,0,0,0
31.5,58.1,2371,4095,0,695,0,0,0
31.5,58.1,2234,4095,0,705,0,0,0
31.5,58.1,2256,4095,0,705,0,0,0
31.5,58.1,2371,4095,0,701,0,0,0
31.5,58.1,2369,4095,0,703,0,0,0
31.5,58.1,2239,4095,0,699,0,0,0
31.5,58.1,2251,4095,0,699,0,0,0
31.5,58.1,2373,4095,0,704,0,0,0
31.5,58.2,2368,4095,0,706,0,0,0
31.5,58.2,2243,4095,0,703,0,0,0
31.5,58.2,2244,4095,0,691,0,0,0
31.5,58.2,2375,4095,0,698,0,0,0
31.6,58.3,2365,4095,0,691,0,0,0
31.6,58.3,2243,4095,0,643,0,0,0
31.6,58.3,2239,4095,0,702,0,0,0
31.6,58.3,2369,4095,0,704,0,0,0
31.5,58.3,2367,4095,0,704,0,0,0
31.5,58.3,2245,4095,0,691,0,0,0
31.5,58.3,2234,4095,0,710,0,0,0
31.5,58.3,2363,4095,0,698,0,0,0
31.5,58.3,2365,4095,0,702,0,0,0
31.5,58.3,2254,4095,0,704,0,0,0
31.5,58.3,2238,4095,0,694,0,0,0
31.5,58.3,2384,4095,0,707,0,0,0
31.5,58.2,2363,4095,0,704,0,0,0
31.5,58.2,2261,4095,0,698,0,0,0
31.5,58.2,2227,4095,0,702,0,0,0
31.5,58.2,2378,4095,0,683,0,0,0
31.5,58.3,2368,4095,0,702,0,0,0
31.5,58.3,2271,4095,0,705,0,0,0
31.5,58.3,2226,4095,0,703,0,0,0
31.5,58.3,2373,4095,0,699,0,0,0
31.5,58.3,2361,4095,0,704,0,0,0
31.5,58.3,2263,4095,0,699,0,0,0
31.5,58.3,2226,4095,0,702,0,0,0
31.5,58.3,2373,4095,0,698,0,0,0
31.5,58.4,2355,4095,0,718,0,0,0
31.5,58.4,2271,4095,0,701,0,0,0
31.5,58.4,2222,4095,0,701,0,0,0
31.5,58.4,2361,4095,0,692,0,0,0
31.5,58.4,2340,4095,0,704,0,0,0
31.5,58.4,2265,4095,0,698,0,0,0
31.5,58.4,2217,4095,0,695,0,0,0
31.5,58.4,2365,4095,0,697,0,0,0
31.5,58.3,2348,4095,0,704,0,0,0
31.5,58.3,2301,4095,0,701,0,0,0
31.5,58.3,2209,4095,0,698,0,0,0
31.5,58.3,2373,4095,0,703,0,0,0
31.5,58.2,2326,4095,0,631,0,0,0
31.5,58.2,2317,4095,0,705,0,0,0
31.5,58.2,2192,4095,0,693,0,0,0
31.5,58.2,2340,4095,0,702,0,0,0
31.5,58.1,2316,4095,0,691,0,0,0
31.5,58.1,2329,4095,0,703,0,0,0
31.5,58.1,2192,4095,0,701,0,0,0
31.5,58.1,2334,4095,0,693,0,0,0
31.5,58.1,2304,4095,0,702,0,0,0
31.5,58.1,2347,4095,0,701,0,0,0
31.5,58.1,2192,4095,0,690,0,0,0
31.5,58.1,2317,4095,0,691,0,0,0
31.5,58.2,2269,4095,0,702,0,0,0
31.5,58.2,2355,4095,0,698,0,0,0
31.5,58.2,2195,4095,0,695,0,0,0
31.5,58.2,2297,4095,0,704,0,0,0
31.5,58.1,2257,4095,0,704,0,0,0
31.5,58.1,2370,4095,0,699,0,0,0
31.5,58.1,2209,4095,0,693,0,0,0
31.5,58.1,2275,4095,0,699,0,0,0
31.5,58.1,2236,4095,0,702,0,0,0
31.5,58.1,2373,4095,0,702,0,0,0
31.5,58.1,2242,4095,0,691,0,0,0
31.5,58.1,2240,4095,0,704,0,0,0
31.5,58.0,2202,4095,0,701,0,0,0
31.5,58.0,2359,4095,0,689,0,0,0
31.5,58.0,2287,4095,0,691,0,0,0
31.5,58.0,2209,4095,0,695,0,0,0
31.5,58.0,2191,4095,0,700,0,0,0
31.5,58.0,2325,4095,0,694,0,0,0
31.5,58.0,2325,4095,0,704,0,0,0
31.5,58.0,2189,4095,0,697,0,0,0
31.5,58.1,2192,4095,0,699,0,0,0
31.5,58.1,2276,4095,0,689,0,0,0
31.5,58.1,2367,4095,0,693,0,0,0
31.5,58.1,2208,4095,0,699,0,0,0
31.5,58.2,2246,4095,0,698,0,0,0
31.5,58.2,2233,4095,0,699,0,0,0
31.5,58.2,2368,4095,0,698,0,0,0
31.5,58.2,2257,4095,0,683,0,0,0
31.5,58.2,2307,4095,0,701,0,0,0
31.5,58.2,2176,4095,0,699,0,0,0
31.5,58.2,2341,4095,0,731,0,0,0
31.5,58.2,2319,4095,0,698,0,0,0
31.5,58.3,2351,4095,0,695,0,0,0
31.5,58.3,2293,4095,0,699,0,0,0
31.5,58.3,2349,4095,0,695,0,0,0
31.5,58.4,2371,4095,0,704,0,0,0
31.5,58.4,2214,4095,0,704,0,0,0
31.5,58.4,2279,4095,0,695,0,0,0
31.5,58.4,2373,4095,0,693,0,0,0
31.6,58.4,2373,4095,0,702,0,0,0
31.6,58.4,2249,4095,0,699,0,0,0
31.6,58.4,2240,4095,0,681,0,0,0
31.6,58.4,2376,4095,0,700,0,0,0
31.5,58.4,2358,4095,0,695,0,0,0
31.5,58.4,2288,4095,0,705,0,0,0
31.5,58.4,2209,4095,0,698,0,0,0
31.5,58.4,2352,4095,0,696,0,0,0
31.5,58.4,2320,4095,0,701,0,0,0
31.5,58.4,2325,4095,0,691,0,0,0
31.5,58.4,2209,4095,0,697,0,0,0
31.5,58.4,2323,4095,0,704,0,0,0
31.5,58.4,2282,4095,0,699,0,0,0
31.5,58.4,2365,4095,0,694,0,0,0
31.5,58.4,2195,4095,0,694,0,0,0
31.5,58.4,2278,4095,0,695,0,0,0
31.5,58.4,2244,4095,0,697,0,0,0
31.5,58.4,2382,4095,0,690,0,0,0
31.5,58.4,2262,4095,0,697,0,0,0
31.5,58.4,2243,4095,0,692,0,0,0
31.5,58.3,2217,4095,0,689,0,0,0
31.5,58.3,2363,4095,0,703,0,0,0
31.5,58.3,2319,4095,0,698,0,0,0
31.5,58.3,2211,4095,0,704,0,0,0
31.5,58.2,2196,4095,0,701,0,0,0
31.5,58.2,2320,4095,0,688,0,0,0
31.5,58.2,2358,4095,0,694,0,0,0
31.5,58.2,2203,4095,0,688,0,0,0
31.5,58.2,2225,4095,0,693,0,0,0
31.5,58.2,2282,4095,0,704,0,0,0
31.5,58.2,2379,4095,0,693,0,0,0
31.5,58.2,2225,4095,0,688,0,0,0
31.5,58.1,2273,4095,0,697,0,0,0
31.5,58.1,2221,4095,0,689,0,0,0
31.5,58.1,2362,4095,0,691,0,0,0
31.5,58.1,2281,4095,0,688,0,0,0
31.5,58.2,2334,4095,0,698,0,0,0
31.5,58.2,2194,4095,0,693,0,0,0
31.5,58.2,2327,4095,0,692,0,0,0
31.5,58.2,2351,4095,0,691,0,0,0
31.5,58.2,2378,4095,0,694,0,0,0
31.5,58.2,2221,4095,0,699,0,0,0
31.5,58.2,2267,4095,0,704,0,0,0
31.5,58.2,2383,4095,0,694,0,0,0
31.5,58.2,2370,4095,0,702,0,0,0
31.5,58.2,2288,4095,0,701,0,0,0
31.5,58.2,2210,4095,0,695,0,0,0
31.5,58.2,2354,4095,0,688,0,0,0
31.5,58.3,2312,4095,0,701,0,0,0
31.5,58.3,2359,4095,0,688,0,0,0
31.5,58.3,2206,4095,0,688,0,0,0
31.5,58.3,2294,4095,0,694,0,0,0
31.5,58.3,2251,4095,0,688,0,0,0
31.5,58.3,2384,4095,0,699,0,0,0
31.5,58.3,2273,4095,0,688,0,0,0
31.5,58.3,2221,4095,0,699,0,0,0
31.5,58.3,2207,4095,0,695,0,0,0
31.5,58.3,2339,4095,0,691,0,0,0
31.5,58.3,2351,4095,0,698,0,0,0
31.5,58.3,2207,4095,0,687,0,0,0
31.5,58.4,2227,4095,0,695,0,0,0
31.5,58.4,2277,4095,0,688,0,0,0
31.5,58.4,2389,4095,0,703,0,0,0
31.5,58.4,2252,4095,0,694,0,0,0
31.5,58.4,2301,4095,0,688,0,0,0
31.5,58.4,2223,4095,0,700,0,0,0
31.5,58.4,2366,4095,0,694,0,0,0
31.5,58.4,2335,4095,0,698,0,0,0
31.5,58.4,2363,4095,0,674,0,0,0
31.5,58.4,2206,4095,0,692,0,0,0
31.5,58.4,2302,4095,0,688,0,0,0
31.5,58.4,2381,4095,0,688,0,0,0
31.5,58.3,2385,4095,0,691,0,0,0
31.5,58.3,2273,4095,0,693,0,0,0
31.5,58.3,2229,4095,0,687,0,0,0
31.5,58.3,2369,4095,0,694,0,0,0
31.5,58.2,2315,4095,0,689,0,0,0
31.5,58.2,2353,4095,0,688,0,0,0
31.5,58.2,2209,4095,0,694,0,0,0
31.5,58.2,2300,4095,0,697,0,0,0
31.5,58.2,2249,4095,0,690,0,0,0
31.5,58.2,2384,4095,0,690,0,0,0
31.5,58.2,2287,4095,0,688,0,0,0
31.5,58.2,2221,4095,0,684,0,0,0
31.5,58.3,2199,4095,0,697,0,0,0
31.5,58.3,2320,4095,0,687,0,0,0
31.5,58.3,2362,4095,0,688,0,0,0
31.5,58.3,2203,4095,0,691,0,0,0
31.5,58.3,2248,4095,0,689,0,0,0
31.5,58.3,2224,4095,0,623,0,0,0
31.5,58.3,2367,4095,0,691,0,0,0
31.5,58.3,2293,4095,0,699,0,0,0
31.5,58.4,2343,4095,0,688,0,0,0
31.5,58.4,2191,4095,0,691,0,0,0
31.5,58.4,2275,4095,0,690,0,0,0
31.5,58.4,2370,4095,0,773,0,0,0
31.5,58.4,2353,4095,0,692,0,0,0
31.5,58.4,2288,4095,0,693,0,0,0
31.5,58.4,2196,4095,0,667,0,0,0
31.5,58.4,2325,4095,0,693,0,0,0
31.5,58.4,2271,4095,0,686,0,0,0
31.5,58.4,2374,4095,0,688,0,0,0
31.5,58.4,2227,4095,0,689,0,0,0
31.5,58.4,2225,4095,0,698,0,0,0
31.5,58.3,2195,4095,0,690,0,0,0
31.5,58.3,2323,4095,0,688,0,0,0
31.5,58.3,2352,4095,0,693,0,0,0
31.5,58.3,2201,4095,0,688,0,0,0
31.5,58.2,2256,4095,0,694,0,0,0
31.5,58.2,2222,4095,0,685,0,0,0
31.5,58.2,2351,4095,0,688,0,0,0
31.5,58.2,2305,4095,0,687,0,0,0
31.5,58.1,2346,4095,0,688,0,0,0
31.5,58.1,2199,4095,0,694,0,0,0
31.5,58.1,2233,4095,0,685,0,0,0
31.5,58.1,2380,4095,0,690,0,0,0
31.5,58.0,2350,4095,0,693,0,0,0
31.5,58.0,2314,4095,0,683,0,0,0
31.5,58.0,2195,4095,0,689,0,0,0
31.5,58.0,2318,4095,0,687,0,0,0
31.5,58.0,2262,4095,0,688,0,0,0
31.5,58.0,2379,4095,0,688,0,0,0
31.5,58.0,2241,4095,0,685,0,0,0
31.5,58.0,2238,4095,0,690,0,0,0
31.5,58.0,2204,4095,0,688,0,0,0
31.5,58.0,2353,4095,0,700,0,0,0
31.5,58.0,2318,4095,0,688,0,0,0
31.5,58.0,2195,4095,0,695,0,0,0
31.5,58.0,2196,4095,0,688,0,0,0
31.5,58.0,2292,4095,0,689,0,0,0
31.5,58.0,2361,4095,0,686,0,0,0
31.5,58.0,2201,4095,0,686,0,0,0
31.5,58.0,2242,4095,0,679,0,0,0
31.5,58.0,2245,4095,0,683,0,0,0
31.5,58.0,2374,4095,0,688,0,0,0
31.5,58.0,2244,4095,0,695,0,0,0
31.5,57.9,2288,4095,0,675,0,0,0
31.5,57.9,2213,4095,0,698,0,0,0
31.5,57.9,2369,4095,0,686,0,0,0
31.5,57.9,2304,4095,0,691,0,0,0
31.5,57.9,2340,4095,0,688,0,0,0
31.5,57.9,2192,4095,0,687,0,0,0
31.5,57.9,2327,4095,0,687,0,0,0
31.5,57.9,2313,4095,0,683,0,0,0
31.5,58.0,2342,4095,0,686,0,0,0
31.5,58.0,2189,4095,0,697,0,0,0
31.5,58.0,2291,4095,0,690,0,0,0
31.5,58.0,2352,4095,0,685,0,0,0
31.5,58.1,2369,4095,0,688,0,0,0
31.5,58.1,2215,4095,0,689,0,0,0
31.5,58.1,2256,4095,0,688,0,0,0
31.5,58.1,2371,4095,0,688,0,0,0
31.5,58.2,2368,4095,0,691,0,0,0
31.5,58.2,2247,4095,0,685,0,0,0
31.5,58.2,2225,4095,0,685,0,0,0
31.5,58.2,2367,4095,0,685,0,0,0
31.5,58.2,2346,4095,0,688,0,0,0
31.5,58.2,2279,4095,0,694,0,0,0
31.5,58.2,2202,4095,0,683,0,0,0
31.5,58.2,2358,4095,0,683,0,0,0
31.5,58.3,2323,4095,0,688,0,0,0
31.5,58.3,2304,4095,0,689,0,0,0
31.5,58.3,2190,4095,0,675,0,0,0
31.5,58.3,2335,4095,0,686,0,0,0
31.5,58.3,2303,4095,0,679,0,0,0
31.5,58.3,2324,4095,0,679,0,0,0
31.5,58.3,2188,4095,0,686,0,0,0
31.5,58.3,2325,4095,0,686,0,0,0
31.5,58.3,2293,4095,0,688,0,0,0
31.5,58.3,2335,4095,0,688,0,0,0
31.5,58.3,2177,4095,0,679,0,0,0
31.5,58.3,2305,4095,0,685,0,0,0
31.5,58.4,2277,4095,0,687,0,0,0
31.5,58.4,2346,4095,0,688,0,0,0
31.5,58.4,2183,4095,0,688,0,0,0
31.5,58.4,2303,4095,0,688,0,0,0
31.5,58.4,2265,4095,0,686,0,0,0
31.5,58.4,2352,4095,0,682,0,0,0
31.5,58.4,2183,4095,0,676,0,0,0
31.5,58.4,2295,4095,0,678,0,0,0
31.5,58.4,2259,4095,0,690,0,0,0
31.5,58.4,2363,4095,0,727,0,0,0
31.5,58.4,2192,4095,0,682,0,0,0
31.5,58.4,2287,4095,0,685,0,0,0
31.5,58.4,2247,4095,0,688,0,0,0
31.5,58.4,2366,4095,0,689,0,0,0
31.5,58.4,2199,4095,0,685,0,0,0
31.5,58.4,2285,4095,0,641,0,0,0
31.5,58.4,2254,4095,0,681,0,0,0
31.5,58.4,2369,4095,0,684,0,0,0
31.5,58.4,2207,4095,0,685,0,0,0
31.5,58.4,2283,4095,0,682,0,0,0
31.5,58.4,2247,4095,0,685,0,0,0
31.5,58.4,2368,4095,0,681,0,0,0
31.5,58.4,2211,4095,0,679,0,0,0
31.5,58.4,2268,4095,0,689,0,0,0
31.5,58.3,2245,4095,0,688,0,0,0
31.5,58.3,2391,4095,0,682,0,0,0
31.5,58.3,2241,4095,0,678,0,0,0
31.5,58.3,2274,4095,0,674,0,0,0
31.5,58.2,2234,4095,0,685,0,0,0
31.5,58.2,2385,4095,0,682,0,0,0
31.5,58.2,2250,4095,0,719,0,0,0
31.5,58.2,2259,4095,0,676,0,0,0
31.5,58.1,2229,4095,0,681,0,0,0
31.5,58.1,2385,4095,0,755,0,0,0
31.5,58.1,2262,4095,0,683,0,0,0
31.5,58.1,2253,4095,0,679,0,0,0
31.5,58.0,2226,4095,0,686,0,0,0
31.5,58.0,2381,4095,0,688,0,0,0
31.5,58.0,2250,4095,0,688,0,0,0
31.5,58.0,2240,4095,0,685,0,0,0
31.5,58.0,2212,4095,0,687,0,0,0
31.5,58.0,2383,4095,0,679,0,0,0
31.5,58.0,2274,4095,0,666,0,0,0
31.5,58.0,2237,4095,0,681,0,0,0
31.5,58.0,2209,4095,0,685,0,0,0
31.5,58.0,2374,4095,0,691,0,0,0
31.5,58.0,2281,4095,0,677,0,0,0
31.5,58.0,2233,4095,0,678,0,0,0
31.5,58.0,2205,4095,0,685,0,0,0
31.5,58.0,2375,4095,0,679,0,0,0
31.5,58.0,2277,4095,0,682,0,0,0
31.5,58.0,2223,4095,0,685,0,0,0
31.5,58.0,2198,4095,0,688,0,0,0
31.5,58.0,2369,4095,0,685,0,0,0
31.5,58.0,2283,4095,0,685,0,0,0
31.5,58.0,2239,4095,0,682,0,0,0
31.5,58.0,2220,4095,0,679,0,0,0
31.5,58.0,2382,4095,0,679,0,0,0
31.5,58.0,2290,4095,0,678,0,0,0
31.5,58.0,2240,4095,0,685,0,0,0
31.5,58.1,2215,4095,0,683,0,0,0
31.5,58.1,2375,4095,0,682,0,0,0
31.5,58.1,2284,4095,0,677,0,0,0
31.5,58.1,2240,4095,0,677,0,0,0
31.5,58.1,2215,4095,0,626,0,0,0
31.5,58.1,2373,4095,0,678,0,0,0
31.5,58.1,2266,4095,0,682,0,0,0
31.5,58.1,2239,4095,0,666,0,0,0
31.5,58.1,2212,4095,0,682,0,0,0
31.5,58.1,2375,4095,0,688,0,0,0
31.5,58.1,2255,4095,0,687,0,0,0
31.5,58.1,2238,4095,0,679,0,0,0
31.4,58.2,2221,4095,0,685,0,0,0
31.4,58.2,2379,4095,0,684,0,0,0
31.4,58.2,2244,4095,0,678,0,0,0
31.4,58.2,2273,4095,0,669,0,0,0
31.5,58.2,2243,4095,0,651,0,0,0
31.5,58.2,2384,4095,0,688,0,0,0
31.5,58.2,2224,4095,0,683,0,0,0
31.5,58.2,2276,4095,0,688,0,0,0
31.5,58.3,2259,4095,0,678,0,0,0
31.5,58.3,2394,4095,0,682,0,0,0
31.5,58.3,2226,4095,0,683,0,0,0
31.5,58.3,2301,4095,0,688,0,0,0
31.5,58.3,2262,4095,0,686,0,0,0
31.5,58.3,2368,4095,0,678,0,0,0
31.5,58.3,2196,4095,0,687,0,0,0
31.5,58.3,2303,4095,0,697,0,0,0
31.5,58.4,2288,4095,0,674,0,0,0
31.5,58.4,2377,4095,0,682,0,0,0
31.5,58.4,2210,4095,0,683,0,0,0
31.5,58.4,2336,4095,0,677,0,0,0
31.5,58.4,2309,4095,0,676,0,0,0
31.5,58.4,2362,4095,0,679,0,0,0
31.5,58.4,2195,4095,0,687,0,0,0
31.5,58.4,2337,4095,0,678,0,0,0
31.5,58.5,2334,4095,0,687,0,0,0
31.5,58.5,2352,4095,0,681,0,0,0
31.5,58.5,2214,4095,0,679,0,0,0
31.5,58.5,2367,4095,0,679,0,0,0
31.4,58.5,2347,4095,0,693,0,0,0
31.4,58.5,2333,4095,0,678,0,0,0
31.4,58.5,2224,4095,0,684,0,0,0
31.4,58.5,2383,4095,0,685,0,0,0
31.5,58.5,2363,4095,0,675,0,0,0
31.5,58.5,2320,4095,0,675,0,0,0
31.5,58.5,2215,4095,0,683,0,0,0
31.5,58.5,2386,4095,0,683,0,0,0
31.5,58.5,2352,4095,0,687,0,0,0
31.5,58.5,2290,4095,0,682,0,0,0
31.5,58.5,2211,4095,0,675,0,0,0
31.5,58.5,2370,4095,0,678,0,0,0
31.5,58.5,2352,4095,0,677,0,0,0
31.5,58.5,2303,4095,0,684,0,0,0
31.5,58.5,2224,4095,0,677,0,0,0
31.5,58.5,2371,4095,0,677,0,0,0
31.5,58.5,2364,4095,0,687,0,0,0
31.5,58.5,2311,4095,0,681,0,0,0
31.5,58.5,2233,4095,0,675,0,0,0
31.5,58.5,2386,4095,0,674,0,0,0
31.5,58.5,2367,4095,0,675,0,0,0
31.5,58.5,2308,4095,0,673,0,0,0
31.5,58.5,2226,4095,0,673,0,0,0
31.5,58.5,2388,4095,0,674,0,0,0
31.4,58.4,2366,4095,0,682,0,0,0
31.4,58.4,2301,4095,0,677,0,0,0
31.4,58.4,2234,4095,0,660,0,0,0
31.4,58.4,2384,4095,0,672,0,0,0
31.5,58.3,2378,4095,0,677,0,0,0
31.5,58.3,2288,4095,0,649,0,0,0
31.5,58.3,2248,4095,0,673,0,0,0
31.5,58.3,2395,4095,0,676,0,0,0
31.5,58.2,2384,4095,0,671,0,0,0
31.5,58.2,2274,4095,0,675,0,0,0
31.5,58.2,2255,4095,0,679,0,0,0
31.5,58.2,2384,4095,0,675,0,0,0
31.5,58.2,2388,4095,0,677,0,0,0
31.5,58.2,2259,4095,0,678,0,0,0
31.5,58.2,2268,4095,0,672,0,0,0
31.5,58.2,2394,4095,0,679,0,0,0
31.5,58.3,2393,4095,0,681,0,0,0
31.5,58.3,2243,4095,0,666,0,0,0
31.5,58.3,2276,4095,0,682,0,0,0
31.5,58.3,2384,4095,0,674,0,0,0
31.5,58.4,2387,4095,0,678,0,0,0
31.5,58.4,2228,4095,0,680,0,0,0
31.5,58.4,2293,4095,0,675,0,0,0
31.5,58.4,2379,4095,0,699,0,0,0
31.4,58.4,2385,4095,0,675,0,0,0
31.4,58.4,2218,4095,0,675,0,0,0
31.4,58.4,2301,4095,0,673,0,0,0
31.4,58.4,2368,4095,0,677,0,0,0
31.5,58.4,2385,4095,0,687,0,0,0
31.5,58.4,2207,4095,0,674,0,0,0
31.5,58.4,2314,4095,0,676,0,0,0
31.5,58.4,2354,4095,0,677,0,0,0
31.4,58.3,2366,4095,0,672,0,0,0
31.4,58.3,2192,4095,0,679,0,0,0
31.4,58.3,2325,4095,0,695,0,0,0
31.4,58.3,2349,4095,0,673,0,0,0
31.5,58.3,2368,4095,0,677,0,0,0
31.5,58.3,2206,4095,0,684,0,0,0
31.5,58.3,2338,4095,0,689,0,0,0
31.5,58.3,2335,4095,0,681,0,0,0
31.5,58.3,2363,4095,0,677,0,0,0
31.5,58.3,2205,4095,0,674,0,0,0
31.5,58.3,2343,4095,0,675,0,0,0
31.5,58.3,2338,4095,0,673,0,0,0
31.5,58.3,2365,4095,0,687,0,0,0
31.5,58.3,2201,4095,0,674,0,0,0
31.5,58.3,2339,4095,0,674,0,0,0
31.5,58.3,2339,4095,0,676,0,0,0
31.4,58.2,2365,4095,0,677,0,0,0
31.4,58.2,2197,4095,0,681,0,0,0
31.4,58.2,2335,4095,0,668,0,0,0
31.4,58.2,2337,4095,0,670,0,0,0
31.5,58.3,2352,4095,0,679,0,0,0
31.5,58.3,2195,4095,0,678,0,0,0
31.5,58.3,2347,4095,0,672,0,0,0
31.5,58.3,2337,4095,0,679,0,0,0
31.4,58.3,2363,4095,0,681,0,0,0
31.4,58.3,2203,4095,0,677,0,0,0
31.4,58.3,2340,4095,0,674,0,0,0
31.4,58.3,2332,4095,0,677,0,0,0
31.5,58.4,2346,4095,0,674,0,0,0
31.5,58.4,2203,4095,0,677,0,0,0
31.5,58.4,2338,4095,0,668,0,0,0
31.5,58.4,2327,4095,0,673,0,0,0
31.5,58.5,2345,4095,0,675,0,0,0
31.5,58.5,2195,4095,0,670,0,0,0
31.5,58.5,2335,4095,0,681,0,0,0
31.5,58.5,2334,4095,0,675,0,0,0
31.5,58.5,2356,4095,0,685,0,0,0
31.5,58.5,2197,4095,0,684,0,0,0
31.5,58.5,2322,4095,0,672,0,0,0
31.5,58.5,2333,4095,0,672,0,0,0
31.5,58.5,2352,4095,0,683,0,0,0
31.5,58.5,2180,4095,0,672,0,0,0
31.5,58.5,2304,4095,0,678,0,0,0
31.5,58.5,2346,4095,0,673,0,0,0
31.5,58.6,2369,4095,0,649,0,0,0
31.5,58.6,2197,4095,0,673,0,0,0
31.5,58.6,2288,4095,0,673,0,0,0
31.5,58.6,2358,4095,0,676,0,0,0
31.4,58.6,2374,4095,0,687,0,0,0
31.4,58.6,2214,4095,0,679,0,0,0
31.4,58.6,2267,4095,0,672,0,0,0
31.4,58.6,2368,4095,0,677,0,0,0
31.5,58.6,2371,4095,0,675,0,0,0
31.5,58.6,2238,4095,0,673,0,0,0
31.5,58.6,2241,4095,0,684,0,0,0
31.5,58.6,2375,4095,0,677,0,0,0
31.4,58.6,2368,4095,0,688,0,0,0
31.4,58.6,2267,4095,0,676,0,0,0
31.4,58.6,2222,4095,0,678,0,0,0
31.4,58.6,2368,4095,0,679,0,0,0
31.5,58.6,2345,4095,0,681,0,0,0
31.5,58.6,2291,4095,0,677,0,0,0
31.5,58.6,2202,4095,0,675,0,0,0
31.5,58.6,2353,4095,0,678,0,0,0
31.4,58.6,2330,4095,0,677,0,0,0
31.4,58.6,2345,4095,0,673,0,0,0
31.4,58.6,2197,4095,0,678,0,0,0
31.4,58.6,2331,4095,0,679,0,0,0
31.4,58.6,2294,4095,0,681,0,0,0
31.4,58.6,2353,4095,0,678,0,0,0
31.4,58.6,2192,4095,0,681,0,0,0
31.4,58.6,2303,4095,0,677,0,0,0
31.5,58.6,2266,4095,0,673,0,0,0
31.5,58.6,2367,4095,0,673,0,0,0
31.5,58.6,2205,4095,0,673,0,0,0
31.5,58.6,2270,4095,0,677,0,0,0
31.5,58.7,2239,4095,0,673,0,0,0
31.5,58.7,2368,4095,0,675,0,0,0
31.5,58.7,2226,4095,0,679,0,0,0
31.5,58.7,2240,4095,0,679,0,0,0
31.5,58.6,2208,4095,0,681,0,0,0
31.5,58.6,2363,4095,0,682,0,0,0
31.5,58.6,2251,4095,0,680,0,0,0
31.5,58.6,2211,4095,0,668,0,0,0
31.5,58.6,2191,4095,0,679,0,0,0
31.5,58.6,2349,4095,0,663,0,0,0
31.5,58.6,2288,4095,0,682,0,0,0
31.5,58.6,2195,4095,0,677,0,0,0
31.5,58.5,2203,4095,0,671,0,0,0
31.5,58.5,2325,4095,0,677,0,0,0
31.5,58.5,2313,4095,0,678,0,0,0
31.5,58.5,2187,4095,0,670,0,0,0
31.5,58.5,2162,4095,0,677,0,0,0
31.5,58.5,2304,4095,0,671,0,0,0
31.5,58.5,2331,4095,0,679,0,0,0
31.5,58.5,2179,4095,0,666,0,0,0
31.5,58.4,2192,4095,0,681,0,0,0
31.5,58.4,2282,4095,0,667,0,0,0
31.5,58.4,2352,4095,0,678,0,0,0
31.5,58.4,2189,4095,0,674,0,0,0
31.4,58.4,2213,4095,0,679,0,0,0
31.4,58.4,2261,4095,0,667,0,0,0
31.4,58.4,2355,4095,0,671,0,0,0
31.4,58.4,2195,4095,0,673,0,0,0
31.5,58.3,2224,4095,0,672,0,0,0
31.5,58.3,2246,4095,0,672,0,0,0
31.5,58.3,2367,4095,0,672,0,0,0
31.5,58.3,2219,4095,0,672,0,0,0
31.5,58.3,2246,4095,0,671,0,0,0
31.5,58.3,2229,4095,0,679,0,0,0
31.5,58.3,2371,4095,0,670,0,0,0
31.5,58.3,2241,4095,0,674,0,0,0
31.4,58.4,2282,4095,0,675,0,0,0
31.4,58.4,2215,4095,0,663,0,0,0
31.4,58.4,2363,4095,0,677,0,0,0
31.4,58.4,2256,4095,0,674,0,0,0
31.4,58.5,2299,4095,0,679,0,0,0
31.4,58.5,2215,4095,0,674,0,0,0
31.4,58.5,2366,4095,0,667,0,0,0
31.4,58.5,2275,4095,0,685,0,0,0
31.4,58.5,2315,4095,0,675,0,0,0
31.4,58.5,2201,4095,0,677,0,0,0
31.4,58.5,2353,4095,0,670,0,0,0
31.4,58.5,2289,4095,0,674,0,0,0
31.4,58.6,2331,4095,0,684,0,0,0
31.4,58.6,2192,4095,0,673,0,0,0
31.4,58.6,2339,4095,0,677,0,0,0
31.4,58.6,2307,4095,0,674,0,0,0
31.4,58.6,2325,4095,0,674,0,0,0
31.4,58.6,2192,4095,0,634,0,0,0
31.4,58.6,2331,4095,0,671,0,0,0
31.4,58.6,2332,4095,0,573,0,0,0
31.4,58.6,2355,4095,0,672,0,0,0
31.4,58.6,2193,4095,0,671,0,0,0
31.4,58.6,2318,4095,0,663,0,0,0
31.4,58.6,2333,4095,0,674,0,0,0
31.5,58.6,2355,4095,0,679,0,0,0
31.5,58.6,2192,4095,0,671,0,0,0
31.5,58.6,2317,4095,0,667,0,0,0
31.5,58.6,2331,4095,0,671,0,0,0
31.4,58.6,2352,4095,0,667,0,0,0
31.4,58.6,2191,4095,0,672,0,0,0
31.4,58.6,2320,4095,0,666,0,0,0
31.4,58.6,2319,4095,0,671,0,0,0
31.4,58.5,2349,4095,0,669,0,0,0
31.4,58.5,2189,4095,0,667,0,0,0
31.4,58.5,2321,4095,0,661,0,0,0
31.4,58.5,2318,4095,0,666,0,0,0
31.5,58.4,2340,4095,0,675,0,0,0
31.5,58.4,2187,4095,0,672,0,0,0
31.5,58.4,2326,4095,0,667,0,0,0
31.5,58.4,2321,4095,0,667,0,0,0
31.5,58.3,2337,4095,0,666,0,0,0
31.5,58.3,2187,4095,0,668,0,0,0
31.5,58.3,2325,4095,0,672,0,0,0
31.5,58.3,2314,4095,0,665,0,0,0
31.4,58.2,2342,4095,0,674,0,0,0
31.4,58.2,2187,4095,0,661,0,0,0
31.4,58.2,2320,4095,0,677,0,0,0
31.4,58.2,2317,4095,0,671,0,0,0
31.4,58.1,2347,4095,0,662,0,0,0
31.4,58.1,2186,4095,0,666,0,0,0
31.4,58.1,2309,4095,0,663,0,0,0
31.4,58.1,2327,4095,0,667,0,0,0
31.4,58.1,2347,4095,0,673,0,0,0
31.4,58.1,2186,4095,0,669,0,0,0
31.4,58.1,2304,4095,0,670,0,0,0
31.4,58.1,2345,4095,0,671,0,0,0
31.5,58.1,2366,4095,0,689,0,0,0
31.5,58.1,2195,4095,0,669,0,0,0
31.5,58.1,2283,4095,0,669,0,0,0
31.5,58.1,2355,4095,0,675,0,0,0
31.4,58.2,2368,4095,0,669,0,0,0
31.4,58.2,2215,4095,0,666,0,0,0
31.4,58.2,2256,4095,0,666,0,0,0
31.4,58.2,2367,4095,0,670,0,0,0
31.4,58.3,2367,4095,0,670,0,0,0
31.4,58.3,2245,4095,0,670,0,0,0
31.4,58.3,2227,4095,0,670,0,0,0
31.4,58.3,2371,4095,0,668,0,0,0
31.4,58.4,2351,4095,0,672,0,0,0
31.4,58.4,2281,4095,0,666,0,0,0
31.4,58.4,2210,4095,0,673,0,0,0
31.4,58.4,2360,4095,0,673,0,0,0
31.4,58.5,2323,4095,0,675,0,0,0
31.4,58.5,2301,4095,0,670,0,0,0
31.4,58.5,2190,4095,0,669,0,0,0
31.4,58.5,2337,4095,0,669,0,0,0
31.4,58.5,2299,4095,0,671,0,0,0
31.4,58.5,2339,4095,0,663,0,0,0
31.4,58.5,2189,4095,0,666,0,0,0
31.4,58.5,2309,4095,0,679,0,0,0
31.4,58.5,2270,4095,0,675,0,0,0
31.4,58.5,2359,4095,0,681,0,0,0
31.4,58.5,2194,4095,0,699,0,0,0
31.4,58.5,2285,4095,0,672,0,0,0
31.4,58.5,2247,4095,0,675,0,0,0
31.4,58.5,2372,4095,0,669,0,0,0
31.4,58.5,2222,4095,0,663,0,0,0
31.4,58.5,2254,4095,0,673,0,0,0
31.4,58.5,2215,4095,0,672,0,0,0
31.4,58.5,2367,4095,0,679,0,0,0
31.4,58.5,2261,4095,0,670,0,0,0
31.4,58.5,2224,4095,0,669,0,0,0
31.4,58.5,2192,4095,0,672,0,0,0
31.4,58.5,2339,4095,0,666,0,0,0
31.4,58.5,2288,4095,0,671,0,0,0
31.4,58.5,2196,4095,0,672,0,0,0
31.4,58.6,2186,4095,0,668,0,0,0
31.4,58.6,2316,4095,0,674,0,0,0
31.4,58.6,2334,4095,0,663,0,0,0
31.4,58.6,2182,4095,0,671,0,0,0
31.4,58.6,2198,4095,0,674,0,0,0
31.4,58.6,2293,4095,0,661,0,0,0
31.4,58.6,2353,4095,0,665,0,0,0
31.4,58.6,2186,4095,0,668,0,0,0
31.4,58.5,2219,4095,0,670,0,0,0
31.4,58.5,2263,4095,0,663,0,0,0
31.4,58.5,2374,4095,0,692,0,0,0
31.4,58.5,2210,4095,0,663,0,0,0
31.5,58.4,2253,4095,0,674,0,0,0
31.5,58.4,2228,4095,0,670,0,0,0
31.5,58.4,2373,4095,0,666,0,0,0
31.5,58.4,2238,4095,0,669,0,0,0
31.4,58.3,2297,4095,0,672,0,0,0
31.4,58.3,2219,4095,0,669,0,0,0
31.4,58.3,2367,4095,0,665,0,0,0
31.4,58.3,2315,4095,0,662,0,0,0
31.4,58.3,2321,4095,0,670,0,0,0
31.4,58.3,2194,4095,0,666,0,0,0
31.4,58.3,2320,4095,0,669,0,0,0
31.4,58.3,2335,4095,0,664,0,0,0
31.4,58.3,2362,4095,0,671,0,0,0
31.4,58.3,2208,4095,0,654,0,0,0
31.4,58.3,2302,4095,0,662,0,0,0
31.4,58.3,2381,4095,0,661,0,0,0
31.4,58.3,2388,4095,0,669,0,0,0
31.4,58.3,2241,4095,0,670,0,0,0
31.4,58.3,2259,4095,0,682,0,0,0
31.4,58.3,2384,4095,0,673,0,0,0
31.4,58.4,2367,4095,0,670,0,0,0
31.4,58.4,2274,4095,0,663,0,0,0
31.4,58.4,2225,4095,0,663,0,0,0
31.4,58.4,2377,4095,0,661,0,0,0
31.4,58.4,2351,4095,0,674,0,0,0
31.4,58.4,2326,4095,0,669,0,0,0
31.4,58.4,2201,4095,0,674,0,0,0
31.4,58.4,2339,4095,0,663,0,0,0
31.4,58.4,2310,4095,0,666,0,0,0
31.4,58.4,2346,4095,0,669,0,0,0
31.4,58.4,2202,4095,0,659,0,0,0
31.4,58.4,2316,4095,0,663,0,0,0
31.4,58.4,2279,4095,0,673,0,0,0
31.4,58.4,2381,4095,0,669,0,0,0
31.4,58.4,2219,4095,0,684,0,0,0
31.4,58.4,2289,4095,0,666,0,0,0
31.4,58.4,2229,4095,0,669,0,0,0
31.4,58.4,2384,4095,0,656,0,0,0
31.4,58.4,2243,4095,0,659,0,0,0
31.4,58.4,2246,4095,0,665,0,0,0
31.4,58.3,2211,4095,0,661,0,0,0
31.4,58.3,2368,4095,0,666,0,0,0
31.4,58.3,2272,4095,0,667,0,0,0
31.4,58.3,2207,4095,0,671,0,0,0
31.4,58.4,2185,4095,0,663,0,0,0
31.4,58.4,2335,4095,0,668,0,0,0
31.4,58.4,2306,4095,0,663,0,0,0
31.4,58.4,2181,4095,0,667,0,0,0
31.4,58.4,2181,4095,0,647,0,0,0
31.4,58.4,2306,4095,0,632,0,0,0
31.4,58.4,2324,4095,0,671,0,0,0
31.4,58.4,2181,4095,0,671,0,0,0
31.4,58.4,2203,4095,0,667,0,0,0
31.4,58.4,2285,4095,0,657,0,0,0
31.4,58.4,2399,4095,0,659,0,0,0
31.4,58.4,2211,4095,0,665,0,0,0
31.4,58.5,2239,4095,0,665,0,0,0
31.4,58.5,2271,4095,0,666,0,0,0
31.4,58.5,2377,4095,0,656,0,0,0
31.4,58.5,2219,4095,0,663,0,0,0
31.4,58.5,2256,4095,0,674,0,0,0
31.4,58.5,2247,4095,0,673,0,0,0
31.4,58.5,2384,4095,0,656,0,0,0
31.4,58.5,2239,4095,0,666,0,0,0
31.5,58.5,2271,4095,0,663,0,0,0
31.5,58.5,2239,4095,0,670,0,0,0
31.5,58.5,2389,4095,0,671,0,0,0
31.5,58.5,2255,4095,0,658,0,0,0
31.4,58.5,2287,4095,0,669,0,0,0
31.4,58.5,2224,4095,0,662,0,0,0
31.4,58.5,2382,4095,0,665,0,0,0
31.4,58.5,2277,4095,0,670,0,0,0
31.4,58.5,2318,4095,0,665,0,0,0
31.4,58.5,2207,4095,0,671,0,0,0
31.4,58.5,2358,4095,0,669,0,0,0
31.4,58.5,2304,4095,0,666,0,0,0
31.4,58.5,2341,4095,0,675,0,0,0
31.4,58.5,2197,4095,0,667,0,0,0
31.4,58.5,2335,4095,0,666,0,0,0
31.4,58.5,2325,4095,0,709,0,0,0
31.4,58.6,2356,4095,0,673,0,0,0
31.4,58.6,2192,4095,0,659,0,0,0
31.4,58.6,2309,4095,0,667,0,0,0
31.4,58.6,2352,4095,0,667,0,0,0
31.4,58.6,2376,4095,0,667,0,0,0
31.4,58.6,2199,4095,0,667,0,0,0
31.4,58.6,2276,4095,0,669,0,0,0
31.4,58.6,2349,4095,0,660,0,0,0
31.4,58.6,2354,4095,0,669,0,0,0
31.4,58.6,2204,4095,0,673,0,0,0
31.4,58.6,2257,4095,0,662,0,0,0
31.4,58.6,2372,4095,0,670,0,0,0
31.4,58.6,2375,4095,0,669,0,0,0
31.4,58.6,2239,4095,0,661,0,0,0
31.4,58.6,2254,4095,0,663,0,0,0
31.4,58.6,2368,4095,0,669,0,0,0
31.4,58.6,2353,4095,0,662,0,0,0
31.4,58.6,2255,4095,0,658,0,0,0
31.4,58.6,2215,4095,0,658,0,0,0
31.4,58.6,2351,4095,0,666,0,0,0
31.4,58.6,2346,4095,0,667,0,0,0
31.4,58.6,2288,4095,0,658,0,0,0
31.4,58.6,2196,4095,0,672,0,0,0
31.4,58.6,2349,4095,0,666,0,0,0
31.4,58.6,2317,4095,0,660,0,0,0
31.4,58.6,2324,4095,0,663,0,0,0
31.4,58.6,2181,4095,0,667,0,0,0
31.4,58.6,2316,4095,0,661,0,0,0
31.5,58.6,2275,4095,0,670,0,0,0
31.5,58.6,2353,4095,0,659,0,0,0
31.5,58.6,2202,4095,0,667,0,0,0
31.5,58.6,2275,4095,0,659,0,0,0
31.5,58.6,2231,4095,0,677,0,0,0
31.5,58.6,2379,4095,0,670,0,0,0
31.5,58.6,2255,4095,0,670,0,0,0
31.5,58.6,2224,4095,0,661,0,0,0
31.4,58.6,2192,4095,0,671,0,0,0
31.4,58.6,2338,4095,0,663,0,0,0
31.4,58.6,2304,4095,0,661,0,0,0
31.4,58.6,2185,4095,0,669,0,0,0
31.4,58.6,2179,4095,0,671,0,0,0
31.4,58.6,2294,4095,0,667,0,0,0
31.4,58.6,2351,4095,0,656,0,0,0
31.4,58.6,2190,4095,0,666,0,0,0
31.4,58.6,2223,4095,0,668,0,0,0
31.4,58.6,2250,4095,0,650,0,0,0
31.4,58.6,2369,4095,0,672,0,0,0
31.4,58.6,2224,4095,0,670,0,0,0
31.5,58.6,2263,4095,0,673,0,0,0
31.5,58.6,2208,4095,0,662,0,0,0
31.5,58.6,2359,4095,0,659,0,0,0
31.5,58.6,2247,4095,0,669,0,0,0
31.5,58.6,2325,4095,0,665,0,0,0
31.5,58.6,2192,4095,0,656,0,0,0
31.5,58.6,2349,4095,0,676,0,0,0
31.5,58.6,2309,4095,0,669,0,0,0
31.4,58.6,2343,4095,0,665,0,0,0
31.4,58.6,2189,4095,0,663,0,0,0
31.4,58.6,2326,4095,0,656,0,0,0
31.4,58.6,2348,4095,0,663,0,0,0
31.5,58.6,2367,4095,0,667,0,0,0
31.5,58.6,2205,4095,0,667,0,0,0
31.5,58.6,2285,4095,0,660,0,0,0
31.5,58.6,2377,4095,0,671,0,0,0
31.5,58.6,2384,4095,0,661,0,0,0
31.5,58.6,2246,4095,0,671,0,0,0
31.5,58.6,2255,4095,0,667,0,0,0
31.5,58.6,2384,4095,0,666,0,0,0
31.4,58.5,2368,4095,0,670,0,0,0
31.4,58.5,2270,4095,0,663,0,0,0
31.4,58.5,2208,4095,0,663,0,0,0
31.4,58.5,2366,4095,0,663,0,0,0
31.5,58.5,2359,4095,0,668,0,0,0
31.5,58.5,2304,4095,0,663,0,0,0
31.5,58.5,2211,4095,0,621,0,0,0
31.5,58.5,2366,4095,0,661,0,0,0
31.5,58.6,2334,4095,0,678,0,0,0
31.5,58.6,2320,4095,0,667,0,0,0
31.5,58.6,2198,4095,0,662,0,0,0
31.5,58.6,2351,4095,0,669,0,0,0
31.5,58.6,2317,4095,0,656,0,0,0
31.5,58.6,2332,4095,0,659,0,0,0
31.5,58.6,2192,4095,0,663,0,0,0
31.5,58.6,2329,4095,0,663,0,0,0
31.5,58.6,2289,4095,0,665,0,0,0
31.5,58.6,2339,4095,0,663,0,0,0
31.5,58.6,2187,4095,0,661,0,0,0
31.5,58.6,2314,4095,0,656,0,0,0
31.5,58.6,2278,4095,0,678,0,0,0
31.5,58.6,2359,4095,0,665,0,0,0
31.5,58.6,2187,4095,0,656,0,0,0
31.5,58.6,2294,4095,0,666,0,0,0
31.5,58.6,2256,4095,0,663,0,0,0
31.5,58.6,2370,4095,0,662,0,0,0
31.5,58.6,2206,4095,0,663,0,0,0
31.5,58.6,2288,4095,0,670,0,0,0
31.5,58.6,2263,4095,0,663,0,0,0
31.5,58.6,2378,4095,0,665,0,0,0
31.5,58.6,2211,4095,0,664,0,0,0
31.5,58.6,2282,4095,0,624,0,0,0
31.5,58.6,2249,4095,0,670,0,0,0
31.5,58.6,2374,4095,0,672,0,0,0
31.5,58.6,2222,4095,0,656,0,0,0
31.5,58.6,2270,4095,0,659,0,0,0
31.5,58.5,2240,4095,0,663,0,0,0
31.5,58.5,2378,4095,0,656,0,0,0
31.5,58.5,2238,4095,0,659,0,0,0
31.5,58.5,2257,4095,0,652,0,0,0
31.5,58.5,2232,4095,0,667,0,0,0
31.5,58.5,2374,4095,0,663,0,0,0
31.5,58.5,2242,4095,0,653,0,0,0
31.5,58.5,2235,4095,0,658,0,0,0
31.5,58.5,2224,4095,0,660,0,0,0
31.5,58.5,2377,4095,0,661,0,0,0
31.5,58.5,2265,4095,0,662,0,0,0
31.5,58.5,2240,4095,0,659,0,0,0
31.5,58.5,2215,4095,0,666,0,0,0
31.5,58.5,2380,4095,0,661,0,0,0
31.5,58.5,2278,4095,0,655,0,0,0
31.5,58.5,2227,4095,0,656,0,0,0
31.5,58.4,2204,4095,0,670,0,0,0
31.5,58.4,2365,4095,0,663,0,0,0
31.5,58.4,2293,4095,0,672,0,0,0
31.5,58.4,2218,4095,0,658,0,0,0
31.4,58.4,2195,4095,0,656,0,0,0
31.4,58.4,2341,4095,0,669,0,0,0
31.4,58.4,2320,4095,0,659,0,0,0
31.4,58.4,2195,4095,0,663,0,0,0
31.5,58.5,2192,4095,0,669,0,0,0
31.5,58.5,2320,4095,0,656,0,0,0
31.5,58.5,2341,4095,0,658,0,0,0
31.5,58.5,2183,4095,0,657,0,0,0
31.5,58.5,2191,4095,0,662,0,0,0
31.5,58.5,2301,4095,0,663,0,0,0
31.5,58.5,2368,4095,0,662,0,0,0
31.5,58.5,2202,4095,0,666,0,0,0
31.5,58.5,2224,4095,0,669,0,0,0
31.5,58.5,2271,4095,0,661,0,0,0
31.5,58.5,2375,4095,0,663,0,0,0
31.5,58.5,2218,4095,0,662,0,0,0
31.4,58.5,2261,4095,0,682,0,0,0
31.4,58.5,2237,4095,0,666,0,0,0
31.4,58.5,2375,4095,0,658,0,0,0
31.4,58.5,2256,4095,0,659,0,0,0
31.5,58.6,2301,4095,0,664,0,0,0
31.5,58.6,2208,4095,0,657,0,0,0
31.5,58.6,2358,4095,0,659,0,0,0
31.5,58.6,2298,4095,0,658,0,0,0
31.5,58.6,2342,4095,0,658,0,0,0
31.5,58.6,2192,4095,0,656,0,0,0
31.5,58.6,2320,4095,0,669,0,0,0
31.5,58.6,2339,4095,0,665,0,0,0
31.5,58.6,2361,4095,0,661,0,0,0
31.5,58.6,2193,4095,0,661,0,0,0
31.5,58.6,2283,4095,0,665,0,0,0
31.5,58.6,2382,4095,0,656,0,0,0
31.5,58.6,2381,4095,0,661,0,0,0
31.5,58.6,2266,4095,0,660,0,0,0
31.5,58.6,2235,4095,0,662,0,0,0
31.5,58.6,2384,4095,0,660,0,0,0
31.5,58.6,2347,4095,0,660,0,0,0
31.5,58.6,2321,4095,0,656,0,0,0
31.5,58.6,2199,4095,0,656,0,0,0
31.5,58.6,2336,4095,0,656,0,0,0
31.5,58.6,2288,4095,0,658,0,0,0
31.5,58.6,2362,4095,0,657,0,0,0
31.5,58.6,2182,4095,0,659,0,0,0
31.5,58.6,2283,4095,0,665,0,0,0
31.5,58.5,2241,4095,0,659,0,0,0
31.5,58.5,2378,4095,0,656,0,0,0
31.5,58.5,2260,4095,0,658,0,0,0
31.5,58.5,2227,4095,0,656,0,0,0
31.5,58.5,2192,4095,0,661,0,0,0
31.5,58.5,2350,4095,0,681,0,0,0
31.5,58.5,2306,4095,0,662,0,0,0
31.5,58.5,2210,4095,0,658,0,0,0
31.5,58.4,2199,4095,0,657,0,0,0
31.5,58.4,2306,4095,0,662,0,0,0
31.5,58.4,2361,4095,0,657,0,0,0
31.5,58.4,2194,4095,0,661,0,0,0
31.5,58.4,2224,4095,0,655,0,0,0
31.5,58.4,2258,4095,0,655,0,0,0
31.5,58.4,2374,4095,0,658,0,0,0
31.5,58.4,2215,4095,0,666,0,0,0
31.5,58.5,2251,4095,0,579,0,0,0
31.5,58.5,2235,4095,0,663,0,0,0
31.5,58.5,2377,4095,0,657,0,0,0
31.5,58.5,2242,4095,0,656,0,0,0
31.5,58.5,2278,4095,0,656,0,0,0
31.5,58.5,2219,4095,0,656,0,0,0
31.5,58.5,2371,4095,0,660,0,0,0
31.5,58.5,2259,4095,0,667,0,0,0
31.5,58.5,2286,4095,0,662,0,0,0
31.5,58.5,2207,4095,0,658,0,0,0
31.5,58.5,2370,4095,0,663,0,0,0
31.5,58.5,2279,4095,0,662,0,0,0
31.5,58.5,2308,4095,0,657,0,0,0
31.5,58.5,2210,4095,0,656,0,0,0
31.5,58.5,2361,4095,0,658,0,0,0
31.5,58.5,2293,4095,0,666,0,0,0
31.5,58.6,2325,4095,0,660,0,0,0
31.5,58.6,2199,4095,0,675,0,0,0
31.5,58.6,2352,4095,0,656,0,0,0
31.5,58.6,2303,4095,0,658,0,0,0
31.5,58.6,2336,4095,0,656,0,0,0
31.5,58.6,2192,4095,0,656,0,0,0
31.5,58.6,2339,4095,0,659,0,0,0
31.5,58.6,2312,4095,0,563,0,0,0
31.5,58.6,2339,4095,0,661,0,0,0
31.5,58.6,2199,4095,0,659,0,0,0
31.5,58.6,2335,4095,0,657,0,0,0
31.5,58.6,2320,4095,0,659,0,0,0
31.5,58.6,2338,4095,0,656,0,0,0
31.5,58.6,2186,4095,0,657,0,0,0
31.5,58.6,2307,4095,0,657,0,0,0
31.5,58.6,2319,4095,0,661,0,0,0
31.5,58.5,2342,4095,0,662,0,0,0
31.5,58.5,2198,4095,0,653,0,0,0
31.5,58.5,2352,4095,0,656,0,0,0
31.5,58.5,2303,4095,0,656,0,0,0
31.5,58.5,2323,4095,0,659,0,0,0
31.5,58.5,2197,4095,0,654,0,0,0
31.5,58.5,2359,4095,0,666,0,0,0
31.5,58.5,2283,4095,0,653,0,0,0
31.5,58.4,2307,4095,0,597,0,0,0
31.5,58.4,2210,4095,0,656,0,0,0
31.5,58.4,2371,4095,0,663,0,0,0
31.5,58.4,2256,4095,0,659,0,0,0
31.5,58.4,2285,4095,0,659,0,0,0
31.5,58.4,2233,4095,0,656,0,0,0
31.5,58.4,2384,4095,0,656,0,0,0
31.5,58.4,2229,4095,0,658,0,0,0
31.5,58.4,2255,4095,0,661,0,0,0
31.5,58.4,2243,4095,0,661,0,0,0
31.5,58.4,2361,4095,0,659,0,0,0
31.5,58.4,2192,4095,0,662,0,0,0
31.5,58.4,2224,4095,0,665,0,0,0
31.5,58.4,2288,4095,0,691,0,0,0
31.5,58.4,2362,4095,0,654,0,0,0
31.5,58.4,2195,4095,0,655,0,0,0
31.5,58.5,2198,4095,0,656,0,0,0
31.5,58.5,2314,4095,0,656,0,0,0
31.5,58.5,2343,4095,0,656,0,0,0
31.5,58.5,2197,4095,0,598,0,0,0
31.5,58.5,2192,4095,0,662,0,0,0
31.5,58.5,2338,4095,0,656,0,0,0
31.5,58.5,2316,4095,0,656,0,0,0
31.5,58.5,2211,4095,0,656,0,0,0
31.5,58.5,2197,4095,0,657,0,0,0
31.5,58.5,2358,4095,0,553,0,0,0
31.5,58.5,2276,4095,0,656,0,0,0
31.5,58.5,2236,4095,0,661,0,0,0
31.5,58.5,2222,4095,0,656,0,0,0
31.5,58.5,2371,4095,0,658,0,0,0
31.5,58.5,2222,4095,0,656,0,0,0
31.5,58.5,2274,4095,0,624,0,0,0
31.5,58.5,2257,4095,0,640,0,0,0
31.5,58.5,2373,4095,0,654,0,0,0
31.5,58.5,2204,4095,0,663,0,0,0
31.5,58.5,2314,4095,0,657,0,0,0
31.5,58.5,2302,4095,0,637,0,0,0
31.5,58.5,2349,4095,0,651,0,0,0
31.5,58.5,2195,4095,0,656,0,0,0
31.5,58.5,2357,4095,0,654,0,0,0
31.5,58.6,2339,4095,0,661,0,0,0
31.5,58.6,2304,4095,0,660,0,0,0
31.5,58.6,2222,4095,0,656,0,0,0
31.5,58.6,2379,4095,0,659,0,0,0
31.5,58.6,2371,4095,0,660,0,0,0
31.5,58.6,2253,4095,0,657,0,0,0
31.5,58.6,2258,4095,0,656,0,0,0
31.5,58.6,2374,4095,0,656,0,0,0
31.5,58.6,2380,4095,0,674,0,0,0
31.5,58.6,2205,4095,0,658,0,0,0
31.5,58.6,2297,4095,0,656,0,0,0
31.5,58.6,2332,4095,0,650,0,0,0
31.5,58.6,2361,4095,0,663,0,0,0
31.5,58.6,2199,4095,0,656,0,0,0
31.5,58.6,2343,4095,0,657,0,0,0
31.5,58.6,2304,4095,0,659,0,0,0
31.5,58.6,2319,4095,0,656,0,0,0
31.5,58.6,2207,4095,0,656,0,0,0
31.5,58.6,2370,4095,0,656,0,0,0
31.5,58.6,2255,4095,0,656,0,0,0
31.5,58.6,2279,4095,0,658,0,0,0
31.5,58.6,2240,4095,0,657,0,0,0
31.5,58.6,2381,4095,0,657,0,0,0
31.5,58.6,2212,4095,0,656,0,0,0
31.5,58.6,2231,4095,0,656,0,0,0
31.5,58.6,2278,4095,0,656,0,0,0
31.5,58.6,2361,4095,0,662,0,0,0
31.5,58.6,2192,4095,0,651,0,0,0
31.5,58.6,2197,4095,0,657,0,0,0
31.5,58.6,2320,4095,0,655,0,0,0
31.5,58.6,2320,4095,0,656,0,0,0
31.5,58.6,2192,4095,0,657,0,0,0
31.5,58.6,2187,4095,0,660,0,0,0
31.5,58.6,2353,4095,0,663,0,0,0
31.5,58.6,2295,4095,0,656,0,0,0
31.5,58.6,2224,4095,0,659,0,0,0
31.5,58.6,2212,4095,0,656,0,0,0
31.5,58.6,2382,4095,0,656,0,0,0
31.5,58.6,2250,4095,0,656,0,0,0
31.5,58.6,2259,4095,0,667,0,0,0
31.5,58.5,2247,4095,0,658,0,0,0
31.5,58.5,2378,4095,0,658,0,0,0
31.5,58.5,2273,4095,0,656,0,0,0
31.5,58.5,2364,4095,0,656,0,0,0
31.5,58.5,2184,4095,0,653,0,0,0
31.5,58.5,2189,4095,0,656,0,0,0
31.5,58.5,2303,4095,0,660,0,0,0
31.5,58.5,2351,4095,0,653,0,0,0
31.5,58.5,2193,4095,0,665,0,0,0
31.5,58.5,2193,4095,0,656,0,0,0
31.5,58.5,2326,4095,0,656,0,0,0
31.5,58.5,2318,4095,0,656,0,0,0
31.5,58.5,2205,4095,0,656,0,0,0
31.5,58.5,2199,4095,0,647,0,0,0
31.5,58.5,2358,4095,0,658,0,0,0
31.5,58.5,2278,4095,0,656,0,0,0
31.5,58.5,2235,4095,0,657,0,0,0
31.5,58.5,2224,4095,0,658,0,0,0
31.5,58.5,2378,4095,0,655,0,0,0
31.5,58.5,2226,4095,0,660,0,0,0
31.5,58.5,2275,4095,0,657,0,0,0
31.5,58.5,2261,4095,0,686,0,0,0
31.5,58.5,2363,4095,0,656,0,0,0
31.5,58.5,2190,4095,0,651,0,0,0
31.5,58.5,2319,4095,0,656,0,0,0
31.5,58.5,2301,4095,0,651,0,0,0
31.5,58.5,2315,4095,0,657,0,0,0
31.5,58.5,2199,4095,0,663,0,0,0
31.5,58.5,2370,4095,0,655,0,0,0
31.5,58.5,2359,4095,0,659,0,0,0
31.5,58.5,2265,4095,0,576,0,0,0
31.5,58.5,2246,4095,0,649,0,0,0
31.5,58.5,2376,4095,0,658,0,0,0
31.5,58.5,2374,4095,0,656,0,0,0
31.5,58.5,2201,4095,0,656,0,0,0
31.5,58.5,2295,4095,0,656,0,0,0
31.5,58.5,2332,4095,0,657,0,0,0
31.5,58.6,2345,4095,0,658,0,0,0
31.5,58.6,2188,4095,0,658,0,0,0
31.5,58.6,2345,4095,0,639,0,0,0
31.5,58.6,2267,4095,0,656,0,0,0
31.5,58.5,2283,4095,0,656,0,0,0
31.5,58.5,2222,4095,0,658,0,0,0
31.5,58.5,2371,4095,0,661,0,0,0
31.5,58.5,2207,4095,0,658,0,0,0
31.5,58.5,2209,4095,0,656,0,0,0
31.5,58.5,2271,4095,0,651,0,0,0
31.5,58.5,2335,4095,0,651,0,0,0
31.5,58.5,2187,4095,0,655,0,0,0
31.5,58.5,2192,4095,0,661,0,0,0
31.5,58.5,2320,4095,0,656,0,0,0
31.5,58.5,2309,4095,0,656,0,0,0
31.5,58.5,2205,4095,0,656,0,0,0
31.5,58.6,2194,4095,0,656,0,0,0
31.5,58.6,2359,4095,0,652,0,0,0
31.5,58.6,2239,4095,0,658,0,0,0
31.5,58.6,2251,4095,0,649,0,0,0
31.5,58.6,2227,4095,0,663,0,0,0
31.5,58.6,2368,4095,0,658,0,0,0
31.5,58.6,2192,4095,0,655,0,0,0
31.5,58.6,2308,4095,0,658,0,0,0
31.5,58.6,2289,4095,0,603,0,0,0
31.5,58.6,2330,4095,0,656,0,0,0
31.5,58.6,2192,4095,0,656,0,0,0
31.5,58.6,2355,4095,0,656,0,0,0
31.5,58.6,2341,4095,0,643,0,0,0
31.5,58.6,2255,4095,0,659,0,0,0
31.5,58.6,2235,4095,0,657,0,0,0
31.5,58.6,2354,4095,0,656,0,0,0
31.5,58.6,2368,4095,0,655,0,0,0
31.5,58.6,2201,4095,0,658,0,0,0
31.5,58.6,2299,4095,0,656,0,0,0
31.5,58.6,2329,4095,0,654,0,0,0
31.5,58.5,2331,4095,0,657,0,0,0
31.5,58.5,2197,4095,0,655,0,0,0
31.5,58.5,2368,4095,0,655,0,0,0
31.5,58.5,2256,4095,0,645,0,0,0
31.5,58.6,2268,4095,0,654,0,0,0
31.5,58.6,2253,4095,0,652,0,0,0
31.5,58.6,2370,4095,0,658,0,0,0
31.5,58.6,2192,4095,0,663,0,0,0
31.5,58.6,2197,4095,0,650,0,0,0
31.5,58.6,2314,4095,0,649,0,0,0
31.5,58.6,2315,4095,0,651,0,0,0
31.5,58.6,2209,4095,0,660,0,0,0
31.5,58.6,2196,4095,0,656,0,0,0
31.5,58.6,2358,4095,0,652,0,0,0
31.5,58.6,2225,4095,0,653,0,0,0
31.5,58.6,2270,4095,0,662,0,0,0
31.5,58.6,2256,4095,0,656,0,0,0
31.5,58.6,2364,4095,0,710,0,0,0
31.5,58.6,2192,4095,0,653,0,0,0
31.5,58.6,2390,4095,0,657,0,0,0
31.5,58.6,2334,4095,0,655,0,0,0
31.5,58.6,2295,4095,0,656,0,0,0
31.5,58.6,2225,4095,0,656,0,0,0
31.5,58.6,2378,4095,0,653,0,0,0
31.5,58.6,2380,4095,0,663,0,0,0
31.5,58.6,2215,4095,0,646,0,0,0
31.5,58.6,2292,4095,0,656,0,0,0
31.5,58.6,2343,4095,0,657,0,0,0
31.5,58.6,2352,4095,0,662,0,0,0
31.5,58.6,2192,4095,0,653,0,0,0
31.5,58.6,2352,4095,0,651,0,0,0
31.5,58.6,2272,4095,0,649,0,0,0
31.5,58.6,2291,4095,0,635,0,0,0
31.5,58.6,2225,4095,0,656,0,0,0
31.5,58.6,2368,4095,0,654,0,0,0
31.5,58.6,2192,4095,0,654,0,0,0
31.5,58.6,2224,4095,0,654,0,0,0
31.5,58.6,2293,4095,0,647,0,0,0
31.5,58.6,2347,4095,0,657,0,0,0
31.5,58.6,2199,4095,0,656,0,0,0
31.5,58.5,2192,4095,0,659,0,0,0
31.5,58.5,2353,4095,0,656,0,0,0
31.5,58.5,2282,4095,0,655,0,0,0
31.5,58.5,2233,4095,0,656,0,0,0
31.5,58.4,2218,4095,0,662,0,0,0
31.5,58.4,2378,4095,0,655,0,0,0
31.5,58.4,2218,4095,0,654,0,0,0
31.5,58.4,2288,4095,0,657,0,0,0
31.5,58.4,2262,4095,0,656,0,0,0
31.5,58.4,2366,4095,0,655,0,0,0
31.5,58.4,2192,4095,0,656,0,0,0
31.5,58.4,2337,4095,0,639,0,0,0
31.5,58.4,2320,4095,0,657,0,0,0
31.5,58.4,2311,4095,0,656,0,0,0
31.5,58.4,2204,4095,0,657,0,0,0
31.5,58.4,2355,4095,0,659,0,0,0
31.6,58.5,2338,4095,0,654,0,0,0
31.6,58.5,2262,4095,0,656,0,0,0
31.6,58.5,2241,4095,0,655,0,0,0
31.6,58.5,2373,4095,0,662,0,0,0
31.5,58.5,2384,4095,0,657,0,0,0
31.5,58.5,2213,4095,0,656,0,0,0
31.5,58.5,2290,4095,0,651,0,0,0
31.5,58.5,2352,4095,0,655,0,0,0
31.6,58.5,2365,4095,0,655,0,0,0
31.6,58.5,2191,4095,0,654,0,0,0
31.6,58.5,2332,4095,0,657,0,0,0
31.6,58.5,2304,4095,0,655,0,0,0
31.5,58.6,2320,4095,0,651,0,0,0
31.5,58.6,2206,4095,0,657,0,0,0
31.5,58.6,2369,4095,0,649,0,0,0
31.5,58.6,2239,4095,0,649,0,0,0
31.6,58.5,2265,4095,0,655,0,0,0
31.6,58.5,2240,4095,0,655,0,0,0
31.6,58.5,2363,4095,0,653,0,0,0
31.6,58.5,2179,4095,0,656,0,0,0
31.5,58.5,2192,4095,0,656,0,0,0
31.5,58.5,2303,4095,0,651,0,0,0
31.5,58.5,2320,4095,0,654,0,0,0
31.5,58.5,2197,4095,0,653,0,0,0
31.5,58.4,2191,4095,0,651,0,0,0
31.5,58.4,2363,4095,0,654,0,0,0
31.5,58.4,2243,4095,0,649,0,0,0
31.5,58.4,2255,4095,0,650,0,0,0
31.5,58.5,2249,4095,0,650,0,0,0
31.5,58.5,2363,4095,0,656,0,0,0
31.5,58.5,2188,4095,0,656,0,0,0
31.5,58.5,2321,4095,0,640,0,0,0
31.5,58.5,2318,4095,0,655,0,0,0
31.5,58.5,2319,4095,0,656,0,0,0
31.5,58.5,2210,4095,0,649,0,0,0
31.5,58.5,2372,4095,0,641,0,0,0
31.5,58.5,2370,4095,0,654,0,0,0
31.5,58.5,2212,4095,0,656,0,0,0
31.5,58.5,2282,4095,0,650,0,0,0
31.5,58.5,2331,4095,0,653,0,0,0
31.5,58.5,2326,4095,0,653,0,0,0
31.5,58.5,2188,4095,0,650,0,0,0
31.5,58.5,2359,4095,0,651,0,0,0
31.5,58.5,2258,4095,0,650,0,0,0
31.5,58.5,2266,4095,0,653,0,0,0
31.5,58.5,2238,4095,0,645,0,0,0
31.5,58.5,2368,4095,0,652,0,0,0
31.5,58.5,2189,4095,0,673,0,0,0
31.5,58.4,2193,4095,0,655,0,0,0
31.5,58.4,2304,4095,0,539,0,0,0
31.5,58.4,2319,4095,0,650,0,0,0
31.5,58.4,2198,4095,0,651,0,0,0
31.5,58.4,2191,4095,0,655,0,0,0
31.5,58.4,2354,4095,0,650,0,0,0
31.5,58.4,2231,4095,0,647,0,0,0
31.5,58.4,2245,4095,0,653,0,0,0
31.5,58.3,2240,4095,0,651,0,0,0
31.5,58.3,2367,4095,0,653,0,0,0
31.5,58.3,2189,4095,0,656,0,0,0
31.5,58.3,2322,4095,0,650,0,0,0
31.5,58.4,2295,4095,0,659,0,0,0
31.5,58.4,2298,4095,0,653,0,0,0
31.5,58.4,2207,4095,0,649,0,0,0
31.5,58.4,2368,4095,0,654,0,0,0
31.5,58.4,2355,4095,0,650,0,0,0
31.5,58.4,2235,4095,0,652,0,0,0
31.5,58.4,2250,4095,0,651,0,0,0
31.5,58.4,2357,4095,0,649,0,0,0
31.5,58.5,2365,4095,0,661,0,0,0
31.5,58.5,2189,4095,0,651,0,0,0
31.5,58.5,2320,4095,0,655,0,0,0
31.5,58.5,2303,4095,0,657,0,0,0
31.5,58.5,2314,4095,0,654,0,0,0
31.5,58.5,2195,4095,0,649,0,0,0
31.5,58.5,2368,4095,0,652,0,0,0
31.5,58.5,2235,4095,0,646,0,0,0
31.5,58.5,2249,4095,0,656,0,0,0
31.5,58.5,2254,4095,0,653,0,0,0
31.5,58.5,2362,4095,0,650,0,0,0
31.5,58.5,2185,4095,0,625,0,0,0
31.5,58.6,2183,4095,0,653,0,0,0
31.5,58.6,2311,4095,0,650,0,0,0
31.5,58.6,2320,4095,0,656,0,0,0
31.5,58.6,2199,4095,0,651,0,0,0
31.5,58.5,2194,4095,0,654,0,0,0
31.5,58.5,2356,4095,0,641,0,0,0
31.5,58.5,2263,4095,0,648,0,0,0
31.5,58.5,2247,4095,0,651,0,0,0
31.5,58.4,2224,4095,0,647,0,0,0
31.5,58.4,2373,4095,0,656,0,0,0
31.5,58.4,2208,4095,0,656,0,0,0
31.5,58.4,2291,4095,0,649,0,0,0
31.5,58.4,2270,4095,0,645,0,0,0
31.5,58.4,2356,4095,0,653,0,0,0
31.5,58.4,2187,4095,0,654,0,0,0
31.5,58.4,2332,4095,0,650,0,0,0
31.5,58.4,2320,4095,0,650,0,0,0
31.5,58.4,2311,4095,0,655,0,0,0
31.5,58.4,2201,4095,0,647,0,0,0
31.5,58.4,2366,4095,0,646,0,0,0
31.5,58.4,2352,4095,0,648,0,0,0
31.5,58.4,2239,4095,0,656,0,0,0
31.5,58.4,2240,4095,0,651,0,0,0
31.5,58.4,2377,4095,0,654,0,0,0
31.5,58.4,2378,4095,0,650,0,0,0
31.5,58.4,2215,4095,0,641,0,0,0
31.5,58.4,2288,4095,0,646,0,0,0
31.5,58.4,2350,4095,0,645,0,0,0
31.5,58.4,2354,4095,0,659,0,0,0
31.5,58.4,2176,4095,0,651,0,0,0
31.5,58.4,2319,4095,0,651,0,0,0
31.5,58.4,2286,4095,0,645,0,0,0
31.5,58.4,2306,4095,0,653,0,0,0
31.5,58.4,2193,4095,0,647,0,0,0
31.5,58.4,2358,4095,0,650,0,0,0
31.5,58.4,2239,4095,0,651,0,0,0
31.5,58.4,2257,4095,0,643,0,0,0
31.5,58.4,2235,4095,0,645,0,0,0
31.5,58.4,2368,4095,0,637,0,0,0
31.5,58.4,2189,4095,0,650,0,0,0
31.5,58.4,2205,4095,0,656,0,0,0
31.5,58.4,2248,4095,0,572,0,0,0
31.5,58.4,2291,4095,0,653,0,0,0
31.5,58.4,2160,4095,0,646,0,0,0
31.5,58.4,2165,4095,0,651,0,0,0
31.5,58.4,2304,4095,0,643,0,0,0
31.5,58.4,2274,4095,0,650,0,0,0
31.5,58.4,2179,4095,0,648,0,0,0
31.5,58.3,2176,4095,0,643,0,0,0
31.5,58.3,2339,4095,0,647,0,0,0
31.5,58.3,2218,4095,0,650,0,0,0
31.5,58.3,2228,4095,0,653,0,0,0
31.5,58.3,2218,4095,0,651,0,0,0
31.5,58.3,2345,4095,0,619,0,0,0
31.5,58.3,2166,4095,0,642,0,0,0
31.5,58.3,2288,4095,0,649,0,0,0
31.5,58.4,2267,4095,0,650,0,0,0
31.5,58.4,2309,4095,0,652,0,0,0
31.5,58.4,2176,4095,0,647,0,0,0
31.5,58.4,2330,4095,0,651,0,0,0
31.5,58.4,2311,4095,0,645,0,0,0
31.5,58.4,2267,4095,0,646,0,0,0
31.5,58.4,2192,4095,0,655,0,0,0
31.5,58.4,2340,4095,0,652,0,0,0
31.5,58.5,2351,4095,0,655,0,0,0
31.5,58.5,2192,4095,0,624,0,0,0
31.5,58.5,2256,4095,0,642,0,0,0
31.5,58.5,2314,4095,0,640,0,0,0
31.5,58.5,2330,4095,0,650,0,0,0
31.5,58.5,2169,4095,0,640,0,0,0
31.5,58.5,2319,4095,0,647,0,0,0
31.5,58.5,2262,4095,0,641,0,0,0
31.5,58.5,2275,4095,0,650,0,0,0
31.5,58.5,2192,4095,0,647,0,0,0
31.5,58.5,2353,4095,0,651,0,0,0
31.5,58.5,2192,4095,0,648,0,0,0
31.5,58.6,2210,4095,0,652,0,0,0
31.5,58.6,2247,4095,0,647,0,0,0
31.5,58.6,2327,4095,0,650,0,0,0
31.5,58.6,2160,4095,0,645,0,0,0
31.5,58.6,2160,4095,0,653,0,0,0
31.5,58.6,2298,4095,0,651,0,0,0
31.5,58.6,2269,4095,0,646,0,0,0
31.5,58.6,2176,4095,0,624,0,0,0
31.5,58.6,2182,4095,0,653,0,0,0
31.5,58.6,2351,4095,0,645,0,0,0
31.5,58.6,2219,4095,0,656,0,0,0
31.5,58.6,2252,4095,0,651,0,0,0
31.6,58.6,2239,4095,0,651,0,0,0
31.6,58.6,2345,4095,0,651,0,0,0
31.6,58.6,2169,4095,0,653,0,0,0
31.6,58.6,2304,4095,0,647,0,0,0
31.5,58.5,2291,4095,0,646,0,0,0
31.5,58.5,2295,4095,0,646,0,0,0
31.5,58.5,2182,4095,0,531,0,0,0
31.5,58.5,2347,4095,0,634,0,0,0
31.5,58.5,2340,4095,0,648,0,0,0
31.5,58.5,2230,4095,0,647,0,0,0
31.5,58.5,2224,4095,0,644,0,0,0
31.5,58.5,2350,4095,0,649,0,0,0
31.5,58.4,2352,4095,0,645,0,0,0
31.5,58.4,2175,4095,0,645,0,0,0
31.5,58.4,2286,4095,0,658,0,0,0
31.5,58.4,2288,4095,0,646,0,0,0
31.5,58.5,2317,4095,0,651,0,0,0
31.5,58.5,2180,4095,0,646,0,0,0
31.5,58.5,2332,4095,0,643,0,0,0
31.5,58.5,2252,4095,0,647,0,0,0
31.5,58.5,2263,4095,0,650,0,0,0
31.5,58.5,2204,4095,0,647,0,0,0
31.5,58.5,2352,4095,0,643,0,0,0
31.5,58.5,2189,4095,0,599,0,0,0
31.5,58.5,2192,4095,0,651,0,0,0
31.5,58.5,2239,4095,0,650,0,0,0
31.5,58.5,2304,4095,0,647,0,0,0
31.5,58.5,2172,4095,0,644,0,0,0
31.5,58.5,2176,4095,0,641,0,0,0
31.5,58.5,2320,4095,0,640,0,0,0
31.5,58.5,2271,4095,0,647,0,0,0
31.5,58.5,2198,4095,0,646,0,0,0
31.5,58.5,2194,4095,0,649,0,0,0
31.5,58.5,2354,4095,0,647,0,0,0
31.5,58.5,2198,4095,0,647,0,0,0
31.5,58.5,2245,4095,0,646,0,0,0
31.5,58.4,2224,4095,0,648,0,0,0
31.5,58.4,2339,4095,0,643,0,0,0
31.5,58.4,2172,4095,0,646,0,0,0
31.5,58.4,2311,4095,0,645,0,0,0
31.5,58.3,2304,4095,0,635,0,0,0
31.5,58.3,2296,4095,0,645,0,0,0
31.5,58.3,2189,4095,0,645,0,0,0
31.5,58.3,2352,4095,0,646,0,0,0
31.5,58.3,2343,4095,0,651,0,0,0
31.5,58.3,2231,4095,0,634,0,0,0
31.5,58.3,2235,4095,0,647,0,0,0
31.5,58.3,2351,4095,0,645,0,0,0
31.5,58.3,2352,4095,0,647,0,0,0
31.5,58.3,2178,4095,0,643,0,0,0
31.5,58.3,2291,4095,0,648,0,0,0
31.5,58.3,2302,4095,0,642,0,0,0
31.5,58.3,2313,4095,0,647,0,0,0
31.5,58.3,2176,4095,0,620,0,0,0
31.5,58.3,2347,4095,0,642,0,0,0
31.5,58.3,2245,4095,0,641,0,0,0
31.5,58.4,2255,4095,0,649,0,0,0
31.5,58.4,2234,4095,0,646,0,0,0
31.5,58.4,2371,4095,0,647,0,0,0
31.5,58.4,2192,4095,0,651,0,0,0
31.5,58.5,2195,4095,0,649,0,0,0
31.5,58.5,2301,4095,0,643,0,0,0
31.5,58.5,2326,4095,0,643,0,0,0
31.5,58.5,2192,4095,0,645,0,0,0
31.5,58.6,2186,4095,0,645,0,0,0
31.5,58.6,2352,4095,0,652,0,0,0
31.7,59.0,2201,4095,0,631,0,0,0
31.7,59.0,2209,4095,0,633,0,0,0
31.7,59.0,2349,4095,0,635,0,0,0
31.7,59.0,2215,4095,0,635,0,0,0
31.8,59.0,2250,4095,0,631,0,0,0
31.8,59.0,2176,4095,0,630,0,0,0
31.8,59.0,2331,4095,0,635,0,0,0
31.8,59.0,2256,4095,0,633,0,0,0
31.8,59.0,2288,4095,0,636,0,0,0
31.8,59.0,2160,4095,0,634,0,0,0
31.8,59.0,2302,4095,0,554,0,0,0
31.8,59.0,2295,4095,0,634,0,0,0
31.8,59.0,2320,4095,0,631,0,0,0
31.8,59.0,2155,4095,0,636,0,0,0
31.8,59.0,2278,4095,0,635,0,0,0
31.8,59.0,2323,4095,0,630,0,0,0
31.8,58.9,2343,4095,0,634,0,0,0
31.8,58.9,2177,4095,0,633,0,0,0
31.8,58.9,2243,4095,0,632,0,0,0
31.8,58.9,2338,4095,0,631,0,0,0
31.8,58.8,2347,4095,0,638,0,0,0
31.8,58.8,2204,4095,0,629,0,0,0
31.8,58.8,2215,4095,0,629,0,0,0
31.8,58.8,2351,4095,0,634,0,0,0
31.7,58.7,2340,4095,0,630,0,0,0
31.7,58.7,2236,4095,0,631,0,0,0
31.7,58.7,2187,4095,0,634,0,0,0
31.7,58.7,2342,4095,0,633,0,0,0
31.8,58.7,2320,4095,0,631,0,0,0
31.8,58.7,2272,4095,0,627,0,0,0
31.8,58.7,2168,4095,0,630,0,0,0
31.8,58.7,2324,4095,0,624,0,0,0
31.8,58.6,2288,4095,0,635,0,0,0
31.8,58.6,2304,4095,0,628,0,0,0
31.8,58.6,2144,4095,0,630,0,0,0
31.8,58.6,2289,4095,0,627,0,0,0
31.8,58.6,2256,4095,0,630,0,0,0
31.8,58.6,2337,4095,0,630,0,0,0
31.8,58.6,2163,4095,0,645,0,0,0
31.8,58.6,2256,4095,0,626,0,0,0
31.8,58.6,2222,4095,0,627,0,0,0
31.8,58.6,2351,4095,0,631,0,0,0
31.8,58.6,2199,4095,0,629,0,0,0
31.8,58.6,2211,4095,0,631,0,0,0
31.8,58.5,2178,4095,0,631,0,0,0
31.8,58.5,2334,4095,0,630,0,0,0
31.8,58.5,2256,4095,0,625,0,0,0
31.8,58.5,2172,4095,0,634,0,0,0
31.8,58.6,2157,4095,0,629,0,0,0
31.8,58.6,2291,4095,0,630,0,0,0
31.8,58.6,2306,4095,0,631,0,0,0
31.8,58.6,2157,4095,0,627,0,0,0
31.7,58.6,2170,4095,0,624,0,0,0
31.7,58.6,2245,4095,0,629,0,0,0
31.7,58.6,2330,4095,0,630,0,0,0
31.7,58.6,2171,4095,0,609,0,0,0
31.8,58.6,2223,4095,0,635,0,0,0
31.8,58.6,2193,4095,0,627,0,0,0
31.8,58.6,2346,4095,0,631,0,0,0
31.8,58.6,2235,4095,0,626,0,0,0
31.8,58.6,2275,4095,0,630,0,0,0
31.8,58.6,2161,4095,0,630,0,0,0
31.8,58.6,2309,4095,0,624,0,0,0
31.8,58.6,2294,4095,0,631,0,0,0
31.8,58.5,2320,4095,0,627,0,0,0
31.8,58.5,2150,4095,0,630,0,0,0
31.8,58.5,2256,4095,0,629,0,0,0
31.8,58.5,2333,4095,0,625,0,0,0
31.7,58.5,2343,4095,0,627,0,0,0
31.7,58.5,2204,4095,0,630,0,0,0
31.7,58.5,2203,4095,0,627,0,0,0
31.7,58.5,2342,4095,0,639,0,0,0
31.7,58.5,2315,4095,0,631,0,0,0
31.7,58.5,2273,4095,0,632,0,0,0
31.7,58.5,2147,4095,0,626,0,0,0
31.7,58.5,2294,4095,0,630,0,0,0
31.7,58.6,2262,4095,0,618,0,0,0
31.7,58.6,2334,4095,0,627,0,0,0
31.7,58.6,2165,4095,0,615,0,0,0
31.7,58.6,2243,4095,0,625,0,0,0
31.7,58.6,2199,4095,0,631,0,0,0
31.7,58.6,2346,4095,0,628,0,0,0
31.7,58.6,2226,4095,0,626,0,0,0
31.7,58.6,2187,4095,0,623,0,0,0
31.7,58.6,2159,4095,0,626,0,0,0
31.7,58.6,2305,4095,0,628,0,0,0
31.7,58.6,2288,4095,0,624,0,0,0
31.7,58.6,2155,4095,0,624,0,0,0
31.7,58.6,2160,4095,0,629,0,0,0
31.7,58.6,2256,4095,0,628,0,0,0
31.7,58.6,2332,4095,0,621,0,0,0
31.7,58.6,2163,4095,0,645,0,0,0
31.7,58.6,2204,4095,0,630,0,0,0
31.7,58.6,2209,4095,0,637,0,0,0
31.7,58.6,2343,4095,0,625,0,0,0
31.7,58.6,2199,4095,0,626,0,0,0
31.7,58.6,2261,4095,0,624,0,0,0
31.7,58.6,2171,4095,0,617,0,0,0
31.7,58.6,2320,4095,0,625,0,0,0
31.7,58.6,2270,4095,0,627,0,0,0
31.7,58.6,2314,4095,0,634,0,0,0
31.7,58.6,2151,4095,0,625,0,0,0
31.7,58.6,2272,4095,0,619,0,0,0
31.7,58.6,2320,4095,0,626,0,0,0
31.7,58.6,2343,4095,0,627,0,0,0
31.7,58.6,2183,4095,0,625,0,0,0
31.7,58.6,2231,4095,0,629,0,0,0
31.7,58.6,2345,4095,0,624,0,0,0
31.8,58.6,2335,4095,0,590,0,0,0
31.8,58.6,2240,4095,0,644,0,0,0
31.8,58.6,2175,4095,0,630,0,0,0
31.8,58.6,2326,4095,0,630,0,0,0
31.7,58.6,2289,4095,0,623,0,0,0
31.7,58.6,2293,4095,0,634,0,0,0
31.7,58.6,2147,4095,0,614,0,0,0
31.7,58.6,2278,4095,0,625,0,0,0
31.7,58.6,2251,4095,0,631,0,0,0
31.7,58.6,2331,4095,0,624,0,0,0
31.7,58.6,2166,4095,0,626,0,0,0
31.7,58.6,2249,4095,0,605,0,0,0
31.7,58.7,2211,4095,0,631,0,0,0
31.7,58.7,2341,4095,0,631,0,0,0
31.7,58.7,2192,4095,0,625,0,0,0
31.7,58.7,2224,4095,0,627,0,0,0
31.7,58.7,2195,4095,0,627,0,0,0
31.7,58.7,2352,4095,0,626,0,0,0
31.7,58.7,2254,4095,0,628,0,0,0
31.7,58.7,2192,4095,0,629,0,0,0
31.7,58.7,2173,4095,0,630,0,0,0
31.7,58.7,2320,4095,0,626,0,0,0
31.7,58.7,2286,4095,0,626,0,0,0
31.7,58.7,2178,4095,0,624,0,0,0
31.7,58.7,2169,4095,0,629,0,0,0
31.7,58.7,2306,4095,0,627,0,0,0
31.7,58.7,2309,4095,0,624,0,0,0
31.7,58.7,2166,4095,0,627,0,0,0
31.7,58.7,2161,4095,0,627,0,0,0
31.7,58.7,2286,4095,0,630,0,0,0
31.7,58.7,2337,4095,0,626,0,0,0
31.7,58.7,2173,4095,0,628,0,0,0
31.7,58.9,2187,4095,0,627,0,0,0
31.7,58.9,2255,4095,0,628,0,0,0
31.7,58.9,2354,4095,0,630,0,0,0
31.7,58.9,2189,4095,0,627,0,0,0
31.7,58.9,2213,4095,0,629,0,0,0
31.7,58.9,2234,4095,0,624,0,0,0
31.7,58.9,2362,4095,0,630,0,0,0
31.7,58.9,2206,4095,0,631,0,0,0
31.7,59.0,2242,4095,0,627,0,0,0
31.7,59.0,2207,4095,0,639,0,0,0
31.7,59.0,2354,4095,0,627,0,0,0
31.7,59.0,2235,4095,0,630,0,0,0
31.7,59.1,2261,4095,0,627,0,0,0
31.7,59.1,2170,4095,0,624,0,0,0
31.7,59.1,2327,4095,0,661,0,0,0
31.7,59.1,2238,4095,0,624,0,0,0
31.7,59.0,2256,4095,0,624,0,0,0
31.7,59.0,2161,4095,0,627,0,0,0
31.7,59.0,2320,4095,0,692,0,0,0
31.7,59.0,2254,4095,0,630,0,0,0
31.7,58.9,2285,4095,0,627,0,0,0
31.7,58.9,2159,4095,0,627,0,0,0
31.7,58.9,2310,4095,0,626,0,0,0
31.7,58.9,2253,4095,0,622,0,0,0
31.7,58.8,2286,4095,0,624,0,0,0
31.7,58.8,2154,4095,0,624,0,0,0
31.7,58.8,2309,4095,0,624,0,0,0
31.7,58.8,2251,4095,0,624,0,0,0
31.7,58.8,2276,4095,0,591,0,0,0
31.7,58.8,2157,4095,0,624,0,0,0
31.7,58.8,2309,4095,0,686,0,0,0
31.7,58.8,2234,4095,0,624,0,0,0
31.7,58.8,2261,4095,0,625,0,0,0
31.7,58.8,2170,4095,0,624,0,0,0
31.7,58.8,2330,4095,0,625,0,0,0
31.7,58.8,2214,4095,0,625,0,0,0
31.7,58.9,2229,4095,0,627,0,0,0
31.7,58.9,2173,4095,0,638,0,0,0
31.7,58.9,2335,4095,0,625,0,0,0
31.7,58.9,2190,4095,0,627,0,0,0
31.7,58.9,2219,4095,0,631,0,0,0
31.7,58.9,2201,4095,0,631,0,0,0
31.7,58.9,2337,4095,0,625,0,0,0
31.7,58.9,2175,4095,0,624,0,0,0
31.7,58.9,2193,4095,0,635,0,0,0
31.7,58.9,2214,4095,0,627,0,0,0
31.7,58.9,2334,4095,0,628,0,0,0
31.7,58.9,2160,4095,0,633,0,0,0
31.7,59.0,2177,4095,0,631,0,0,0
31.7,59.0,2230,4095,0,625,0,0,0
31.7,59.0,2324,4095,0,624,0,0,0
31.7,59.0,2149,4095,0,624,0,0,0
31.7,59.0,2160,4095,0,625,0,0,0
31.7,59.0,2241,4095,0,627,0,0,0
31.7,59.0,2315,4095,0,631,0,0,0
31.7,59.0,2146,4095,0,626,0,0,0
31.7,59.0,2151,4095,0,630,0,0,0
31.7,59.0,2249,4095,0,630,0,0,0
31.7,59.0,2307,4095,0,628,0,0,0
31.7,59.0,2146,4095,0,624,0,0,0
31.7,59.0,2149,4095,0,624,0,0,0
31.7,59.0,2278,4095,0,624,0,0,0
31.7,59.0,2294,4095,0,627,0,0,0
31.7,59.0,2153,4095,0,624,0,0,0
31.7,58.9,2146,4095,0,633,0,0,0
31.7,58.9,2288,4095,0,625,0,0,0
31.7,58.9,2275,4095,0,624,0,0,0
31.7,58.9,2159,4095,0,625,0,0,0
31.7,58.8,2151,4095,0,625,0,0,0
31.7,58.8,2303,4095,0,625,0,0,0
31.7,58.8,2257,4095,0,626,0,0,0
31.7,58.8,2169,4095,0,628,0,0,0
31.7,58.9,2163,4095,0,634,0,0,0
31.7,58.9,2320,4095,0,624,0,0,0
31.7,58.9,2236,4095,0,626,0,0,0
31.7,58.9,2191,4095,0,625,0,0,0
31.7,59.0,2174,4095,0,630,0,0,0
31.7,59.0,2326,4095,0,625,0,0,0
31.7,59.0,2208,4095,0,625,0,0,0
31.7,59.0,2210,4095,0,626,0,0,0
31.7,59.0,2192,4095,0,627,0,0,0
31.7,59.0,2338,4095,0,625,0,0,0
31.7,59.0,2181,4095,0,626,0,0,0
31.7,59.0,2225,4095,0,628,0,0,0
31.7,59.0,2213,4095,0,626,0,0,0
31.7,59.0,2334,4095,0,626,0,0,0
31.7,59.0,2160,4095,0,624,0,0,0
31.7,59.0,2256,4095,0,624,0,0,0
31.8,59.0,2240,4095,0,626,0,0,0
31.8,59.0,2318,4095,0,627,0,0,0
31.8,59.0,2143,4095,0,659,0,0,0
31.8,59.0,2285,4095,0,625,0,0,0
31.7,58.9,2263,4095,0,626,0,0,0
31.7,58.9,2297,4095,0,625,0,0,0
31.7,58.9,2149,4095,0,628,0,0,0
31.7,58.9,2306,4095,0,624,0,0,0
31.8,58.8,2294,4095,0,624,0,0,0
31.8,58.8,2259,4095,0,644,0,0,0
31.8,58.8,2150,4095,0,624,0,0,0
31.8,58.8,2325,4095,0,624,0,0,0
31.7,58.8,2311,4095,0,626,0,0,0
31.7,58.8,2240,4095,0,628,0,0,0
31.7,58.8,2187,4095,0,624,0,0,0
31.7,58.8,2338,4095,0,621,0,0,0
31.8,58.7,2336,4095,0,624,0,0,0
31.8,58.7,2197,4095,0,625,0,0,0
31.8,58.7,2219,4095,0,613,0,0,0
31.8,58.7,2331,4095,0,624,0,0,0
31.8,58.7,2335,4095,0,638,0,0,0
31.8,58.7,2160,4095,0,624,0,0,0
31.8,58.7,2254,4095,0,629,0,0,0
31.8,58.7,2304,4095,0,624,0,0,0
31.8,58.7,2317,4095,0,628,0,0,0
31.8,58.7,2145,4095,0,624,0,0,0
31.8,58.7,2288,4095,0,625,0,0,0
31.8,58.7,2266,4095,0,627,0,0,0
31.8,58.8,2282,4095,0,625,0,0,0
31.8,58.8,2142,4095,0,625,0,0,0
31.8,58.8,2311,4095,0,566,0,0,0
31.8,58.8,2225,4095,0,629,0,0,0
31.8,58.9,2240,4095,0,624,0,0,0
31.8,58.9,2186,4095,0,623,0,0,0
31.8,58.9,2339,4095,0,628,0,0,0
31.8,58.9,2178,4095,0,628,0,0,0
31.8,58.9,2193,4095,0,629,0,0,0
31.8,58.9,2223,4095,0,629,0,0,0
31.8,58.9,2322,4095,0,626,0,0,0
31.8,58.9,2147,4095,0,625,0,0,0
31.8,59.0,2153,4095,0,624,0,0,0
31.8,59.0,2258,4095,0,624,0,0,0
31.8,59.0,2291,4095,0,626,0,0,0
31.8,59.0,2151,4095,0,624,0,0,0
31.8,58.9,2142,4095,0,626,0,0,0
31.8,58.9,2303,4095,0,625,0,0,0
31.8,58.9,2251,4095,0,628,0,0,0
31.8,58.9,2178,4095,0,628,0,0,0
31.8,58.8,2161,4095,0,629,0,0,0
31.8,58.8,2330,4095,0,627,0,0,0
31.8,58.8,2185,4095,0,625,0,0,0
31.8,58.8,2221,4095,0,624,0,0,0
31.8,58.8,2208,4095,0,626,0,0,0
31.8,58.8,2330,4095,0,629,0,0,0
31.8,58.8,2138,4095,0,629,0,0,0
31.8,58.8,2265,4095,0,625,0,0,0
31.8,58.7,2253,4095,0,626,0,0,0
31.8,58.7,2300,4095,0,624,0,0,0
31.8,58.7,2149,4095,0,624,0,0,0
31.8,58.7,2314,4095,0,624,0,0,0
31.8,58.8,2299,4095,0,623,0,0,0
31.8,58.8,2255,4095,0,623,0,0,0
31.8,58.8,2177,4095,0,624,0,0,0
31.8,58.8,2345,4095,0,624,0,0,0
31.8,58.8,2333,4095,0,625,0,0,0
31.8,58.8,2208,4095,0,635,0,0,0
31.8,58.8,2211,4095,0,625,0,0,0
31.8,58.8,2329,4095,0,627,0,0,0
31.8,58.9,2331,4095,0,624,0,0,0
31.8,58.9,2160,4095,0,626,0,0,0
31.8,58.9,2245,4095,0,624,0,0,0
31.8,58.9,2290,4095,0,620,0,0,0
31.8,58.9,2312,4095,0,626,0,0,0
31.8,58.9,2146,4095,0,624,0,0,0
31.8,58.9,2291,4095,0,624,0,0,0
31.8,58.9,2262,4095,0,624,0,0,0
31.8,58.9,2277,4095,0,627,0,0,0
31.8,58.9,2139,4095,0,624,0,0,0
31.8,58.9,2325,4095,0,629,0,0,0
31.8,58.9,2222,4095,0,629,0,0,0
31.8,58.8,2239,4095,0,624,0,0,0
31.8,58.8,2187,4095,0,625,0,0,0
31.8,58.8,2336,4095,0,624,0,0,0
31.8,58.8,2169,4095,0,626,0,0,0
31.8,58.8,2186,4095,0,626,0,0,0
31.8,58.8,2225,4095,0,624,0,0,0
31.8,58.8,2319,4095,0,626,0,0,0
31.8,58.8,2147,4095,0,625,0,0,0
31.8,58.7,2151,4095,0,625,0,0,0
31.8,58.7,2283,4095,0,624,0,0,0
31.8,58.7,2299,4095,0,624,0,0,0
31.8,58.7,2178,4095,0,625,0,0,0
31.8,58.8,2162,4095,0,629,0,0,0
31.8,58.8,2335,4095,0,626,0,0,0
31.8,58.8,2242,4095,0,625,0,0,0
31.8,58.8,2215,4095,0,623,0,0,0
31.8,58.8,2203,4095,0,630,0,0,0
31.8,58.8,2353,4095,0,627,0,0,0
31.8,58.8,2175,4095,0,629,0,0,0
31.8,58.8,2271,4095,0,626,0,0,0
31.8,58.8,2258,4095,0,624,0,0,0
31.8,58.8,2320,4095,0,624,0,0,0
31.8,58.8,2161,4095,0,627,0,0,0
31.8,58.8,2326,4095,0,622,0,0,0
31.8,58.7,2320,4095,0,627,0,0,0
31.8,58.7,2256,4095,0,627,0,0,0
31.8,58.7,2199,4095,0,626,0,0,0
31.8,58.7,2353,4095,0,624,0,0,0
31.8,58.7,2352,4095,0,624,0,0,0
31.8,58.7,2188,4095,0,625,0,0,0
31.8,58.7,2258,4095,0,626,0,0,0
31.8,58.7,2313,4095,0,626,0,0,0
31.8,58.7,2331,4095,0,624,0,0,0
31.8,58.7,2160,4095,0,624,0,0,0
31.8,58.7,2310,4095,0,624,0,0,0
31.8,58.7,2271,4095,0,625,0,0,0
31.8,58.6,2288,4095,0,630,0,0,0
31.8,58.6,2180,4095,0,625,0,0,0
31.8,58.6,2329,4095,0,626,0,0,0
31.8,58.6,2208,4095,0,625,0,0,0
31.8,58.6,2225,4095,0,638,0,0,0
31.8,58.6,2223,4095,0,628,0,0,0
31.8,58.6,2346,4095,0,626,0,0,0
31.8,58.6,2155,4095,0,622,0,0,0
31.8,58.6,2159,4095,0,625,0,0,0
31.8,58.6,2245,4095,0,627,0,0,0
31.8,58.6,2289,4095,0,734,0,0,0
31.8,58.6,2161,4095,0,624,0,0,0
31.8,58.6,2159,4095,0,630,0,0,0
31.8,58.6,2335,4095,0,625,0,0,0
31.8,58.6,2214,4095,0,624,0,0,0
31.8,58.6,2213,4095,0,627,0,0,0
31.8,58.6,2204,4095,0,637,0,0,0
31.8,58.6,2335,4095,0,624,0,0,0
31.8,58.6,2146,4095,0,628,0,0,0
31.8,58.6,2288,4095,0,626,0,0,0
31.8,58.6,2282,4095,0,630,0,0,0
31.8,58.6,2274,4095,0,624,0,0,0
31.8,58.6,2176,4095,0,625,0,0,0
31.8,58.6,2345,4095,0,626,0,0,0
31.8,58.6,2346,4095,0,624,0,0,0
31.8,58.6,2192,4095,0,627,0,0,0
31.8,58.6,2251,4095,0,624,0,0,0
31.8,58.6,2311,4095,0,622,0,0,0
31.8,58.6,2320,4095,0,628,0,0,0
31.8,58.6,2173,4095,0,623,0,0,0
31.8,58.6,2320,4095,0,624,0,0,0
31.8,58.6,2231,4095,0,624,0,0,0
31.8,58.5,2242,4095,0,625,0,0,0
31.8,58.5,2199,4095,0,624,0,0,0
31.8,58.5,2337,4095,0,624,0,0,0
31.8,58.5,2157,4095,0,618,0,0,0
31.8,58.5,2151,4095,0,624,0,0,0
31.8,58.5,2274,4095,0,626,0,0,0
31.8,58.5,2288,4095,0,622,0,0,0
31.8,58.5,2165,4095,0,623,0,0,0
31.8,58.5,2157,4095,0,685,0,0,0
31.8,58.5,2346,4095,0,624,0,0,0
31.8,58.5,2211,4095,0,629,0,0,0
31.8,58.5,2224,4095,0,624,0,0,0
31.8,58.5,2209,4095,0,624,0,0,0
31.8,58.5,2334,4095,0,623,0,0,0
31.8,58.5,2089,4095,0,627,0,0,0
31.8,58.5,1136,4095,0,624,0,0,1
31.8,58.5,336,4095,0,626,0,0,1
31.8,58.5,481,4095,0,654,0,0,1
31.8,58.5,2176,4095,0,642,0,0,0
31.8,58.5,2350,4095,0,643,0,0,0
31.8,58.5,2331,4095,0,626,0,0,0
31.8,58.5,2211,4095,0,625,0,0,0
31.8,58.5,2229,4095,0,623,0,0,0
31.8,58.5,2338,4095,0,625,0,0,0
31.8,58.6,2332,4095,0,626,0,0,0
31.8,58.6,2157,4095,0,624,0,0,0
31.8,58.6,2303,4095,0,625,0,0,0
31.8,58.6,2283,4095,0,621,0,0,0
31.8,58.7,2288,4095,0,624,0,0,0
31.8,58.7,2185,4095,0,625,0,0,0
31.8,58.7,2352,4095,0,625,0,0,0
31.8,58.7,2195,4095,0,624,0,0,0
31.8,58.8,2198,4095,0,624,0,0,0
31.8,58.8,2249,4095,0,624,0,0,0
31.8,58.8,2333,4095,0,625,0,0,0
31.8,58.8,2156,4095,0,624,0,0,0
31.8,58.9,2158,4095,0,625,0,0,0
31.8,58.9,2320,4095,0,624,0,0,0
31.8,58.9,2255,4095,0,624,0,0,0
31.8,58.9,2211,4095,0,623,0,0,0
31.8,58.8,2203,4095,0,628,0,0,0
31.8,58.8,2355,4095,0,625,0,0,0
31.8,58.8,2176,4095,0,622,0,0,0
31.8,58.8,2288,4095,0,624,0,0,0
31.8,58.8,2277,4095,0,629,0,0,0
31.8,58.8,2309,4095,0,622,0,0,0
31.8,58.8,2176,4095,0,627,0,0,0
31.8,58.8,2353,4095,0,623,0,0,0
31.8,58.8,2358,4095,0,624,0,0,0
31.8,58.8,2240,4095,0,624,0,0,0
31.8,58.8,2230,4095,0,625,0,0,0
31.8,58.8,2352,4095,0,624,0,0,0
31.8,58.8,2352,4095,0,625,0,0,0
31.8,58.8,2170,4095,0,625,0,0,0
31.8,58.8,2305,4095,0,786,0,0,0
31.8,58.8,2294,4095,0,624,0,0,0
31.8,58.9,2295,4095,0,626,0,0,0
31.8,58.9,2190,4095,0,625,0,0,0
31.8,58.9,2365,4095,0,631,0,0,0
31.8,58.9,2205,4095,0,625,0,0,0
31.8,59.0,2204,4095,0,628,0,0,0
31.8,59.0,2262,4095,0,624,0,0,0
31.8,59.0,2331,4095,0,624,0,0,0
31.8,59.0,2173,4095,0,624,0,0,0
31.8,59.0,2174,4095,0,608,0,0,0
31.8,59.0,2365,4095,0,626,0,0,0
31.8,59.0,2230,4095,0,629,0,0,0
31.8,59.0,2237,4095,0,625,0,0,0
31.8,58.9,2235,4095,0,627,0,0,0
31.8,58.9,2352,4095,0,622,0,0,0
31.8,58.9,2167,4095,0,626,0,0,0
31.8,58.9,2320,4095,0,626,0,0,0
31.8,58.9,2317,4095,0,624,0,0,0
31.8,58.9,2268,4095,0,624,0,0,0
31.8,58.9,2192,4095,0,624,0,0,0
31.8,58.9,2361,4095,0,624,0,0,0
31.9,58.9,2359,4095,0,627,0,0,0
31.9,58.9,2181,4095,0,615,0,0,0
31.9,58.9,2291,4095,0,624,0,0,0
31.9,58.9,2308,4095,0,624,0,0,0
31.8,58.8,2309,4095,0,629,0,0,0
31.8,58.8,2183,4095,0,626,0,0,0
31.8,58.8,2352,4095,0,624,0,0,0
31.8,58.8,2209,4095,0,623,0,0,0
31.9,58.8,2210,4095,0,625,0,0,0
31.9,58.8,2241,4095,0,627,0,0,0
31.9,58.8,2326,4095,0,624,0,0,0
31.9,58.8,2163,4095,0,621,0,0,0
31.9,58.8,2151,4095,0,630,0,0,0
31.9,58.8,2330,4095,0,624,0,0,0
31.9,58.8,2242,4095,0,634,0,0,0
31.9,58.8,2219,3982,0,595,0,0,0
31.8,58.8,2195,4095,0,627,0,0,0
31.8,58.8,2330,4095,0,624,0,0,0
31.8,58.8,2147,4095,0,623,0,0,0
31.8,58.8,2267,4095,0,624,0,0,0
31.9,58.9,2272,4095,0,635,0,0,0
31.9,58.9,2270,4095,0,624,0,0,0
31.9,58.9,2149,4095,0,629,0,0,0
31.9,58.9,2319,4095,0,624,0,0,0
31.8,58.9,2318,4095,0,625,0,0,0
31.8,58.9,2192,4095,0,637,0,0,0
31.8,58.9,2204,4095,0,619,0,0,0
31.8,58.9,2311,4095,0,621,0,0,0
31.9,58.8,2315,4095,0,624,0,0,0
31.9,58.8,2147,4095,0,624,0,0,0
31.9,58.8,2267,4095,0,625,0,0,0
31.9,58.8,2254,4095,0,624,0,0,0
31.9,58.7,2267,4095,0,627,0,0,0
31.9,58.7,2160,4095,0,623,0,0,0
31.9,58.7,2327,4095,0,740,0,0,0
31.9,58.7,2189,4095,0,624,0,0,0
31.9,58.7,2192,4095,0,626,0,0,0
31.9,58.7,2217,4095,0,624,0,0,0
31.9,58.7,2324,4095,0,624,0,0,0
31.9,58.7,2145,4095,0,619,0,0,0
31.9,58.7,2142,4095,0,624,0,0,0
31.9,58.7,2282,4095,0,621,0,0,0
31.9,58.7,2259,4095,0,624,0,0,0
31.9,58.7,2162,4095,0,621,0,0,0
31.8,58.8,2157,4095,0,624,0,0,0
31.8,58.8,2322,4095,0,637,0,0,0
31.8,58.8,2189,4095,0,624,0,0,0
31.8,58.8,2227,4095,0,624,0,0,0
31.9,58.7,2219,4095,0,627,0,0,0
31.9,58.7,2318,4095,0,623,0,0,0
31.9,58.7,2134,4095,0,624,0,0,0
31.9,58.7,2281,4095,0,623,0,0,0
31.9,58.7,2284,4095,0,621,0,0,0
31.9,58.7,2263,4095,0,622,0,0,0
31.9,58.7,2165,4095,0,624,0,0,0
31.9,58.7,2337,4095,0,624,0,0,0
31.8,58.6,2353,4095,0,624,0,0,0
31.8,58.6,2203,4095,0,624,0,0,0
31.8,58.6,2226,4095,0,625,0,0,0
31.8,58.6,2338,4095,0,623,0,0,0
31.8,58.6,2350,4095,0,605,0,0,0
31.8,58.6,2163,4095,0,623,0,0,0
31.8,58.6,2305,4095,0,624,0,0,0
31.8,58.6,2288,4095,0,624,0,0,0
31.9,58.7,2294,4095,0,625,0,0,0
31.9,58.7,2180,4095,0,624,0,0,0
31.9,58.7,2352,4095,0,617,0,0,0
31.9,58.7,2206,4095,0,626,0,0,0
31.8,58.9,2211,4095,0,624,0,0,0
31.8,58.9,2241,4095,0,635,0,0,0
31.8,58.9,2336,4095,0,624,0,0,0
31.8,58.9,2150,4095,0,621,0,0,0
31.9,58.9,2158,4095,0,626,0,0,0
31.9,58.9,2310,4095,0,624,0,0,0
31.9,58.9,2264,4095,0,624,0,0,0
31.9,58.9,2192,4095,0,624,0,0,0
31.8,58.8,2191,4095,0,623,0,0,0
31.8,58.8,2354,4095,0,624,0,0,0
31.8,58.8,2177,4095,0,623,0,0,0
31.8,58.8,2274,4095,0,628,0,0,0
31.9,58.9,2271,4095,0,624,0,0,0
31.9,58.9,2307,4095,0,624,0,0,0
31.9,58.9,2145,4095,0,622,0,0,0
31.9,58.9,2321,4095,0,623,0,0,0
31.8,59.0,2320,4095,0,625,0,0,0
31.8,59.0,2196,4095,0,626,0,0,0
31.8,59.0,2218,4095,0,621,0,0,0
31.8,59.0,2317,4095,0,619,0,0,0
31.8,59.0,2317,4095,0,625,0,0,0
31.8,59.0,2134,4095,0,625,0,0,0
31.8,59.0,2302,4095,0,623,0,0,0
31.8,59.0,2236,4095,0,619,0,0,0
31.9,58.9,2229,4095,0,625,0,0,0
31.9,58.9,2192,4095,0,621,0,0,0
31.9,58.9,2344,4095,0,625,0,0,0
31.9,58.9,2159,4095,0,624,0,0,0
31.9,58.9,2159,4095,0,626,0,0,0
31.9,58.9,2274,4095,0,622,0,0,0
31.9,58.9,2291,4095,0,623,0,0,0
31.9,58.9,2170,4095,0,624,0,0,0
31.9,58.9,2170,4095,0,624,0,0,0
31.9,58.9,2342,4095,0,623,0,0,0
31.9,58.9,2205,4095,0,622,0,0,0
31.9,58.9,2224,4095,0,625,0,0,0
31.8,58.9,2203,4095,0,628,0,0,0
31.8,58.9,2311,4095,0,627,0,0,0
31.8,58.9,2128,4095,0,616,0,0,0
31.8,58.9,2244,4095,0,835,0,0,0
31.8,58.8,2250,4095,0,624,0,0,0
31.8,58.8,2271,4095,0,624,0,0,0
31.8,58.8,2128,4095,0,619,0,0,0
31.8,58.8,2301,4095,0,622,0,0,0
31.9,58.7,2283,4095,0,625,0,0,0
31.9,58.7,2224,4095,0,624,0,0,0
31.9,58.7,2160,4095,0,624,0,0,0
31.9,58.7,2321,4095,0,621,0,0,0
31.9,58.8,2318,4095,0,625,0,0,0
31.9,58.8,2196,4095,0,624,0,0,0
31.9,58.8,2183,4095,0,624,0,0,0
31.9,58.8,2318,4095,0,602,0,0,0
31.9,58.7,2320,4095,0,624,0,0,0
31.9,58.7,2161,4095,0,624,0,0,0
31.9,58.7,2210,4095,0,623,0,0,0
31.9,58.7,2307,4095,0,624,0,0,0
31.9,58.7,2315,4095,0,625,0,0,0
31.9,58.7,2140,4095,0,634,0,0,0
31.9,58.7,2236,4095,0,624,0,0,0
31.9,58.7,2291,4095,0,623,0,0,0
31.9,58.7,2308,4095,0,624,0,0,0
31.9,58.7,2130,4095,0,624,0,0,0
31.9,58.7,2273,4095,0,623,0,0,0
31.9,58.7,2254,4095,0,623,0,0,0
31.9,58.7,2266,4095,0,624,0,0,0
31.9,58.7,2129,4095,0,624,0,0,0
31.9,58.7,2320,4095,0,624,0,0,0
31.9,58.7,2211,4095,0,624,0,0,0
31.9,58.7,2222,4095,0,624,0,0,0
31.9,58.7,2179,4095,0,627,0,0,0
31.9,58.7,2331,4095,0,624,0,0,0
31.9,58.7,2155,4095,0,624,0,0,0
31.9,58.6,2162,4095,0,624,0,0,0
31.9,58.6,2246,4095,0,625,0,0,0
31.9,58.6,2291,4095,0,624,0,0,0
31.9,58.6,2149,4095,0,625,0,0,0
31.9,58.7,2143,4095,0,624,0,0,0
31.9,58.7,2317,4095,0,628,0,0,0
31.9,58.7,2217,4095,0,625,0,0,0
31.9,58.7,2202,4095,0,623,0,0,0
31.8,58.7,2193,4095,0,624,0,0,0
31.8,58.7,2321,4095,0,625,0,0,0
31.8,58.7,2133,4095,0,621,0,0,0
31.8,58.7,2282,4095,0,624,0,0,0
31.9,58.7,2278,4095,0,624,0,0,0
31.9,58.7,2252,4095,0,621,0,0,0
31.9,58.7,2163,4095,0,673,0,0,0
31.9,58.7,2329,4095,0,627,0,0,0
31.9,58.9,2327,4095,0,624,0,0,0
31.9,58.9,2169,4095,0,624,0,0,0
31.9,58.9,2234,4095,0,624,0,0,0
31.9,58.9,2300,4095,0,624,0,0,0
31.9,58.8,2304,4095,0,624,0,0,0
31.9,58.8,2135,4095,0,623,0,0,0
31.9,58.8,2305,4095,0,624,0,0,0
31.9,58.8,2221,4095,0,624,0,0,0
31.9,58.8,2228,4095,0,634,0,0,0
31.9,58.8,2182,4095,0,622,0,0,0
31.9,58.8,2330,4095,0,624,0,0,0
31.9,58.8,2145,4095,0,624,0,0,0
31.9,58.7,2150,4095,0,624,0,0,0
31.9,58.7,2245,4095,0,626,0,0,0
31.9,58.7,2289,4095,0,623,0,0,0
31.9,58.7,2145,4095,0,624,0,0,0
31.9,58.7,2139,4095,0,624,0,0,0
31.9,58.7,2302,4095,0,619,0,0,0
31.9,58.7,2217,4095,0,623,0,0,0
31.9,58.7,2202,4095,0,627,0,0,0
31.9,58.7,2190,4095,0,623,0,0,0
31.9,58.7,2329,4095,0,624,0,0,0
31.9,58.7,2144,4095,0,623,0,0,0
31.9,58.7,2258,4095,0,625,0,0,0
31.9,58.7,2255,4095,0,624,0,0,0
31.9,58.7,2286,4095,0,624,0,0,0
31.9,58.7,2138,4095,0,633,0,0,0
31.9,58.7,2320,4095,0,622,0,0,0
31.9,58.6,2315,4095,0,623,0,0,0
31.9,58.6,2205,4095,0,624,0,0,0
31.9,58.6,2199,4095,0,624,0,0,0
31.9,58.6,2320,4095,0,623,0,0,0
31.9,58.6,2321,4095,0,622,0,0,0
31.9,58.6,2138,4095,0,624,0,0,0
31.9,58.6,2279,4095,0,624,0,0,0
31.9,58.6,2256,4095,0,624,0,0,0
31.9,58.6,2262,4095,0,625,0,0,0
31.9,58.6,2160,4095,0,531,0,0,0
31.9,58.6,2321,4095,0,617,0,0,0
31.9,58.6,2160,4095,0,650,0,0,0
32.0,58.6,2177,4095,0,629,0,0,0
32.0,58.6,2240,4095,0,624,0,0,0
32.0,58.6,2290,4095,0,621,0,0,0
32.0,58.6,2147,4095,0,622,0,0,0
31.9,58.6,2142,4095,0,624,0,0,0
31.9,58.6,2320,4095,0,624,0,0,0
31.9,58.6,2191,4095,0,623,0,0,0
31.9,58.6,2218,4095,0,624,0,0,0
31.9,58.5,2213,4095,0,624,0,0,0
31.9,58.5,2306,4095,0,624,0,0,0
31.9,58.5,2131,4095,0,603,0,0,0
31.9,58.5,2297,4095,0,624,0,0,0
31.9,58.6,2295,4095,0,624,0,0,0
31.9,58.6,2224,4095,0,623,0,0,0
31.9,58.6,2193,4095,0,625,0,0,0
31.9,58.6,2320,4095,0,619,0,0,0
31.9,58.6,2321,4095,0,624,0,0,0
31.9,58.6,2139,4095,0,623,0,0,0
31.9,58.6,2278,4095,0,623,0,0,0
31.9,58.6,2237,4095,0,545,0,0,0
31.9,58.7,2243,4095,0,624,0,0,0
31.9,58.7,2178,4095,0,622,0,0,0
31.9,58.7,2333,4095,0,621,0,0,0
31.9,58.7,2147,4095,0,621,0,0,0
32.0,58.6,2151,4095,0,623,0,0,0
32.0,58.6,2269,4095,0,624,0,0,0
32.0,58.6,2262,4095,0,625,0,0,0
32.0,58.6,2169,4095,0,624,0,0,0
31.9,58.5,2162,4095,0,624,0,0,0
31.9,58.5,2331,4095,0,621,0,0,0
31.9,58.5,2161,4095,0,624,0,0,0
31.9,58.5,2256,4095,0,622,0,0,0
31.9,58.5,2253,4095,0,624,0,0,0
31.9,58.5,2301,4095,0,624,0,0,0
31.9,58.5,2153,4095,0,634,0,0,0
31.9,58.5,2331,4095,0,624,0,0,0
31.9,58.6,2325,4095,0,624,0,0,0
31.9,58.6,2192,4095,0,623,0,0,0
31.9,58.6,2221,4095,0,624,0,0,0
31.9,58.6,2310,4095,0,624,0,0,0
31.9,58.6,2319,4095,0,624,0,0,0
31.9,58.6,2138,4095,0,617,0,0,0
31.9,58.6,2304,4095,0,624,0,0,0
31.9,58.6,2237,4095,0,626,0,0,0
31.9,58.6,2245,4095,0,623,0,0,0
31.9,58.6,2186,4095,0,624,0,0,0
31.9,58.6,2337,4095,0,624,0,0,0
31.9,58.6,2157,4095,0,621,0,0,0
31.9,58.5,2162,4095,0,623,0,0,0
31.9,58.5,2257,4095,0,618,0,0,0
31.9,58.5,2299,4095,0,617,0,0,0
31.9,58.5,2150,4095,0,615,0,0,0
31.9,58.5,2149,4095,0,623,0,0,0
31.9,58.5,2320,4095,0,615,0,0,0
31.9,58.5,2224,4095,0,613,0,0,0
31.9,58.5,2195,4095,0,619,0,0,0
31.9,58.5,2192,4095,0,603,0,0,0
31.9,58.5,2335,4095,0,619,0,0,0
31.9,58.5,2148,4095,0,618,0,0,0
31.9,58.5,2250,4095,0,619,0,0,0
31.9,58.4,2239,4095,0,620,0,0,0
31.9,58.4,2301,4095,0,620,0,0,0
31.9,58.4,2154,4095,0,623,0,0,0
31.9,58.4,2319,4095,0,611,0,0,0
31.9,58.4,2304,4095,0,622,0,0,0
31.9,58.4,2233,4095,0,615,0,0,0
31.9,58.4,2185,4095,0,621,0,0,0
31.9,58.4,2335,4095,0,622,0,0,0
31.9,58.4,2335,4095,0,625,0,0,0
31.9,58.4,2167,4095,0,622,0,0,0
31.9,58.4,2244,4095,0,614,0,0,0
31.9,58.4,2299,4095,0,621,0,0,0
31.9,58.6,2307,4095,0,621,0,0,0
31.9,58.6,2122,4095,0,623,0,0,0
31.9,58.6,2301,4095,0,672,0,0,0
31.9,58.6,2237,4095,0,618,0,0,0
31.9,58.7,2242,4095,0,617,0,0,0
31.9,58.7,2171,4095,0,619,0,0,0
31.9,58.7,2336,4095,0,624,0,0,0
31.9,58.7,2175,4095,0,619,0,0,0
31.9,58.7,2169,4095,0,621,0,0,0
31.9,58.7,2235,4095,0,621,0,0,0
31.9,58.7,2309,4095,0,624,0,0,0
31.9,58.7,2144,4095,0,560,0,0,0
31.9,58.7,2147,4095,0,623,0,0,0
31.9,58.7,2293,4095,0,624,0,0,0
31.9,58.7,2259,4095,0,617,0,0,0
31.9,58.7,2169,4095,0,620,0,0,0
31.9,58.7,2160,4095,0,624,0,0,0
31.9,58.7,2327,4095,0,624,0,0,0
31.9,58.7,2190,4095,0,619,0,0,0
31.9,58.7,2211,4095,0,624,0,0,0
31.9,58.7,2202,4095,0,624,0,0,0
31.9,58.7,2323,4095,0,624,0,0,0
31.9,58.7,2142,4095,0,621,0,0,0
31.9,58.7,2267,4095,0,624,0,0,0
32.0,58.7,2247,4095,0,623,0,0,0
32.0,58.7,2293,4095,0,621,0,0,0
32.0,58.7,2145,4095,0,619,0,0,0
32.0,58.7,2319,4095,0,623,0,0,0
32.0,58.9,2290,4095,0,623,0,0,0
32.0,58.9,2224,4095,0,623,0,0,0
32.0,58.9,2187,4095,0,623,0,0,0
32.0,58.9,2332,4095,0,623,0,0,0
31.9,58.9,2331,4095,0,622,0,0,0
31.9,58.9,2158,4095,0,623,0,0,0
31.9,58.9,2244,4095,0,624,0,0,0
31.9,58.9,2292,4095,0,659,0,0,0
32.0,58.9,2307,4095,0,621,0,0,0
32.0,58.9,2142,4095,0,607,0,0,0
32.0,58.9,2311,4095,0,622,0,0,0
32.0,58.9,2218,4095,0,618,0,0,0
32.0,58.9,2240,4095,0,623,0,0,0
32.0,58.9,2192,4095,0,620,0,0,0
32.0,58.9,2327,4095,0,623,0,0,0
32.0,58.9,2142,4095,0,622,0,0,0
32.0,58.8,2149,4095,0,620,0,0,0
32.0,58.8,2263,4095,0,619,0,0,0
32.0,58.8,2273,4095,0,619,0,0,0
32.0,58.8,2160,4095,0,621,0,0,0
32.0,58.8,2174,4095,0,617,0,0,0
32.0,58.8,2323,4095,0,614,0,0,0
32.0,58.8,2192,4095,0,631,0,0,0
32.0,58.8,2234,4095,0,610,0,0,0
32.0,58.7,2217,4095,0,619,0,0,0
32.0,58.7,2320,4095,0,603,0,0,0
32.0,58.7,2141,4095,0,604,0,0,0
32.0,58.7,2305,4095,0,610,0,0,0
32.0,58.6,2290,4095,0,599,0,0,0
32.0,58.6,2245,4095,0,599,0,0,0
32.0,58.6,2186,4095,0,598,0,0,0
32.0,58.6,2340,4095,0,601,0,0,0
32.0,58.4,2339,4095,0,597,0,0,0
32.0,58.4,2175,4095,0,603,0,0,0
32.0,58.4,2256,4095,0,618,0,0,0
32.0,58.4,2291,4095,0,606,0,0,0
32.0,58.3,2295,4095,0,609,0,0,0
32.0,58.3,2143,4095,0,605,0,0,0
32.0,58.3,2314,4095,0,607,0,0,0
32.0,58.3,2218,4095,0,614,0,0,0
32.0,58.3,2235,4095,0,608,0,0,0
32.0,58.3,2176,4095,0,609,0,0,0
32.0,58.3,2319,4095,0,610,0,0,0
32.0,58.3,2146,4095,0,613,0,0,0
32.0,58.3,2165,4095,0,657,0,0,0
32.0,58.3,2254,4095,0,622,0,0,0
32.0,58.3,2293,4095,0,611,0,0,0
32.0,58.3,2143,4095,0,615,0,0,0
32.0,58.4,2134,4095,0,614,0,0,0
32.0,58.4,2306,4095,0,615,0,0,0
32.0,58.4,2222,4095,0,614,0,0,0
32.0,58.4,2183,4095,0,593,0,0,0
32.0,58.4,2167,4095,0,615,0,0,0
32.0,58.4,2327,4095,0,615,0,0,0
32.0,58.4,2153,4095,0,618,0,0,0
32.0,58.4,2246,4095,0,618,0,0,0
32.0,58.5,2224,4095,0,614,0,0,0
32.0,58.5,2298,4095,0,620,0,0,0
32.0,58.5,2138,4095,0,617,0,0,0
32.0,58.5,2303,4095,0,609,0,0,0
32.0,58.5,2285,4095,0,618,0,0,0
32.0,58.5,2242,4095,0,621,0,0,0
32.0,58.5,2161,4095,0,613,0,0,0
32.0,58.5,2335,4095,0,615,0,0,0
32.0,58.4,2329,4095,0,619,0,0,0
32.0,58.4,2182,4095,0,621,0,0,0
32.0,58.4,2224,4095,0,617,0,0,0
32.0,58.4,2319,4095,0,617,0,0,0
32.0,58.5,2327,4095,0,624,0,0,0
32.0,58.5,2140,4095,0,617,0,0,0
32.0,58.5,2266,4095,0,616,0,0,0
32.0,58.5,2279,4095,0,619,0,0,0
32.0,58.6,2299,4095,0,620,0,0,0
32.0,58.6,2138,4095,0,615,0,0,0
32.0,58.6,2304,4095,0,624,0,0,0
32.0,58.6,2227,4095,0,622,0,0,0
32.0,58.6,2253,4095,0,622,0,0,0
32.0,58.6,2165,4095,0,624,0,0,0
32.0,58.6,2329,4095,0,618,0,0,0
32.0,58.6,2173,4095,0,619,0,0,0
32.0,58.6,2196,4095,0,619,0,0,0
32.0,58.6,2219,4095,0,603,0,0,0
32.0,58.6,2302,4095,0,619,0,0,0
32.0,58.6,2118,4095,0,595,0,0,0
32.0,58.6,2129,4095,0,619,0,0,0
32.0,58.6,2273,4095,0,615,0,0,0
32.0,58.6,2262,4095,0,622,0,0,0
32.0,58.6,2163,4095,0,619,0,0,0
32.0,58.5,2144,4095,0,622,0,0,0
32.0,58.5,2325,4095,0,618,0,0,0
32.0,58.5,2185,4095,0,610,0,0,0
32.0,58.5,2223,4095,0,621,0,0,0
32.0,58.5,2199,4095,0,646,0,0,0
32.0,58.5,2315,4095,0,624,0,0,0
32.0,58.5,2135,4095,0,622,0,0,0
32.0,58.5,2295,4095,0,613,0,0,0
32.0,58.5,2277,4095,0,624,0,0,0
32.0,58.5,2241,4095,0,621,0,0,0
32.0,58.5,2176,4095,0,627,0,0,0
32.0,58.5,2330,4095,0,611,0,0,0
32.0,58.4,2326,4095,0,624,0,0,0
32.0,58.4,2157,4095,0,621,0,0,0
32.0,58.4,2235,4095,0,615,0,0,0
32.0,58.4,2275,4095,0,622,0,0,0
32.0,58.5,2304,4095,0,622,0,0,0
32.0,58.5,2144,4095,0,621,0,0,0
32.0,58.5,2316,4095,0,624,0,0,0
32.0,58.5,2208,4095,0,621,0,0,0
32.0,58.5,2226,4095,0,592,0,0,0
32.0,58.5,2192,4095,0,624,0,0,0
32.0,58.5,2323,4095,0,618,0,0,0
32.0,58.5,2135,4095,0,624,0,0,0
32.1,58.5,2144,4095,0,624,0,0,0
32.1,58.5,2278,4095,0,621,0,0,0
32.1,58.5,2265,4095,0,619,0,0,0
32.1,58.5,2161,4095,0,674,0,0,0
32.0,58.5,2149,4095,0,621,0,0,0
32.0,58.5,2325,4095,0,618,0,0,0
32.0,58.5,2176,4095,0,621,0,0,0
32.0,58.5,2224,4095,0,617,0,0,0
32.1,58.5,2211,4095,0,623,0,0,0
32.1,58.5,2303,4095,0,623,0,0,0
32.1,58.5,2128,4095,0,621,0,0,0
32.1,58.5,2283,4095,0,619,0,0,0
32.1,58.5,2283,4095,0,621,0,0,0
32.1,58.5,2246,4095,0,623,0,0,0
32.1,58.5,2172,4095,0,615,0,0,0
32.1,58.5,2331,4095,0,621,0,0,0
32.1,58.5,2333,4095,0,620,0,0,0
32.1,58.5,2170,4095,0,620,0,0,0
32.1,58.5,2228,4095,0,613,0,0,0
32.1,58.5,2307,4095,0,589,0,0,0
32.1,58.5,2320,4095,0,557,0,0,0
32.1,58.5,2132,4095,0,617,0,0,0
32.1,58.5,2282,4095,0,621,0,0,0
32.1,58.5,2257,4095,0,606,0,0,0
32.1,58.5,2277,4095,0,623,0,0,0
32.1,58.5,2143,4095,0,614,0,0,0
32.1,58.5,2315,4095,0,618,0,0,0
32.1,58.5,2207,4095,0,623,0,0,0
32.1,58.4,2240,4095,0,618,0,0,0
32.1,58.4,2176,4095,0,618,0,0,0
32.1,58.4,2329,4095,0,615,0,0,0
32.1,58.4,2160,4095,0,611,0,0,0
32.1,58.3,2189,4095,0,618,0,0,0
32.1,58.3,2214,4095,0,621,0,0,0
32.1,58.3,2323,4095,0,615,0,0,0
32.1,58.3,2142,4095,0,621,0,0,0
32.1,58.2,2166,4095,0,621,0,0,0
32.1,58.2,2237,4095,0,617,0,0,0
32.1,58.2,2305,4095,0,618,0,0,0
32.1,58.2,2135,4095,0,623,0,0,0
32.1,58.2,2143,4095,0,618,0,0,0
32.1,58.2,2260,4095,0,618,0,0,0
32.1,58.2,2290,4095,0,619,0,0,0
32.1,58.2,2142,4095,0,622,0,0,0
32.1,58.3,2135,4095,0,617,0,0,0
32.1,58.3,2288,4095,0,615,0,0,0
32.1,58.3,2263,4095,0,619,0,0,0
32.1,58.3,2148,4095,0,618,0,0,0
32.1,58.4,2138,4095,0,574,0,0,0
32.1,58.4,2304,4095,0,615,0,0,0
32.1,58.4,2247,4095,0,629,0,0,0
32.1,58.4,2159,4095,0,619,0,0,0
32.1,58.5,2133,4095,0,624,0,0,0
32.1,58.5,2320,4095,0,619,0,0,0
32.1,58.5,2224,4095,0,618,0,0,0
32.1,58.5,2176,4095,0,624,0,0,0
32.1,58.6,2157,4095,0,640,0,0,0
32.1,58.6,2326,4095,0,615,0,0,0
32.1,58.6,2203,4095,0,617,0,0,0
32.1,58.6,2192,4095,0,618,0,0,0
32.1,58.6,2170,4095,0,620,0,0,0
32.1,58.6,2335,4095,0,615,0,0,0
32.1,58.6,2187,4095,0,623,0,0,0
32.1,58.6,2207,4095,0,613,0,0,0
32.1,58.5,2181,4095,0,619,0,0,0
32.1,58.5,2329,4095,0,619,0,0,0
32.1,58.5,2161,4095,0,623,0,0,0
32.1,58.5,2229,4095,0,611,0,0,0
32.1,58.5,2193,4095,0,620,0,0,0
32.1,58.5,2321,4095,0,617,0,0,0
32.1,58.5,2119,4095,0,622,0,0,0
32.1,58.5,2242,4095,0,627,0,0,0
